jobId,employerId,employerName,employerProfileId,employerProfileName,jobTitle,locationName,minimumSalary,maximumSalary,currency,expirationDate,date,jobDescription,applications,jobUrl
55498827,675821, AJR Management Ltd,,,Data Analyst,DE130AT,27070.0,27070.0,GBP,09/09/2025,29/07/2025,"Join a growing team in a dynamic environment! We’re looking for a meticulous and driven Data Analyst to help power carbon reporting accuracy and support business improvements. Data Analyst Buton Upon Trent, DE13 0AT Full time, permanent (Monday – Friday, 9am-5pm) 27,070 per annum Please Note: Applicants must be authorised to work in the UK AJR Management is a leading provider of carbon reporting services, helping businesses reduce their environm... ",163,https://www.reed.co.uk/jobs/data-analyst/55498827
55472028,422355,McCormick UK Limited,,,Data Analyst,Peterborough,,,,04/09/2025,24/07/2025,"Data Analyst Peterborough, UK This role supports the operational performance of the production plant by delivering actionable insights, streamlining data processes, and enabling data-driven decision-making across manufacturing, quality, maintenance, and continuous improvement functions. MAIN RESPONSIBILITIES: Monitor and analyze key operational metrics (e.g., OEE, downtime, scrap rates, throughput) to identify trends and improvement opportunitie... ",88,https://www.reed.co.uk/jobs/data-analyst/55472028
54606079,510736,Sagacity ,,,Data Analyst,EC1N2TD,,,,12/09/2025,07/03/2025,"Principal responsibilities will involve: Turn large quantities of complex client data into insights which can be used to inform decision making and drive business benefit Are quick to identify incomplete and diverse data sets, pin pointing data issues which may affect the accuracy and completeness of any analysis performed Recognise the importance and value of understanding the data they are analysing, validating the information provided and rec... ",3557,https://www.reed.co.uk/jobs/data-analyst/54606079
55545639,401475,Mortgage Advice Bureau (MAB),,,Data Analyst,DE248QR,,,,16/09/2025,05/08/2025,"Permanent, Full-time (37.5 hours, Monday to Friday) Hybrid working with 2 days in the office, 3 days working from home Department: Technology and Change Reporting to: Lead BI Developer About the role You will support us in identifying customer profiles and segments, calling on our wealth of first party data to help us really understand customer groups. Understanding these groups and their behaviours across our channels will help us develop and n... ",43,https://www.reed.co.uk/jobs/data-analyst/55545639
55420266,500373,QA,,,AI & Data Analyst Apprentice,B24QA,16000.0,16000.0,GBP,26/08/2025,15/07/2025,"In today’s data-driven world, roles in data analysis—especially those focused on AI and automation—are in high demand.&nbsp; This apprenticeship gives you the skills, support, and confidence to succeed in an exciting career — no experience needed, just ambition.&nbsp;&nbsp; Salary: Approx 16,000 per annum&nbsp; Interested? Apply now! How will my apprenticeship work? Earn while you learn: Over 16 months, working towards a nationally recognised qu... ",83,https://www.reed.co.uk/jobs/ai-data-analyst-apprentice/55420266
55420167,500373,QA,,,AI & Data Analyst Apprentice,NE15DL,16000.0,16000.0,GBP,26/08/2025,15/07/2025,"In today’s data-driven world, roles in data analysis—especially those focused on AI and automation—are in high demand.&nbsp; This apprenticeship gives you the skills, support, and confidence to succeed in an exciting career — no experience needed, just ambition.&nbsp;&nbsp; Salary: Approx 16,000 per annum&nbsp; Interested? Apply now! How will my apprenticeship work? Earn while you learn: Over 16 months, working towards a nationally recognised qu... ",17,https://www.reed.co.uk/jobs/ai-data-analyst-apprentice/55420167
55420143,500373,QA,,,AI & Data Analyst Apprentice,LS14DY,16000.0,16000.0,GBP,26/08/2025,15/07/2025,"In today’s data-driven world, roles in data analysis—especially those focused on AI and automation—are in high demand.&nbsp; This apprenticeship gives you the skills, support, and confidence to succeed in an exciting career — no experience needed, just ambition.&nbsp;&nbsp; Salary: Approx 16,000 per annum&nbsp; Interested? Apply now! How will my apprenticeship work? Earn while you learn: Over 16 months, working towards a nationally recognised qu... ",17,https://www.reed.co.uk/jobs/ai-data-analyst-apprentice/55420143
55420242,500373,QA,,,AI & Data Analyst Apprentice,SW1A1AA,16000.0,16000.0,GBP,26/08/2025,15/07/2025,"In today’s data-driven world, roles in data analysis—especially those focused on AI and automation—are in high demand.&nbsp; This apprenticeship gives you the skills, support, and confidence to succeed in an exciting career — no experience needed, just ambition.&nbsp;&nbsp; Salary: Approx 16,000 per annum&nbsp; Interested? Apply now! How will my apprenticeship work? Earn while you learn: Over 16 months, working towards a nationally recognised qu... ",83,https://www.reed.co.uk/jobs/ai-data-analyst-apprentice/55420242
55420229,500373,QA,,,AI & Data Analyst Apprentice,SL11XW,16000.0,16000.0,GBP,26/08/2025,15/07/2025,"In today’s data-driven world, roles in data analysis—especially those focused on AI and automation—are in high demand.&nbsp; This apprenticeship gives you the skills, support, and confidence to succeed in an exciting career — no experience needed, just ambition.&nbsp;&nbsp; Salary: Approx 16,000 per annum&nbsp; Interested? Apply now! How will my apprenticeship work? Earn while you learn: Over 16 months, working towards a nationally recognised qu... ",33,https://www.reed.co.uk/jobs/ai-data-analyst-apprentice/55420229
55514868,622430,Anglian Home Improvements,,,Junior Data Analyst,NR66JB,25000.0,30000.0,GBP,11/09/2025,31/07/2025,"Junior Data Analyst - Office based role - Norwich, Norfolk We are seeking a motivated and detail-oriented&nbsp; Junior Data Analyst &nbsp;to join our team. This is an excellent opportunity for someone looking to begin or grow their career in data analytics within a supportive and forward-thinking environment. About the Role As a Junior Data Analyst, you will play a key role in transforming raw data into meaningful insights that support strategic... ",73,https://www.reed.co.uk/jobs/junior-data-analyst/55514868
55549881,689211,Unipart,,,Carbon Data Analyst,Nuneaton,30000.0,30000.0,GBP,17/09/2025,06/08/2025,"Carbon Data Analyst Location: Field Based Contract Type: Permanent Hours: Full time Salary: 30,000 per annum Benefit: 30 days holiday, pension, life assurance, employee assistance programme, wellbeing support, and flexible benefits scheme About the Job You’ll have an important part to play enhancing the understanding and facilitating informed decision-making regarding carbon emissions across Unipart and the wider supply chain. You’ll conduct in-... ",10,https://www.reed.co.uk/jobs/carbon-data-analyst/55549881
55105433,510736,Sagacity ,,,Senior Data Analyst,EC1N2TD,,,,12/09/2025,30/05/2025,"As a Senior Data Analyst at Sagacity you will lead analytics for client projects. This means designing the analytical approach, working with the PM to create the project plan, assigning work across the other analysts on the project, coaching delivery and quality assuring the output. As a senior team member, you will also play a part in the coaching and development of other analysts in 121 or group learning environments. Responsibilities: Are exp... ",859,https://www.reed.co.uk/jobs/senior-data-analyst/55105433
55427145,666122,Atom Bank,,,Commercial Data Analyst,NE11AD,40000.0,45000.0,GBP,27/08/2025,16/07/2025,"We’re Atom bank The bank that’s leading the fintech charge! We’re not like the rest. We’re true innovators, and we’re redefining what a bank should be. Ours is a bank for today and the future, a mobile-first bank. Forget the stuffy branches, with Atom you can bank whenever, wherever, faster, and simpler. Could you be the next innovator to join us? What will your 'typical’ day look like? Different that’s for sure…: Atom’s Commercial department is... ",103,https://www.reed.co.uk/jobs/commercial-data-analyst/55427145
55539692,500373,QA,,,Data Analyst Apprentice,GU27YL,20000.0,20000.0,GBP,16/09/2025,05/08/2025,"About Infovista: Since 1995, we have been at the forefront of network transformation, driving the evolution of wireless and wireline networks worldwide. As a trusted partner, we enable communications service providers (CSPs) and enterprises in over 130 countries to unlock the full potential of automation, AI/ML, analytics and cloud. So, they can deliver the networks we all love, ensuring the best quality of experience and service for the end-cli... ",7,https://www.reed.co.uk/jobs/data-analyst-apprentice/55539692
55249121,495572,Aldi,,,National Data & Analytics - Data Analyst,Atherstone,53780.0,61950.0,GBP,18/09/2025,19/06/2025,"We’re looking for proactive, solution-focused analysts to join a multidisciplinary reporting team within the National Data and Analytics (NDA) department. In this role, you will help design, develop, and deliver high-quality national reporting solutions across one or more business areas, working alongside fellow developers, Business Partners, and Engineers to create products that empower decision-making and drive strategic outcomes.&nbsp; You’ll... ",145,https://www.reed.co.uk/jobs/national-data-analytics-data-analyst/55249121
55508795,500373,QA,,,AI & Data Analyst Apprentice,Newcastle Upon Tyne,16000.0,16000.0,GBP,19/08/2025,30/07/2025,"In today’s data-driven world, roles in data analysis—especially those focused on AI and automation—are in high demand. This apprenticeship gives you the skills, support, and confidence to succeed in an exciting career — no experience needed, just ambition. Salary: Approx 16,000 per annum Interested? Apply now! How will my apprenticeship work? Earn while you learn: Over 16 months, working towards a nationally recognised qualification. Get full su... ",13,https://www.reed.co.uk/jobs/ai-data-analyst-apprentice/55508795
55508603,689690,Evlo,,,Senior Data Insight Analyst,SL13SA,0.0,0.0,GBP,30/07/2026,30/07/2025,"Senior Data Insight Analyst – Make a Real Impact With Analytics That Drive Results. Are you passionate about turning data into actionable insights? Looking for an opportunity to develop your data career in a dynamic, growing organisation? We may have the role for you! Evlo is recruiting for a Senior Data Insight Analyst that has collections or credit risk&nbsp;data analytics&nbsp;experience within financial services. As an established leader in ... ",73,https://www.reed.co.uk/jobs/senior-data-insight-analyst/55508603
55434692,619009,TC Group,,,CRM Project Data Analyst,Milton Keynes,40000.0,50000.0,GBP,14/08/2025,17/07/2025,"Position: &nbsp; &nbsp; &nbsp; &nbsp; &nbsp; &nbsp; &nbsp; &nbsp; &nbsp; &nbsp; &nbsp;&nbsp; CRM Project Data Analyst Reports To: &nbsp; &nbsp; &nbsp; &nbsp; &nbsp; &nbsp; &nbsp; &nbsp; &nbsp; CRM Project Lead Works Closely With: &nbsp; &nbsp;Tech Team, Partner firm contacts, Functional Leads Location: &nbsp; &nbsp; &nbsp; &nbsp; &nbsp; &nbsp; &nbsp; &nbsp; &nbsp; &nbsp; &nbsp;Technology Function, Central Services Team Hybrid, Greater London Are... ",61,https://www.reed.co.uk/jobs/crm-project-data-analyst/55434692
55460858,500373,QA,,,Data Systems Analyst Apprentice,WF32EE,14722.5,14722.5,GBP,02/09/2025,22/07/2025,"Employer description: At Sharp, we know the tech landscape is far from simple. It’s expansive and ever growing,&nbsp;it’s connected and interdependent, complex and evolving. Our mission is simple, to ‘make&nbsp;technology easy’. Just three words, but they drive our culture, behaviour and goals.&nbsp; For over 50 years we've been supporting commercial, public sector and corporate organisations with their technology requirements. It doesn't matter... ",10,https://www.reed.co.uk/jobs/data-systems-analyst-apprentice/55460858
55539621,505169,LiveNation ,,,Senior Data and BI Solutions Analyst,EC1M4AY,,,,12/08/2025,05/08/2025,"Company: Live Nation Department: International Data Location: Farringdon, London Reports to: Vice President, Data and Media, International Working Hours: Full time Contract Type: Initially fixed term until the end of 2025. Role Description The Senior Data &amp; BI Analyst will play a critical role in enabling data access, platform operations, and analytical data modeling across Live Nation's international data functions. You will manage data wor... ",18,https://www.reed.co.uk/jobs/senior-data-and-bi-solutions-analyst/55539621
55411478,500373,QA,,,AI Data Apprentice,E144PU,32617.0,32617.0,GBP,25/08/2025,14/07/2025,"Employer description: The Medicines and Healthcare Products Regulatory Agency enhance and improve the health of millions of people every day through the effective regulation of medicines and medical devices, underpinned by science and research. Overview: The purpose of the role is to ensure that MHRA have systems and MI reporting, to support the People Function and Agency with MHRA employee records and transactions. Working alongside the workfor... ",127,https://www.reed.co.uk/jobs/ai-data-apprentice/55411478
55395141,451561,Reed.co.uk,,,Analyst,WC2B5LX,50000.0,55000.0,GBP,21/08/2025,10/07/2025,"Reed.ai is looking for an Analyst to join their team in Holborn, London. Overview We’re looking for an analytical problem solver who can support Reed.ai, a recruitment start up within the Reed Group, to analyse the product, marketing, commercial and customer functions to help fuel understanding and growth. New to the market, this is a rare opportunity to take a supporting a business to make the right decisions from Beta launch to full market rel... ",145,https://www.reed.co.uk/jobs/analyst/55395141
55557724,585023,Marshall Wolfe,,,AI Security Consultant,London,400.0,480.0,GBP,18/09/2025,07/08/2025,"Security Consultant - Artificial Intelligence (AI) Our client, a global insurance organisation, is looking to recruit the services of an experienced Senior Risk Analyst with deep expertise in Artificial Intelligence (AI), Machine Learning (ML), and Large Language Models (LLMs) to join our client's Security Risk Management team. This role plays a pivotal part in assessing and managing risks related to AI-driven projects across a global enterprise... ",0,https://www.reed.co.uk/jobs/ai-security-consultant/55557724
55519339,577426,KSEYE Group,,,Portfolio Analyst,NW64RR,30000.0,40000.0,GBP,12/09/2025,01/08/2025,"Location: Swiss Cottage, London Salary: Up to 40k DoE Hours: 9:30 – 17:30 Reporting To: Reporting Manager Job Type: Full Time The Company KSEYE Group is an established bridging finance company specialising within the bridging and short-term lending markets. Due to continued growth, the company is now looking to recruit an Analyst to provide high quality support, in depth analysis and management reporting, with the aim of maintaining and improvin... ",55,https://www.reed.co.uk/jobs/portfolio-analyst/55519339
55410765,516367,Apogee Corporation ,,,Financial Analyst,ME168PF,,,,18/09/2025,14/07/2025,"This role is based in Allington, Maidstone on a hybrid working arrangement (3 days office and 2 days work from home) Are you a skilled Finance Analyst ready to play a critical role in driving transformation and innovation? Join Apogee , Europe’s largest multi-brand provider of managed services, and contribute to our mission of helping organisations achieve their digital transformation goals. As a Finance Analyst, you will be at the forefront of ... ",14,https://www.reed.co.uk/jobs/financial-analyst/55410765
55515466,544360,RSPB,,,Financial Analyst,Sandy,44315.0,47312.0,GBP,29/08/2025,31/07/2025,"Financial Analyst Reference: JUL20254996 Location: Hybrid working - RSPB UKHQ - The Lodge, Sandy SG19 Contract: Permanent Hours: Full-Time role 37.5 hours per week Salary: 44,315.00 - 47,312.00 Per Annum Benefits: Pension Scheme, Life Assurance Scheme, 26 days' Annual Leave The RSPB is one of the UK’s most respected conservation charities for the conservation of birds and nature. We bring people together who love birds and other wildlife, and wh... ",28,https://www.reed.co.uk/jobs/financial-analyst/55515466
55472682,463193,Real Group Ltd,,,Finance Analyst,CT12NZ,35000.0,40000.0,GBP,04/09/2025,24/07/2025,"Real Group has an exciting opportunity for a financial role in our growing company. It is a great time to join our team, make a positive difference and impact our growth. We offer flexibility in how you work: up to 40% of your time can be worked from home if desired. Study support would also be considered to support your professional ambitions. About the role: This role is to support a forward-thinking company committed to excellence and quality... ",30,https://www.reed.co.uk/jobs/finance-analyst/55472682
55465596,673318,K3 Capital Group Ltd,,,Research Analyst,Bolton,26250.0,26250.0,GBP,20/08/2025,23/07/2025,"Your role is crucial to the overall sales process and involves identifying and directly contacting potential buyers who may be interested in purchasing our Clients' business. &nbsp;We use a bespoke, state of the art system to scour industry specific data, financial information, geographical indicators etc with the aim of fulfilling our Clients' approved research strategy. &nbsp;To be successful as a Research Analyst in our Company, you will be a... ",25,https://www.reed.co.uk/jobs/research-analyst/55465596
55490325,411509,Momenta Group Global,,,Credit Analyst,MK100AB,,,,08/09/2025,28/07/2025,"What’s the role? Our client is seeking Retail Credit Analysts to join their affordability team where you will be responsible for assessing retail credit applications supported by creditworthiness and affordability data to determine lending decisions, ensuring credit is affordable and results in good customer outcomes. Successful candidates will be working with a high level of accuracy to prescribed processes and strict deadlines as part of a hig... ",19,https://www.reed.co.uk/jobs/credit-analyst/55490325
55539281,685978,FRP Advisory Trading Limited,,,Technical Analyst,LS15PS,,,,16/09/2025,05/08/2025,Role overview We are looking for a versatile and technically adept Technical Analyst to join our Forensic Services team. This role is ideal for someone with a broad IT skillset who is passionate about leveraging technology to support complex investigations and operational excellence. The role requires occasional travel to client sites to support our Restructuring teams preserve and collect data from a wide range of IT systems. The Restructuring ... ,2,https://www.reed.co.uk/jobs/technical-analyst/55539281
55462244,403113,Welcome Break,,,Finance Analyst,MK169EZ,,,,02/09/2025,22/07/2025,"Job purpose Welcome Break are looking to recruit a full-time Finance Analyst, working as part of the Finance team at head office. The role is responsible for reporting and analysis of Overheads and Head Office costs. This includes managing the month-end close for all Overhead accounts (accruals, P&amp;L queries, working with 3rd party data providers), and monthly reporting and analysis of costs. The role will report into the Head of Financial Pl... ",28,https://www.reed.co.uk/jobs/finance-analyst/55462244
55391751,422355,McCormick UK Limited,,,Financial Analyst,Haddenham,,,,21/08/2025,10/07/2025,"Financial Analyst Haddenham, UK (Hybrid) 12 month fixed-term contract The Financial Analyst will drive improved decision making and delivery of business results by providing proactive forward-looking strategic, commercial and financial insights to the Consumer team. RESPONSIBILITIES: Reporting and Analysis - Prepare regular financial reports with key figures and analyses of performance. Provide commentary and insight into business performance to... ",27,https://www.reed.co.uk/jobs/financial-analyst/55391751
55516300,439703,Premier Foods ,,,Treasury Analyst,Manchester,,,,30/08/2025,31/07/2025,"Company description: Premier Foods is one of Britain’s biggest listed food companies, employing over 4,000 colleagues at 13 manufacturing sites and offices up and down the country. Many of our brands have been part of UK life for more than a century and you’ll find them in 94% of British households. At Premier foods we believe in inclusion, authenticity and individuality. We aim to ensure all existing and potential colleagues are given equitable... ",12,https://www.reed.co.uk/jobs/treasury-analyst/55516300
55472734,647699,ClearCourse,,,Fraud Analyst,Manchester,,,,23/08/2025,24/07/2025,"Company description: ClearCourse Job description: Fraud Analyst – ClearAccept (Part of ClearCourse Group) Location: Manchester (Hybrid) Role type: Full-time, Permanent ClearAccept, part of the ClearCourse Group, is looking for a proactive and detail-oriented Fraud Analyst to join our Risk and Compliance Team. Based in our Manchester office with hybrid working available, this role offers a great opportunity to develop your fraud prevention and in... ",33,https://www.reed.co.uk/jobs/fraud-analyst/55472734
55533282,645147,Vermelo RPO,,,Pricing Analyst and Senior Pricing Analyst,WC2R0LR,,,,15/09/2025,04/08/2025,"Pricing Analysts at All Levels Locations: Peterborough, Manchester, Stoke, Southport, Kent, London, Cambridgeshire (Hybrid/Remote options available) Departments: Retail Pricing&nbsp;&amp; Portfolio Management Flexible hybrid working with occasional travel Join a fast-paced, innovative environment where your pricing insights and analytical skills will directly influence strategic decisions and drive profitability across a diverse portfolio of per... ",14,https://www.reed.co.uk/jobs/pricing-analyst-and-senior-pricing-analyst/55533282
55336383,675421,Trinity Estates,,,FP&A Analyst,HP27DN,,,,10/09/2025,02/07/2025,"FP&amp;A Analyst position at Trinity Estates Location – Hybrid/Hemel Hempstead Working Hours&nbsp;– 09:00 - 17:15 Monday - Friday Salary - Competitive About Trinity Estates: Trinity are one of the largest residential property management companies in England and Wales. Working with leading house builders across the country, Trinity provides residential management services nationally. Our property professionals are home based and are located local... ",64,https://www.reed.co.uk/jobs/fp-a-analyst/55336383
55555765,421837,Holland & Barrett International Limited,,,Product Analyst,London,,,,18/09/2025,07/08/2025,"About The Role Are you passionate about data-driven decision making? Do you thrive in a fast-paced, dynamic environment? Holland &amp; Barrett, the leading health and wellness retailer, is seeking a talented and motivated individual to join our Analytics team as a Product Analytics professional. Reporting to the Snr Product Analytics Manager, you will play a crucial role in driving data insights and enabling evidence-based decision making across... ",7,https://www.reed.co.uk/jobs/product-analyst/55555765
55329132,645147,Vermelo RPO,,,Pricing Analyst and Senior Pricing Analyst,WC2R0LR,,,,12/08/2025,01/07/2025,"Pricing Analysts at All Levels Locations: Peterborough, Manchester, Stoke, Southport, Kent, London, Cambridgeshire (Hybrid/Remote options available) Departments: Retail Pricing&nbsp;&amp; Portfolio Management Flexible hybrid working with occasional travel Join a fast-paced, innovative environment where your pricing insights and analytical skills will directly influence strategic decisions and drive profitability across a diverse portfolio of per... ",36,https://www.reed.co.uk/jobs/pricing-analyst-and-senior-pricing-analyst/55329132
55550002,436303,SSP Group Ltd,,,Finance Analyst,B459PZ,,,,17/09/2025,06/08/2025,"About the Role Working within a wider finance team the role will be primarily responsible for assisting with the financial accounting and forecasting of key expenditure lines for UK&amp;I business and reporting into the Finance Manager – OSM and Payroll. The role is varied, from processing period end journals and data processing to balance sheet reconciliations and assisting with budgeting and forecasting. You will collaborate with various stake... ",29,https://www.reed.co.uk/jobs/finance-analyst/55550002
55513787,416660,Iceland,,,Marketing Planning Analyst,Wales,,,,11/09/2025,31/07/2025,"As one of the Best Big Companies to Work For, we have a rich history of loving our customers and looking after our teams.&nbsp; We understand that success is achieved through our people, and we are searching for a Marketing Planning Analyst to join our team.&nbsp; Purpose of the role: The Marketing Analyst will play a critical role in driving data-informed decision-making within the marketing function. This role is responsible for gathering, ana... ",11,https://www.reed.co.uk/jobs/marketing-planning-analyst/55513787
55476656,451561,Reed.co.uk,,,Senior Marketing Analyst,WC2B5LX,50000.0,55000.0,GBP,04/09/2025,24/07/2025,"Reed.co.uk is looking for a Senior Marketing Analyst to join their BI &amp; Analytics team in Holborn, London. Overview If you're passionate about solving marketing problems, translating data into compelling stories, and delivering meaningful insights, this role is for you. As a Senior Marketing Analyst, you will provide intelligence and expert recommendations to the marketing team, enabling strategic decision-making. You will own digital market... ",88,https://www.reed.co.uk/jobs/senior-marketing-analyst/55476656
55356228,528321,The Medical Protection Society Limited,,,Security Operations Analyst,Leeds,30000.0,40000.0,GBP,15/08/2025,04/07/2025,"Package Description Alongside a competitive salary of 30,000 to 35,000 you will also receive: Up to 10% discretionary annual bonus 11% pension contribution (3% from you, 8% from us optional additional matched 3% contributions, e.g. 6% from you, 11% from us) 25 days annual leave plus flexible bank holidays (option to buy/sell 5 days) Private Medical Cover Healthcare cash plan 6x salary death in service Paid volunteering day A personal GP service ... ",46,https://www.reed.co.uk/jobs/security-operations-analyst/55356228
55342906,385714,E.ON,,,Senior Settlement Analyst,Solihull,45636.0,57937.0,GBP,14/08/2025,03/07/2025,"We need everyone's positive energy and innovative thinking to lead the energy transition to net zero. That's why we welcome applications from all backgrounds and experiences and have a range of flexible working options to suit everyone! Senior Settlement Analyst Here's what you'll be doing As a Senior Settlement Analyst, you will be responsible for ensuring the accuracy of data and supporting the development of regulatory reporting and forecasti... ",22,https://www.reed.co.uk/jobs/senior-settlement-analyst/55342906
55533697,419891,Alzheimer's Society ,,,Customer Selections Analyst,EC3N2AE,32741.0,34464.0,GBP,18/08/2025,04/08/2025,"About The Role Closing Date: 17th August 2025 Interview Date: 27th &amp; 27th August 2025 Contract: This is a fixed-term contract until the 1st May 2026 About the opportunity This is a wonderful opportunity for a selection expert to join the Supporter Selections Team at Alzheimer’s Society in what is a really exciting time for both the charity and the team. You will be joining the team as we further develop our selections by using insight, both ... ",17,https://www.reed.co.uk/jobs/customer-selections-analyst/55533697
55482272,538536,PHS Group Limited,,,Technical Software Analyst,CF831XH,,,,05/09/2025,25/07/2025,"About The Role Technical Software Analyst Caerphilly Competitive salary Full Time, permanent office-based role The Technical Software Analyst (TSA) is a key member of the Software Analysis function. The TSA will support the business and software delivery teams across the systems lifecycle for all aspects relating to requirements and testing. The TSA is responsible for the creation of robust and detailed technical requirements and informing accep... ",49,https://www.reed.co.uk/jobs/technical-software-analyst/55482272
55387490,685291,Smart4Sciences,,,Senior QC Analyst,Wrexham,,,,20/08/2025,09/07/2025,"Senior QC Analyst I am currently recruiting for a Senior QC Analyst for a Sterile Manufacturing organisation based in North Wales, this is an exciting opportunity for an established leader within QC to progress their career. Key responsibilities for the Senior QC Analyst Perform routine analytical testing via HPLC, GC, UV, FTIR, in compliance with cGMP regulations. Review analytical data and laboratory documentation. Provide technical guidance a... ",57,https://www.reed.co.uk/jobs/senior-qc-analyst/55387490
55429528,618093,Moneybox,,,Workplace Technology Analyst,London,0.0,0.0,GBP,16/09/2025,16/07/2025,"About Moneybox Moneybox is the award-winning app that helps you turn your money into something greater. We’ve brought saving, investing, home-buying, and retirement services all together into one simple app, so it’s easier than ever to achieve your goals and build wealth, whatever your starting point. Job Brief We're evolving our Workplace Tech support at Moneybox. We're transitioning away from our current Managed Service Provider (MSP) to build... ",31,https://www.reed.co.uk/jobs/workplace-technology-analyst/55429528
55557812,685291,Smart4Sciences,,,Pharmaceutical Development Analyst,Newport,,,,18/09/2025,07/08/2025,Are you a detail-driven scientist with a passion for analytical testing and pharmaceutical development? Smart4 Sciences are working with an established and innovative pharmaceutical services provider to recruit a Pharmaceutical Development Analyst into their Pharmaceutical Development team. The Role This is an exciting opportunity to carry out high-quality analytical testing for complex pharmaceutical products in a GMP-regulated environment. You... ,1,https://www.reed.co.uk/jobs/pharmaceutical-development-analyst/55557812
55512549,686980,Foresters Financial,,,PMO Analyst,BR29BF,34000.0,34000.0,GBP,31/08/2025,31/07/2025,"PMO Analyst Bromley, Kent Up to 34,000 per annum depending on experience Full time, permanent As an PMO Analyst you will be joining our Business Solutions and IT Delivery team on a permanent basis. Utilizing your strong organisational skills you will be responsible for supporting the delivery of projects to agreed schedules, costs, scope, and quality. Projects will be a mixture of IT and business change. You will work closely with the Project Ma... ",46,https://www.reed.co.uk/jobs/pmo-analyst/55512549
55516307,549321,SNG (Sovereign Network Group),,,Cyber Security Analyst,Basingstoke,48000.0,60000.0,GBP,14/08/2025,31/07/2025,"SNG (Sovereign Network Group) was formed in October 2023 through the merger of Sovereign and Network Homes. Our purpose is to provide good, affordable homes that are the foundation for a better life - and our vision is thriving communities, over generations. We provide over 84,000 homes and invest in communities across the South, West and East of England, including London, as well as aiming to create thousands of new affordable homes every year.... ",31,https://www.reed.co.uk/jobs/cyber-security-analyst/55516307
55542845,549321,SNG (Sovereign Network Group),,,Cyber Security Analyst,HA90HP,48000.0,60000.0,GBP,14/08/2025,05/08/2025,"SNG (Sovereign Network Group) was formed in October 2023 through the merger of Sovereign and Network Homes.&nbsp; Our purpose is to provide good, affordable homes&nbsp;that are the foundation for a better life - and our vision is thriving communities, over generations. We provide over 84,000 homes and invest in communities across the South, West and East of England, including London, as well as aiming to create thousands of new affordable homes ... ",18,https://www.reed.co.uk/jobs/cyber-security-analyst/55542845
55547305,531190,Greater Anglia,,,Revenue Management Analyst,Colchester,,,,17/09/2025,06/08/2025,Role details Please note that applicants must be 18 years of age or older.? It is a requirement that candidates can reliably travel to and from their agreed booking location at the scheduled times.?? Candidates should have a career pathway in transport or revenue management. Candidates will be subject to a Right to Work check &amp; DBS check for this position. Kickstart Your Career with Greater Anglia!?? Are you looking to launch your career in ... ,3,https://www.reed.co.uk/jobs/revenue-management-analyst/55547305
55506109,415257,Kennedys Law,,,Reward Advisor/Analyst,M26HY,,,,10/09/2025,30/07/2025,"Kennedys is looking for a Reward Advisor to join our supportive and forward-thinking HR team in our Manchester office. As part of our HR Reward team, you will provide critical support in the design, delivery and analysis of compensation and benefits programs to ensure they are competitive, equitable and aligned to the Firm's strategic plans. This role delivers data-driven insights to support pay review, benchmarking and employee recognition init... ",11,https://www.reed.co.uk/jobs/reward-advisor-analyst/55506109
55473615,647699,ClearCourse,,,NetSuite Onboarding Analyst,Manchester,,,,23/08/2025,24/07/2025,"Company description: ClearCourse Job description: Are you a Netsuite expert looking for an exciting and challenging new role? Do you have a passion for creating efficiencies and process improvement, with a detailed eye for analytics? ClearCourse is growing and looking for a Netsuite Onboarding Analyst to join us in a newly created position. In this role you will be key in migrating acquired businesses onto NetSuite to the create maximum efficien... ",2,https://www.reed.co.uk/jobs/netsuite-onboarding-analyst/55473615
55471406,477112,Transact,,,Senior Risk Analyst,EC4N7AE,,,,04/09/2025,24/07/2025,"We are currently seeking a highly motivated, experienced Senior Risk Analyst to join our Group Risk Management team. This is a key role in supporting the development and implementation of the Group Risk Management Policy and Framework, whilst also helping to embed a strong risk culture across the organisation. The Role Responsibilities include: Developing and maintaining risk management tools and reporting aligned with the Group Risk Management ... ",18,https://www.reed.co.uk/jobs/senior-risk-analyst/55471406
55508653,679237,Cumberland Building Society,,,Senior Pricing Analyst,CA30JF,40303.0,40303.0,GBP,12/08/2025,30/07/2025,"Working at the Cumberland, you become part of something special. We’re a mutual organisation, committed to improving the lives of our colleagues, customers, and community. Our values are incredibly important to us. We’re on an exciting transformational journey with our people firmly at the forefront of our plans. If you want to work for a team integral in helping to drive cultural change, a team where you can bring your whole self to work bringi... ",3,https://www.reed.co.uk/jobs/senior-pricing-analyst/55508653
54927790,682867,GroupNexus,,,IT Support Analyst,NW37ES,30000.0,35000.0,GBP,15/09/2025,01/05/2025,"Role: IT Support Analyst (ANPR) Location: Hampstead, North London/ Remote Working Salary: Up to 35k depending on experience Full time: Mon - Fri 09:00-17:00 Reporting to: Head of Customer Support &amp; Monitoring About us: GroupNexus is an established, leading operator in the parking management sector. We are innovative, industry leading and a forward-thinking company that has an exceptional culture with strong values and a hunger for growth. We... ",570,https://www.reed.co.uk/jobs/it-support-analyst/54927790
55514047,685291,Smart4Sciences,,,GC Analyst - Fragrances,Brighton,35000.0,45000.0,GBP,11/09/2025,31/07/2025,"GC Analyst - Fragrance Innovation - Brighton Join a pioneering team at the forefront of sensory and fragrance science. This is a unique opportunity to work with cutting-edge analytical technologies in a creatively driven, commercially focused environment. We're seeking a driven and detail-oriented Analytical Chemist with hands-on GC (Gas Chromatography) experience to support ongoing R&amp;D and quality initiatives. Ideal for professionals with a... ",3,https://www.reed.co.uk/jobs/gc-analyst-fragrances/55514047
55308903,686353,Gateway Housing,,,Service Charge Analyst,E147JD,43000.0,43000.0,GBP,08/08/2025,27/06/2025,"Service Charge Analyst 43,000 | East London | Hybrid (2 days in office) Gateway Housing Association Robertson Bell are pleased to be exclusively partnering with Gateway Housing Association in their search for a Service Charge Analyst to join their close-knit, dynamic team on a permanent basis. Gateway are uniquely the largest Sheltered Housing provider in Tower Hamlets and were the first registered provider of older persons shared ownership in t... ",87,https://www.reed.co.uk/jobs/service-charge-analyst/55308903
55368074,690217,Regent FE,,,Payments and Treasury Analyst,W1S3PW,,,,18/08/2025,07/07/2025,"Job Title: Payments and Treasury Analyst Location: London (Hybrid: 3 days per week in-office in London W1) Salary: Competitive, based on experience About Regent FE: Regent FE is an Authorised Payment Institution (API) working to reshape global transactional banking across the UK, Europe and beyond. We specialise in international payments, collections, and FX risk management for a diverse range of corporate clients. Our mission is to build a seam... ",110,https://www.reed.co.uk/jobs/payments-and-treasury-analyst/55368074
55441577,385714,E.ON,,,Commercial Lead Analyst,Solihull,51620.0,65907.0,GBP,29/08/2025,18/07/2025,"We need everyone's positive energy and innovative thinking to lead the energy transition to net zero. That's why we welcome applications from all backgrounds and experiences and have a range of flexible working options to suit everyone! We are looking for a Commercial Lead Analyst to join our Energy Markets Team in Solihull, on a full time permanent basis Commercial Lead Analyst Here's what you'll be doing Are you ready to drive commercial succe... ",12,https://www.reed.co.uk/jobs/commercial-lead-analyst/55441577
55542219,470325,Landmark Information Group,,,Service Desk Analyst,Bristol,,,,16/09/2025,05/08/2025,"Service Desk Analyst Bristol/Hybrid What it's like to work at Landmark: At Landmark, you'll find a friendly, dynamic, and supportive team that values bold ideas, big dreams, and active curiosity. We foster a culture of innovation, encouraging everyone to contribute to the development and direction of our products and services, while continuously seeking new and efficient ways to work. Collaboration and sociability are at the heart of what we do,... ",9,https://www.reed.co.uk/jobs/service-desk-analyst/55542219
54539844,616491,Sopra Steria,,,Senior SOC Analyst,Farnborough,,,,01/09/2025,26/02/2025,"Are you in a Security Operations Centre and every day is the same? We can assure you that there is no boredom in our role. We have a growing Cyber practice in our Defence sector and support enterprise scale clients. Now we have opportunities for L2 SOC Analysts to join in our success and work with multiple, high profile clients. You must have proven experience working in a busy SOC with a tech-first approach and be able to lead from the front. F... ",43,https://www.reed.co.uk/jobs/senior-soc-analyst/54539844
55356940,682449,Quest Personal Care Global Ltd,,,Inventory and Finance Analyst,M278FF,,,,15/08/2025,04/07/2025,"We are looking to recruit a Stock Inventory and Finance Analyst who will play a critical role in linking inventory control with financial performance across the business. This position ensures the accuracy of stock movements, landed cost calculations, and financial reporting, while actively supporting operational integrity and strategic decision-making. The role interfaces cross-functionally with finance, logistics, procurement, and commercial t... ",28,https://www.reed.co.uk/jobs/inventory-and-finance-analyst/55356940
55356482,651115,Vistry Group PLC,,,Assistant Finance Analyst,Wolverhampton,,,,02/09/2025,04/07/2025,"Role overview ID: 2025-7548 Entity: Vistry Region: Vistry North West Midlands Department: Finance &amp; Tax Contract Type: Permanent - Full Time Job Location: Wolverhampton Date Posted: 04.07.2025 We have an exciting opportunity for an Assistant Finance Analyst to join our team within Vistry North West Midlands, at our Wolverhampton office. As our Assistant Finance Analyst, you will play a key role in the Finance team by supporting the preparati... ",55,https://www.reed.co.uk/jobs/assistant-finance-analyst/55356482
55506993,421408,Unite Students,,,Business Analyst,BS16FL,0.0,0.0,GBP,10/09/2025,30/07/2025,"The Role At Unite Students our aim is to create a Home for Success for our students, using technology and data to empower them to find their home and have a great stay with us, and a great experience throughout their student life. The Business Analyst team play a critical role in our organisation by bridging the gap between business needs and where applicable, technology solutions. The BA position is responsible for understanding the objectives ... ",39,https://www.reed.co.uk/jobs/business-analyst/55506993
55497347,308446,Claranet Limited,,,Release & Assurance Analyst,GL43RT,,,,19/08/2025,29/07/2025,"About Claranet Founded at the beginning of the dot com bubble in 1996, our CEO Charles Nasser had a light bulb moment to develop a truly customer-focused IT business. Since then, Claranet has grown from an Internet Service Provider (ISP) in the UK to being one of the leading business modernisation experts, who deliver solutions across 11 countries. At Claranet, we’re experienced in implementing progressive technology solutions which help our cus... ",18,https://www.reed.co.uk/jobs/release-assurance-analyst/55497347
55433802,416660,Iceland,,,Business Analyst,Wales,,,,28/08/2025,17/07/2025,"We have a fantastic opportunity for a Business Analyst to join our growing IT ecommerce team at an incredibly exciting time!&nbsp; Collaborating with internal and external parties, the role will manage cross-project workstreams whilst cultivating exploratory methods of team productivity and best practice. Gathering and analysing company data to identify needs and recommend solutions. KEY ACCOUNTABILITIES Collaborate with stakeholders to elicit, ... ",79,https://www.reed.co.uk/jobs/business-analyst/55433802
55499346,501640,Vitality,,,Finance Systems Analyst,BH26EP,,,,26/08/2025,29/07/2025,"About The Role Team – &nbsp;Finance Systems &amp; Data Working Pattern - Hybrid – 2&nbsp;days per week in the Vitality Bournemouth Office.&nbsp;Full time, 35 hours per week.&nbsp; We are happy to discuss flexible working! Top 3 skills needed for this role: Analytical Thinking &amp; Problem Solving&nbsp; Proficiency with Automation Tools&nbsp; Communication and Engagement&nbsp; What this role is all about: The Finance Systems Analyst role analyse... ",6,https://www.reed.co.uk/jobs/finance-systems-analyst/55499346
55179927,495572,Aldi,,,Replenishment Optimisation Analyst,Atherstone,47045.0,51635.0,GBP,17/09/2025,09/06/2025,A role in the National Supply Chain Replenishment Optimisation Team is a great opportunity to play a key part in shaping the future department and its ways of working. You will gain valuable experience working on a global transformation project and become a real expert at the end of it. You will form relationships with GB/IE colleagues across all domains and also across the Aldi global network of countries. You will be instrumental in the use of... ,37,https://www.reed.co.uk/jobs/replenishment-optimisation-analyst/55179927
55482734,377422,FDM Group,,,Business Analyst,SE12QG,100000.0,120000.0,GBP,05/09/2025,25/07/2025,"FDM is a global business and technology consultancy seeking a Senior Business Analyst to work for our client within the banking sector. This is initially a 12-month contract with the potential to extend and will be a fully remote role with the client based in Dublin . Our client is seeking a Senior Business Analyst who will play a pivotal role in shaping how they work. In this role, you’ll collaborate across the business to define requirements, ... ",349,https://www.reed.co.uk/jobs/business-analyst/55482734
55120992,446396,CEF - City Electrical Factors - IT,,,Finance Systems Technical Analyst,DH78RJ,,,,25/08/2025,02/06/2025,"About CEF: CEF is a global electrical wholesaler, providing electrical products to people in the industry known for its extensive range of products and commitment to customer service. Founded in 1951 in the United Kingdom, it has since expanded to over 1,000 locations across multiple countries, including the United States, Canada, Australia, and Europe. We in IT are delivering value to our business and our customers with the innovative solutions... ",57,https://www.reed.co.uk/jobs/finance-systems-technical-analyst/55120992
55545192,343210,Booker Group,,,Supply Chain Senior Analyst,NN81LT,,,,16/09/2025,05/08/2025,"What's in it for you At Booker, along with being a great place to work and giving you an opportunity to get on in your career, we also offer the following fantastic package of benefits: A Booker colleague card with 10% off purchases at Booker and double discount events up to three times a year. After 3 months service, a Tesco colleague discount card with 10% increasing to 15% off most purchases at Tesco for a 4 day period after every four-weekly... ",5,https://www.reed.co.uk/jobs/supply-chain-senior-analyst/55545192
55419292,677966, Isio,,,Senior Pensions Project Analyst,B46AJ,,,,26/08/2025,15/07/2025,"Senior Pensions Project Analyst We are seeking a pensions project administrator/analyst to work in our newly created specialist Administration Project Implementations Team. You will be responsible for the delivery of technical administration projects. The types of projects you may be asked to work on will include, but is not limited to, the following: GMP reconciliation projects; benefit analysis and rectification work; De-risking activity inclu... ",11,https://www.reed.co.uk/jobs/senior-pensions-project-analyst/55419292
55539616,677966, Isio,,,Senior Pensions Project Analyst,M33EB,,,,16/09/2025,05/08/2025,"Senior Pensions Project Analyst We are seeking a pensions project administrator/analyst to work in our newly created specialist Administration Project Implementations Team. You will be responsible for the delivery of technical administration projects. The types of projects you may be asked to work on will include, but is not limited to, the following: GMP reconciliation projects; benefit analysis and rectification work; De-risking activity inclu... ",3,https://www.reed.co.uk/jobs/senior-pensions-project-analyst/55539616
55540178,546969,Clarion,,,Service Charge Analyst - Rents,London,36589.0,47560.0,GBP,19/08/2025,05/08/2025,"Salary: London - 36,589 - 47,560 per annum / National - 33,958 - 43,731 per annum Location: Hybrid/Greater London House Hours: 36 per week Contract Type: Permanent Do you have sound knowledge of Rents and Service Charge legislation and accounting? Are you able to achieve strenuous performance targets and deliver at pace? If so, then this could be your opportunity to join our team - Employer of the Year , and one of LinkedIn's Top Companies 2024.... ",8,https://www.reed.co.uk/jobs/service-charge-analyst-rents/55540178
55121018,446396,CEF - City Electrical Factors - IT,,,Finance Systems Technical Analyst,CV82SU,,,,09/09/2025,02/06/2025,"About CEF: CEF is a global electrical wholesaler, providing electrical products to people in the industry known for its extensive range of products and commitment to customer service. Founded in 1951 in the United Kingdom, it has since expanded to over 1,000 locations across multiple countries, including the United States, Canada, Australia, and Europe. We in IT are delivering value to our business and our customers with the innovative solutions... ",62,https://www.reed.co.uk/jobs/finance-systems-technical-analyst/55121018
55329692,364911,Norton Rose Fulbright LLP,,,Senior Applications Analyst,London,,,,12/08/2025,01/07/2025,"Practice Group / Department: IT Application Management Job Description We're Norton Rose Fulbright - a global law firm with over 50 offices and 7,000 employees worldwide. We provide the world’s preeminent corporations and financial institutions with a full business law service. At Norton Rose Fulbright, our strategy and our culture are closely entwined. We know that our expansion will mean little unless it is underpinned by truly global collabor... ",36,https://www.reed.co.uk/jobs/senior-applications-analyst/55329692
55227316,416660,Iceland,,,Business Analyst,Wales,,,,15/09/2025,16/06/2025,"As one of the Best Big Companies to Work For, we have a rich history of loving our customers and looking after our teams. We understand that success is achieved through our people, and we are searching for a committed and passionate Business Analyst to join our growing business on a permanent basis. Purpose of the role: Business Analysis - To facilitate, coordinate and document detailed business requirements regarding the business change agenda ... ",158,https://www.reed.co.uk/jobs/business-analyst/55227316
55548755,616711,Santander Consumer Finance,,,Leasing Decision Tree Analyst,RH11AE,43000.0,48000.0,GBP,16/08/2025,06/08/2025,"Santander Consumer Finance (SCUK) is one of the UK’s Leading Motor Finance companies providing finance to a network of car dealerships throughout the United Kingdom. We are currently looking for a Leasing Decision Tree Analyst to join us in our Redhill, Surrey office working on a hybrid basis working (with at least 3 days a week onsite). In this role you will manage the credit decision trees used in SCUK’s Leasing portfolio and you will build an... ",0,https://www.reed.co.uk/jobs/leasing-decision-tree-analyst/55548755
55336101,639624,Nomad Foods,,,Senior Ariba Tenders Analyst,GU216DJ,,,,13/08/2025,02/07/2025,"Senior Ariba Tender Analyst, Procurement Woking - Hybrid Competitive salary, up to 25% bonus and benefits The Senior Ariba Tender Analyst is responsible for ensuring the smooth and efficient execution of the larger, more complex e-tenders for both direct and indirect procurement of goods and services. This role plays a critical part in driving procurement excellence, maintaining compliance with organisational policies, and delivering value to in... ",5,https://www.reed.co.uk/jobs/senior-ariba-tenders-analyst/55336101
55427747,686980,Foresters Financial,,,Senior Automation Test Analyst,BR29BF,65000.0,65000.0,GBP,16/08/2025,16/07/2025,"Senior Automation Test Analyst Location: Bromley, Kent Salary: up to 65,000 Fixed Term Contract 12 months As our Senior Automation Test lead on a 12 month Fixed term Contract you will work with the manual QA Test team, Business Analysts &amp; Developers in order to automate tests for Key Product Workflows as part of Functional, Integration, and Regression Testing. You will be responsible for ensuring software quality by testing, produced using S... ",83,https://www.reed.co.uk/jobs/senior-automation-test-analyst/55427747
55453325,429840,Radius,,,Senior Cyber Security Analyst,CW16BD,0.0,0.0,GBP,21/07/2026,21/07/2025,"Company Description At Radius , we provide best in class fleet and connectivity solutions to businesses of all sizes. Our mission is to help businesses adapt to the future by building solutions for a more sustainable, connected future. Our comprehensive portfolio of solutions includes fuel cards, telematics, telecoms, insurance, vehicle leasing, EV charging, business energy, and expense management. We are proud to have over 400,000 customers wor... ",17,https://www.reed.co.uk/jobs/senior-cyber-security-analyst/55453325
55337644,409882,Canada Life,,,IT Risk and Controls Analyst,EN65BA,,,,13/08/2025,02/07/2025,"The IT Risk &amp; Controls Analyst plays a key part in providing assurance and insight to the management of technology risks, controls and any related governance activities. The role collaborates closely with Engineering teams to ensure that all technology risks are managed effectively and in compliance with standards, providing 1st line risk management expertise. The role also plays a key part in planning and facilitating annual audits (which h... ",48,https://www.reed.co.uk/jobs/it-risk-and-controls-analyst/55337644
55424937,409522,WTW,,,Senior Catastrophe Risk Analyst,EC3M7DQ,,,,27/08/2025,16/07/2025,"At WTW, we believe difference makes us stronger. We want our workforce to reflect the different and varied markets we operate in and to build a culture of inclusivity that makes colleagues feel welcome, valued and empowered to bring their whole selves to work every day. We are an equal opportunity employer committed to fostering an inclusive work environment throughout our organisation. We embrace all types of diversity. The Role In this role, t... ",7,https://www.reed.co.uk/jobs/senior-catastrophe-risk-analyst/55424937
55541279,683004,Techtronic Industries - Europe HQ,,,Business Process Analyst - Supply Chain,SL68AD,,,,16/09/2025,05/08/2025,"Techtronic Industries (TTI) is a world leader in cordless technology spanning power tools, accessories, hand tools, outdoor power equipment, as well as floorcare &amp; cleaning products. Our focus is on end-users that range from professionals in the industrial, construction and infrastructure sectors to DIYers in home improvement, repair, and maintenance. TTI’s powerful brand portfolio includes MILWAUKEE, RYOBI, AEG - recognized worldwide for th... ",25,https://www.reed.co.uk/jobs/business-process-analyst-supply-chain/55541279
55531880,414550,MSC Mediterranean Shipping Company (UK),,,Intermodal Business Analyst,IP39SJ,,,,18/08/2025,04/08/2025,"Intermodal Business Analyst Full Time, Permanent To fully understand and support the Intermodal Business Analysis Manager and team in the creation, maintenance and analysis of detailed reporting to Geneva and UK management of MSC UK’s Intermodal product, with a specific focus on revenue and profitability. To implement new system solutions, facilitating constant improvement and forward thinking within the department and the wider business. Key ta... ",12,https://www.reed.co.uk/jobs/intermodal-business-analyst/55531880
55426422,500373,QA,,,Business Analyst Apprentice,CW57JW,25000.0,28000.0,GBP,27/08/2025,16/07/2025,"Employer description: Genus PLC is a world-leading animal genetics company. At the forefront of innovation in gene-editing, advanced reproductive biology, and other breakthrough breeding technologies, their R&amp;D advances an agricultural practice thousands of years old – animal breeding. Their goal is to ensure the global food system continues to nurture healthy, productive animals that yield affordable, high-quality proteins for a sustainable... ",26,https://www.reed.co.uk/jobs/business-analyst-apprentice/55426422
55482242,308446,Claranet Limited,,,Senior SOC Analyst (Team Leader),Leeds,,,,05/09/2025,25/07/2025,"Essential Roles &amp; Responsibilities (Full job description on Claranet careers site) As a Senior SOC Analyst (Team Leader), you apply your advanced security operations expertise to lead a team of SOC Analysts while performing advanced investigations and, when required, first-line triage to maintain queue health and SLA compliance. You are responsible for high-quality service delivery through detailed analysis, evidence-led response actions, an... ",25,https://www.reed.co.uk/jobs/senior-soc-analyst-team-leader/55482242
55298238,409522,WTW,,,Program Analyst - Part Time (28 Hours),EC3M7DQ,,,,07/08/2025,26/06/2025,"Join our Enterprise Operational Resilience team as a part-time (4-day/week), fully remote Program Analyst—drive enterprise-wide resilience initiatives, tooling, and strategy across WTW. Be at the heart of continuous improvement, collaborating with cross-functional teams to shape our global resilience capabilities. This is a great opportunity within the Enterprise Operational Resilience team for a Program Analyst who will be responsible for drivi... ",59,https://www.reed.co.uk/jobs/program-analyst-part-time-28-hours/55298238
55554954,546969,Clarion,,,Cloud Infrastructure Analyst,West Midlands (Region),33593.0,50145.0,GBP,28/08/2025,07/08/2025,"Location: Hybrid / Flexible base location London: 36,469 to 50,145 per annum National: 33,593 to 46,190 per annum Hours: 36 hours per week - flexible options considered Contract Type: Permanent This is a great opportunity to join our team - Employer of the Year Housing Heroes awards 2025 and one of LinkedIn's Top Companies 2024 Do you have a strong knowledge of Azure services? We're expanding our cloud infrastructure team to establish four pods ... ",1,https://www.reed.co.uk/jobs/cloud-infrastructure-analyst/55554954
55554945,546969,Clarion,,,Cloud Infrastructure Analyst,Norwich,33593.0,50145.0,GBP,28/08/2025,07/08/2025,"Location: Hybrid / Flexible base location London: 36,469 to 50,145 per annum National: 33,593 to 46,190 per annum Hours: 36 hours per week - flexible options considered Contract Type: Permanent This is a great opportunity to join our team - Employer of the Year Housing Heroes awards 2025 and one of LinkedIn's Top Companies 2024 Do you have a strong knowledge of Azure services? We're expanding our cloud infrastructure team to establish four pods ... ",1,https://www.reed.co.uk/jobs/cloud-infrastructure-analyst/55554945
55554966,546969,Clarion,,,Cloud Infrastructure Analyst,Manchester,33593.0,50145.0,GBP,28/08/2025,07/08/2025,"Location: Hybrid / Flexible base location London: 36,469 to 50,145 per annum National: 33,593 to 46,190 per annum Hours: 36 hours per week - flexible options considered Contract Type: Permanent This is a great opportunity to join our team - Employer of the Year Housing Heroes awards 2025 and one of LinkedIn's Top Companies 2024 Do you have a strong knowledge of Azure services? We're expanding our cloud infrastructure team to establish four pods ... ",1,https://www.reed.co.uk/jobs/cloud-infrastructure-analyst/55554966
55554928,546969,Clarion,,,Cloud Infrastructure Analyst,London,33593.0,50145.0,GBP,28/08/2025,07/08/2025,"Location: Hybrid / Flexible base location London: 36,469 to 50,145 per annum National: 33,593 to 46,190 per annum Hours: 36 hours per week - flexible options considered Contract Type: Permanent This is a great opportunity to join our team - Employer of the Year Housing Heroes awards 2025 and one of LinkedIn's Top Companies 2024 Do you have a strong knowledge of Azure services? We're expanding our cloud infrastructure team to establish four pods ... ",4,https://www.reed.co.uk/jobs/cloud-infrastructure-analyst/55554928
54988340,566198,AJ Bell,,,Senior Cyber Security Analyst,SE10SW,70000.0,80000.0,GBP,16/09/2025,13/05/2025,"To support the Security Operations Manager in responding, managing and reporting the Information Security Risks faced by Technology Services (TS) in delivering AJ Bell’s systems and services. Key to this is maintaining the confidentiality, integrity and availability of the data that resides upon those systems. This role will be key to understanding the threats targeting AJ Bell and ensuring our defences provide and effective response. Key respon... ",144,https://www.reed.co.uk/jobs/senior-cyber-security-analyst/54988340
55492261,343210,Booker Group,,,Insight Analyst Proposition & Insight Team,M307RT,,,,08/09/2025,28/07/2025,"What's in it for you At Booker, along with being a great place to work and giving you an opportunity to get on in your career, we also offer the following fantastic package of benefits: A Booker colleague card with 10% off purchases at Booker and double discount events up to three times a year. After 3 months service, a Tesco colleague discount card with 10% increasing to 15% off most purchases at Tesco for a 4 day period after every four-weekly... ",13,https://www.reed.co.uk/jobs/insight-analyst-proposition-insight-team/55492261
55464973,452448,Equiniti,,,Senior Implementation Analyst 12 month FTC,L22BW,,,,03/09/2025,23/07/2025,"Equiniti is a leading international provider of shareholder, pension, remediation, and credit technology. With over 6000 employees, it supports 37 million people in 120 countries. EQ's vision is to be the leading global share registrar, offering complementary services to its client base and our values set the core foundations to our success. We are TRUSTED to deliver on our commitments, COMMERCIAL in building long term value, COLLABORATIVE in ou... ",9,https://www.reed.co.uk/jobs/senior-implementation-analyst-12-month-ftc/55464973
55469055,398555,Erin Associates,,,Data Analyst,Ripon,35000.0,40000.0,GBP,03/09/2025,23/07/2025,"Data Analyst - Ripon 35,000 - 40,000 Excellent Benefits A global manufacturing business are looking for an experienced Data Analyst to join their team. This is a brand-new role, so would suit an experienced candidate that is adept at establishing data processes and working with different departments to consolidate data. As the go-to person for all things Data, you will be required to gather, process, and analyse data to allow the business to mak... ",136,https://www.reed.co.uk/jobs/data-analyst/55469055
55455246,331522,Harnham - Data & Analytics Recruitment,,,Data Analyst,Manchester,40000.0,45000.0,GBP,01/09/2025,21/07/2025,"Data/Product Analyst Location: Remote (UK-based only) Salary: Up to 45,000 The Company We're partnered with a well-known UK-based media and digital content group, known for owning a variety of high-traffic online brands across entertainment, genealogy, lifestyle, and learning. With millions of monthly users, the business is now focusing on converting new users into long-term subscribers through insight-led product decisions. The Role This is a j... ",196,https://www.reed.co.uk/jobs/data-analyst/55455246
55479582,340586,Burton Bolton & Rose Recruitment Services Limited,,,Data Analyst,Wembley,34000.0,34000.0,GBP,05/09/2025,25/07/2025,"Data Analyst Wembley, Middlesex 34,000 Pension This very successful local Company are currently seeking a confident and efficient Data Analyst to join their energetic team, there will be plenty of opportunity for progression with this rapidly expanding Company. Some of your duties will include: - Providing analytical support for the management team by producing detailed management information reports - Producing up-to-date accurate and relevant ... ",264,https://www.reed.co.uk/jobs/data-analyst/55479582
55400616,12998,Glen Callum Associates Automotive Ltd,,,Data Analyst,HP39BQ,28000.0,32000.0,GBP,22/08/2025,11/07/2025,"Data Analyst - Automotive Industry Do you love working with data and want to help shape real business decisions? Join a dynamic, well-established automotive parts supplier and play a key role in marketing, pricing, and product data analysis across the UK and French markets. This is a fantastic opportunity for someone with experience in data analysis , pricing , product , or marketing analytics, especially if you're looking to deepen your experti... ",168,https://www.reed.co.uk/jobs/data-analyst/55400616
55466883,620547,Independent Forgings and Alloys,,,Data Analyst,S62BL,,,,20/08/2025,23/07/2025,"Independent Forgings and Alloys Ltd (IFA) sits uniquely as the only single sited forge with open-die radial, press, hammer &amp; ring rolling AND closed-die extrusion, drop stamp and blade forging in the world. Over the last few years we have invested in the business and have successfully doubled our turnover. We are looking to continue this growth and are looking to grow our established team. Due to this continued investment and growth, we are ... ",43,https://www.reed.co.uk/jobs/data-analyst/55466883
55469055,398555,Erin Associates,,,Data Analyst,Ripon,35000.0,40000.0,GBP,03/09/2025,23/07/2025,"Data Analyst - Ripon 35,000 - 40,000 Excellent Benefits A global manufacturing business are looking for an experienced Data Analyst to join their team. This is a brand-new role, so would suit an experienced candidate that is adept at establishing data processes and working with different departments to consolidate data. As the go-to person for all things Data, you will be required to gather, process, and analyse data to allow the business to mak... ",136,https://www.reed.co.uk/jobs/data-analyst/55469055
55455246,331522,Harnham - Data & Analytics Recruitment,,,Data Analyst,Manchester,40000.0,45000.0,GBP,01/09/2025,21/07/2025,"Data/Product Analyst Location: Remote (UK-based only) Salary: Up to 45,000 The Company We're partnered with a well-known UK-based media and digital content group, known for owning a variety of high-traffic online brands across entertainment, genealogy, lifestyle, and learning. With millions of monthly users, the business is now focusing on converting new users into long-term subscribers through insight-led product decisions. The Role This is a j... ",196,https://www.reed.co.uk/jobs/data-analyst/55455246
55479582,340586,Burton Bolton & Rose Recruitment Services Limited,,,Data Analyst,Wembley,34000.0,34000.0,GBP,05/09/2025,25/07/2025,"Data Analyst Wembley, Middlesex 34,000 Pension This very successful local Company are currently seeking a confident and efficient Data Analyst to join their energetic team, there will be plenty of opportunity for progression with this rapidly expanding Company. Some of your duties will include: - Providing analytical support for the management team by producing detailed management information reports - Producing up-to-date accurate and relevant ... ",264,https://www.reed.co.uk/jobs/data-analyst/55479582
55455531,331522,Harnham - Data & Analytics Recruitment,,,Data Analyst,London,65000.0,75000.0,GBP,01/09/2025,21/07/2025,"DATA ANALYST UP TO 75,000 SOUTH EAST LONDON - HYBRID - 3 DAYS IN OFFICE *Please note, you must be a UK resident and have full right to work in the UK* THE COMPANY This UK-based subscription service offers members daily prize draws for high-value items, from cars to holidays to cash prizes! There are also free entry routes to their prize draws. THE ROLE The client is looking for a sharp, well-rounded Data or BI Analyst with 4-5 years of experienc... ",225,https://www.reed.co.uk/jobs/data-analyst/55455531
55509099,575264,Reed,,,Data Analyst,MK429AB,45000.0,45000.0,GBP,13/08/2025,30/07/2025,"Data Analyst c. 45,000 per annum Bedford Based Hybrid Working Permanent Join us at the Money and Pensions Service (MaPS) as a Data Analyst where you will be supporting analytics workstreams by gathering requirements, conducting analysis, and assisting with implementation, and collaborating with colleagues across teams to deliver data-driven insights that inform decision-making. The Data Analyst reports to the Principal Data Analyst, and the role... ",26,https://www.reed.co.uk/jobs/data-analyst/55509099
55512332,575264,Reed,,,Data Analyst,Northamptonshire,45000.0,45000.0,GBP,13/08/2025,31/07/2025,"Data Analyst c. 45,000 per annum Bedford Based Hybrid Working Permanent Join us at the Money and Pensions Service (MaPS) as a Data Analyst where you will be supporting analytics workstreams by gathering requirements, conducting analysis, and assisting with implementation, and collaborating with colleagues across teams to deliver data-driven insights that inform decision-making. The Data Analyst reports to the Principal Data Analyst, and the role... ",9,https://www.reed.co.uk/jobs/data-analyst/55512332
55556462,12998,Glen Callum Associates Automotive Ltd,,,Data Analyst,HP39BQ,,,,18/09/2025,07/08/2025,"Data Analyst - Automotive Industry Do you love working with data and want to help shape real business decisions? Do you have a background in automotive parts or a passion for the automotive aftermarket? Join a dynamic, well-established automotive parts supplier and play a key role in marketing, pricing, and product data analysis across the UK and French markets. This is a fantastic opportunity for someone with experience in data analysis , prici... ",2,https://www.reed.co.uk/jobs/data-analyst/55556462
54750527,670612,QBE Management Services (UK) Limited,,,Senior IT Business Analyst,London,,,,17/09/2025,01/04/2025,"Primary Details Time Type: Full time Worker Type: Employee Senior ITBusiness Analyst&nbsp; The Opportunity&nbsp; QBE Europe is looking for a Senior IT Business Analyst to join a well-established Transformation and technology company. This is a fantastic opportunity for someone looking to make a significant impact in a leading insurance company. You will have the chance to work with a talented and collaborative team, and your contributions will d... ",442,https://www.reed.co.uk/jobs/senior-it-business-analyst/54750527
55421395,479478,TN Recruits,,,Data Analyst,ME196JZ,26200.0,26200.0,GBP,15/08/2025,15/07/2025,"Data Analyst – West Malling, Kent – 26,200 – JULY start – Interviewing now! &nbsp; Must drive due to office location – no sponsorship. &nbsp; SQL experience and strong Excel skills are essential requirements for this role. &nbsp; Are you a recent graduate in Mathematics, Economics, or Physics, or do you possess significant experience in data interpretation and analytics? A fantastic opportunity has become available for a proactive Data Analyst t... ",130,https://www.reed.co.uk/jobs/data-analyst/55421395
55328981,17549,Tirebuck Recruitment,,,Data Analyst,B913AZ,50000.0,50000.0,GBP,12/08/2025,01/07/2025,"Job Title:&nbsp; Data Analyst Contract: &nbsp;6 to 9 Month Contract – Available for Immediate Start Hours:&nbsp; Full Time, 37.5hours, Monday to Friday Location: &nbsp;Solihull (hybrid – 3 days in the office, 2 days working at home) Salary:&nbsp; Up to 50,000 per annum Benefits: &nbsp;25 days holiday plus bank holidays (pro-rated), onsite free parking, birthday leave, salary sacrifice schemes, auto enrolment pension scheme and onsite subsidised ... ",240,https://www.reed.co.uk/jobs/data-analyst/55328981
55520923,472032,Proactive Appointments,,,Data Analyst,Exeter,35250.0,38000.0,GBP,12/09/2025,01/08/2025,"Data Analyst 2-Year Fixed-Term Contract | Hybrid – Exeter, Devon Up to 38,000 per annum&nbsp; Our client based in the South West is seeking a Data Analyst&nbsp;to join their team on an initial&nbsp;2-year fixed-term contract. The right candidate will play a crucial role in transforming&nbsp;data into actionable insights to support evidence-based decision-making. Using tools like Power BI, they will develop dashboards, produce performance analyti... ",57,https://www.reed.co.uk/jobs/data-analyst/55520923
55550523,598612,Michael Page Technology,,,Data Analyst,London,375.0,375.0,GBP,20/08/2025,06/08/2025,"We are seeking a skilled Data Analyst to join a high-impact programme team on a short-term contract basis. The successful candidate will be responsible for analysing complex workforce data, engaging with stakeholders across various departments, and providing clear, actionable insights to inform strategic workforce initiatives. Client Details You will be working with a prestigious professional body in the healthcare sector, renowned for its commi... ",62,https://www.reed.co.uk/jobs/data-analyst/55550523
55417917,4536,Gold Group Ltd,,,Data Analyst,Gillingham,32000.0,37000.0,GBP,26/08/2025,15/07/2025,"Data Analyst Gillingham, Kent Full-time on-site Data Analyst needed for a leading organisation based in Gillingham, Kent who are looking to employ an experienced Data Analyst with an in-depth knowledge of SQL, data visualization tools, Power BI and strong stakeholder management to drive improvement &amp; efficiencies. This position will be fully on-site. * Salary: 32,000 - 37,000 per annum * 25 day's holiday * Pension Plan * Full-time on-site 5 ... ",226,https://www.reed.co.uk/jobs/data-analyst/55417917
55434384,659360,BOWERFORD ASSOCIATES,,,Data Analyst,EX27RA,32000.0,35000.0,GBP,28/08/2025,17/07/2025,"I am searching for a number of Data Analysts for an initial 12 Month Fixed-Term contract to work on one of most ambitious digital transformation programmes being conducted in England and Wales currently. You will be joining a high-performing Data Engineering Team, and you will be driven, hands-on and eager to work in a fast-paced environment. The role is offered on a fully remote basis , however, if you do want to come into the office our client... ",154,https://www.reed.co.uk/jobs/data-analyst/55434384
55539854,351367,Tiger Recruitment,,,Data Analyst,W1G0EF,15.0,18.0,GBP,02/09/2025,05/08/2025,Job Title: Data Analyst (Temporary – 6 Weeks) Location: Remote (Initial Onboarding in Scotland – Travel &amp; Accommodation Covered) Rate: 15.00 – 18.00 per hour (depending on experience) Start Date: Ideally Next Week Interview Process: 1 x 20-minute video interview via MS Teams A leading logistics organisation is looking for up to four Data Analysts to support their planning team during a high-demand period. This is a fantastic short-term oppor... ,136,https://www.reed.co.uk/jobs/data-analyst/55539854
55349661,436122,Salt Search,,,Data Analyst,London,500.0,500.0,GBP,14/08/2025,03/07/2025,"?? New Job Alert - Data Analyst - Transformation Team Role ?? ?? Southeast/Hybrid with occasional on-site work ?? 500 inside IR35 ?? 6-month contract initially (Strong chance of extension to match the project length) I'm working with a local authority in the Southeast who are looking for a Data Analyst to play a vital role in their newly formed transformation team. This is your chance to work in a high impact, high trust environment, helping res... ",214,https://www.reed.co.uk/jobs/data-analyst/55349661
55500121,428127,Future Prospects,,,Data Analyst,LN63AB,30000.0,30000.0,GBP,09/09/2025,29/07/2025,"Data Analyst Lincoln, Full Time, Permanent 30,000 Our Lincoln based client is looking to appoint a talented and experienced Data Analyst . The Role The role of Data Analyst will include: Manage and optimise paid search (PPC) campaigns across Google Ads and Amazon Ads. Monitor performance to ensure campaigns meet ROAS and cost targets. Conduct keyword research and analyse performance data to guide bidding, targeting and budget decisions. Test and... ",34,https://www.reed.co.uk/jobs/data-analyst/55500121
55442557,428645,Venn Group,,,Data Analyst,Oxford,29000.0,30000.0,GBP,15/08/2025,18/07/2025,"Job Title: Data Analyst Salary: 30,000 Contract Type: Permanent Location: Hybrid (on site two days per month in Oxford About the Role This is an exciting opportunity to join a dynamic Data &amp; Analytics Department that plays a key role in delivering insights to support clinical and operational excellence across the Trust. As a Data Analyst, you will: Collect, analyse, and present data from multiple sources Collaborate with clinical, managerial... ",163,https://www.reed.co.uk/jobs/data-analyst/55442557
55495391,634671,Techunite Ltd,,,Data Analyst,KT160AD,30000.0,40000.0,GBP,09/09/2025,29/07/2025,"Data Analyst required for a leading and award winning young driver insurance brokerage based in Chertsey on a cool farm location. Recognised by The Sunday Times as one of the UK's fastest growing companies, they are scaling fast and looking to bring on their first Data Analyst to support the motor insurance operations, focussing on telematics data to improve pricing, underwriting, customer segmentation and risk assessment. Due to the rural locat... ",56,https://www.reed.co.uk/jobs/data-analyst/55495391
55460145,457096,McGregor Boyall,,,Data Analyst,BT39DP,500.0,525.0,GBP,02/09/2025,22/07/2025,"Contract Data Analyst - Investment Bank - Belfast (3 days onsite) 500- 525/day - 11 months - Inside IR35 We're hiring a Data Analyst to join the Markets Program Execution &amp; Transformation - Data Acquisition Team at a leading Investment Bank. You'll work across regulatory and transformation initiatives that span multiple trading desks, functions, and stakeholders. You'll build PySpark and SQL queries to interrogate, reconcile and analyse data... ",119,https://www.reed.co.uk/jobs/data-analyst/55460145
55523346,472032,Proactive Appointments,,,Data Analyst,Northampton,40000.0,50000.0,GBP,12/09/2025,01/08/2025,"Data Analyst Permanent | Hybrid 4 days on-site – Northampton, Northamptonshire Up to 45,000 per annum Our client, a well-established business based in Northampton, is seeking a skilled Data Analyst to join their team on a permanent basis. This is an exciting opportunity for a data-driven individual to play a key role in delivering actionable insights, supporting strategic decision-making, and contributing to the ongoing growth and success of the... ",88,https://www.reed.co.uk/jobs/data-analyst/55523346
55512518,377106,Robert Walters,,,Data Analyst,Manchester,35000.0,39000.0,GBP,11/09/2025,31/07/2025,"Data Analyst role - Be the first data professional in this business to help shape the next steps! I'm currently recruiting for a Data Analyst to join a well-established pensions business based in Manchester city centre. This is an excellent opportunity for someone who's keen to develop their career in financial services, working closely with the Finance Director and gaining first-hand exposure to how the business operates. The Role As Data Analy... ",124,https://www.reed.co.uk/jobs/data-analyst/55512518
55301163,331522,Harnham - Data & Analytics Recruitment,,,Data Analyst,London,40000.0,50000.0,GBP,07/08/2025,26/06/2025,"Data Analyst - Retail | East London (4 Days On-Site) Location: East London Working Pattern: 4 days on-site, 1 day remote Industry: Retail Type: Full-time, Permanent About the Role: We're hiring a Data Analyst for a well-established retail business that supports leading UK household brands . This is their first permanent data hire , with a chance to take ownership of reporting and analytics and drive data-led decisions across the company. You'll ... ",489,https://www.reed.co.uk/jobs/data-analyst/55301163
55330194,686167,Broadwood Resources Limited,,,Data Analyst,Mold,30000.0,30000.0,GBP,12/08/2025,01/07/2025,"Benefits: Competitive salary 25 days holiday Bank Holidays On-site parking Health insurance Pension Company Overview: This is a fantastic opportunity for an experienced Data Analyst to join a small team within the IT department of an established and respected liability loss adjusting/claims management organisation, based at Head Office in Mold. This is a varied and exciting role with a company who deliver a superior claims handling service with ... ",79,https://www.reed.co.uk/jobs/data-analyst/55330194
55411349,457096,McGregor Boyall,,,Data Analyst,London,,,,25/08/2025,14/07/2025,"Data Analyst | 6-Month Contract | London (hybrid) | 400 per day One of our public sector clients is looking for a skilled Data Analyst to join their Business Intelligence team on a 6-month contract basis. You'll play a key role in delivering data-driven insights that support commercial strategy and revenue growth across our global advertising sales business. Working with teams across Sales, Marketing, Finance, Operations and Strategy, you'll pro... ",411,https://www.reed.co.uk/jobs/data-analyst/55411349
55349623,331522,Harnham - Data & Analytics Recruitment,,,Data Analyst,London,375.0,425.0,GBP,14/08/2025,03/07/2025,"Data Analyst (Data Wrangler, SQL, Python) Location: Primarily remote (occasional collaboration days in London) Contract: Until end December 2025 (strong possibility of extension) Day Rate: 375- 425 (IR35, TBC) About the Role Join a specialist team within a leading financial services advisory consultancy, working on a high-profile, confidential investigation. This role is heavily focused on extracting, wrangling and preparing extremely large data... ",375,https://www.reed.co.uk/jobs/data-analyst/55349623
55522484,609000,Michelle Denny Recruitment,,,Data Analyst,IP224GT,35000.0,45000.0,GBP,30/08/2025,01/08/2025,"Data Analyst - Hybrid (Diss, Norfolk) Up to a negotiable 45,000, depending on experience Hybrid working: 3 days in-office (near Diss Station) | 2 days WFH - candidates must be based within a sensible East Anglia commute &nbsp; Michelle Denny Recruitment is partnering with a well-established specialist insurance business during a time of ongoing growth. We're on the lookout for a skilled Data Analyst to join their technical data team and help sha... ",85,https://www.reed.co.uk/jobs/data-analyst/55522484
55478085,323957,Career Concept,,,Data Analyst,W1D1AL,30000.0,30000.0,GBP,05/09/2025,25/07/2025,"Data Analyst / Account Manager Excel, SQL We are searching for someone who has experience as Restaurant Manager, Bar Manager, Retail Management. You will therefore have insights with regards to stock management, Shift rotas and possibly how multiple outlets/stores might operate. Possibly, you have been re-training in Data Analysis and this could be your entry position! Flexible working. Mainly remote with 1-2 days in the office monthly. 4 day we... ",321,https://www.reed.co.uk/jobs/data-analyst/55478085
55506014,436122,Salt Search,,,Data Analyst,London,30.0,40.0,GBP,10/09/2025,30/07/2025,"Salt is excited to pair with a Global Software Giant in sourcing for a Marketing Data Analyst for a 6-month contract to join their high-performing Marketing Analytics team. This role is ideal for someone who thrives in a fast-paced, data-driven environment and is passionate about uncovering insights that improve marketing performance. The successful candidate will work closely with cross-functional teams to inform strategy, optimise campaigns, a... ",190,https://www.reed.co.uk/jobs/data-analyst/55506014
55458433,539972,RSD Recruitment,,,Data Analyst,TS183HF,28000.0,35000.0,GBP,02/09/2025,22/07/2025,"Overview We're looking for a Data Analyst with a steady, detail-oriented approach and solid experience using HubSpot. In this role, you’ll support our clients’ internal teams by helping them understand and use their data more effectively. You’ll spend your time working with numbers, building reports, and identifying where things can be improved. We’re looking for someone who enjoys working independently but can also collaborate when needed. If y... ",86,https://www.reed.co.uk/jobs/data-analyst/55458433
55541411,343210,Booker Group,,,Business Analyst - Web Applications,NN81LT,,,,16/09/2025,05/08/2025,"What's in it for you At Booker, along with being a great place to work and giving you an opportunity to get on in your career, we also offer the following fantastic package of benefits: A Booker colleague card with 10% off purchases at Booker and double discount events up to three times a year. After 3 months service, a Tesco colleague discount card with 10% increasing to 15% off most purchases at Tesco for a 4 day period after every four-weekly... ",12,https://www.reed.co.uk/jobs/business-analyst-web-applications/55541411
55480637,377422,FDM Group,,,Quality Assurance Business Analyst,SE12QG,80000.0,99000.0,GBP,05/09/2025,25/07/2025,FDM is a global business and technology consultancy seeking a Quality Assurance Business Analyst to work for our client within the insurance sector. This is initially a 6-month contract with the potential to extend and will be a hybrid role that will be based in London . Our client is seeking a Quality Assurance Business Analyst to join a major transformation programme within a global organisation. This role plays a pivotal part in shaping and a... ,83,https://www.reed.co.uk/jobs/quality-assurance-business-analyst/55480637
55507764,601591,Reed Talent Solutions,,,Data Analyst,MK429AB,45000.0,45000.0,GBP,10/09/2025,30/07/2025,"Key Responsibilities: In this role you will be responsible for the following;&nbsp; Applying a range of analytical tools and techniques to explore and interpret data. Assisting in the development and monitoring of measurement frameworks, including Key Performance Indicators (KPIs). Conducting structured analysis and contributing to cross-functional analytical projects. Using established technical tools and techniques to support data analysis. En... ",29,https://www.reed.co.uk/jobs/data-analyst/55507764
55353080,409522,WTW,,,Business System Analyst - FTC 6 months,EC3M7DQ,,,,15/08/2025,04/07/2025,"We’re looking for a Business Applications &amp; Improvement Lead to join our dynamic Technology &amp; Business Improvement (TBI) team. This is a key role responsible for managing and developing the suite of technology systems and applications that support the Mid-Market area of the business. Working at the intersection of business operations and global technology, you will drive continuous improvement initiatives and deliver technical developmen... ",24,https://www.reed.co.uk/jobs/business-system-analyst-ftc-6-months/55353080
55343319,585419,Interquest ,,,Senior Data Analyst and Data Analyst,South West England,40000.0,70000.0,GBP,14/08/2025,03/07/2025,"Fully remote Data Analyst &amp; Senior Data Analyst opportunities (Please note:- you must be based in the UK for these roles) I am working with a consumer lender on two new roles within their Credit Risk &amp; Data team. The role includes translating complex business needs into scalable &amp; actionable insights. You will deliver reporting, dashboards and analysis that drive value. Experience required and the remit includes: - Owning and leading... ",160,https://www.reed.co.uk/jobs/senior-data-analyst-and-data-analyst/55343319
55505037,582327,ITOL Recruit,,,Data Analyst Trainee,RG11QH,30000.0,50000.0,GBP,10/09/2025,30/07/2025,"Are you looking to benefit from a new career in Data Analysis? If you are detail orientated, perceptive, organised, competent, analytical and can communicate well with those around you; you could have a truly rewarding future as a Data Analyst We do this using our specialised Data Analyst career programme which looks to assist and place qualified candidates into a career pathway in Data Analysis. Please note this career program is designed for e... ",2,https://www.reed.co.uk/jobs/data-analyst-trainee/55505037
55504851,582327,ITOL Recruit,,,Data Analyst Trainee,YO16GA,30000.0,50000.0,GBP,10/09/2025,30/07/2025,"Are you looking to benefit from a new career in Data Analysis? If you are detail orientated, perceptive, organised, competent, analytical and can communicate well with those around you; you could have a truly rewarding future as a Data Analyst We do this using our specialised Data Analyst career programme which looks to assist and place qualified candidates into a career pathway in Data Analysis. Please note this career program is designed for e... ",0,https://www.reed.co.uk/jobs/data-analyst-trainee/55504851
55504734,582327,ITOL Recruit,,,Data Analyst Trainee,SS140DF,30000.0,50000.0,GBP,10/09/2025,30/07/2025,"Are you looking to benefit from a new career in Data Analysis? If you are detail orientated, perceptive, organised, competent, analytical and can communicate well with those around you; you could have a truly rewarding future as a Data Analyst We do this using our specialised Data Analyst career programme which looks to assist and place qualified candidates into a career pathway in Data Analysis. Please note this career program is designed for e... ",1,https://www.reed.co.uk/jobs/data-analyst-trainee/55504734
55547228,582327,ITOL Recruit,,,Data Analyst Trainee,UB81UW,30000.0,50000.0,GBP,17/09/2025,06/08/2025,"Are you looking to benefit from a new career in Data Analysis? If you are detail orientated, perceptive, organised, competent, analytical and can communicate well with those around you; you could have a truly rewarding future as a Data Analyst We do this using our specialised Data Analyst career programme which looks to assist and place qualified candidates into a career pathway in Data Analysis. Please note this career program is designed for e... ",1,https://www.reed.co.uk/jobs/data-analyst-trainee/55547228
55546983,582327,ITOL Recruit,,,Data Analyst Trainee,EN13ES,30000.0,50000.0,GBP,17/09/2025,06/08/2025,"Are you looking to benefit from a new career in Data Analysis? If you are detail orientated, perceptive, organised, competent, analytical and can communicate well with those around you; you could have a truly rewarding future as a Data Analyst We do this using our specialised Data Analyst career programme which looks to assist and place qualified candidates into a career pathway in Data Analysis. Please note this career program is designed for e... ",0,https://www.reed.co.uk/jobs/data-analyst-trainee/55546983
55495661,582327,ITOL Recruit,,,Data Analyst Trainee,AB115BU,30000.0,50000.0,GBP,09/09/2025,29/07/2025,"Are you looking to benefit from a new career in Data Analysis? If you are detail orientated, perceptive, organised, competent, analytical and can communicate well with those around you; you could have a truly rewarding future as a Data Analyst We do this using our specialised Data Analyst career programme which looks to assist and place qualified candidates into a career pathway in Data Analysis. Please note this career program is designed for e... ",1,https://www.reed.co.uk/jobs/data-analyst-trainee/55495661
55495637,582327,ITOL Recruit,,,Data Analyst Trainee,HA12XY,30000.0,50000.0,GBP,09/09/2025,29/07/2025,"Are you looking to benefit from a new career in Data Analysis? If you are detail orientated, perceptive, organised, competent, analytical and can communicate well with those around you; you could have a truly rewarding future as a Data Analyst We do this using our specialised Data Analyst career programme which looks to assist and place qualified candidates into a career pathway in Data Analysis. Please note this career program is designed for e... ",4,https://www.reed.co.uk/jobs/data-analyst-trainee/55495637
55546783,582327,ITOL Recruit,,,Data Analyst Trainee,L23SW,30000.0,50000.0,GBP,17/09/2025,06/08/2025,"Are you looking to benefit from a new career in Data Analysis? If you are detail orientated, perceptive, organised, competent, analytical and can communicate well with those around you; you could have a truly rewarding future as a Data Analyst We do this using our specialised Data Analyst career programme which looks to assist and place qualified candidates into a career pathway in Data Analysis. Please note this career program is designed for e... ",0,https://www.reed.co.uk/jobs/data-analyst-trainee/55546783
55495521,582327,ITOL Recruit,,,Data Analyst Trainee,SW182PU,30000.0,50000.0,GBP,09/09/2025,29/07/2025,"Are you looking to benefit from a new career in Data Analysis? If you are detail orientated, perceptive, organised, competent, analytical and can communicate well with those around you; you could have a truly rewarding future as a Data Analyst We do this using our specialised Data Analyst career programme which looks to assist and place qualified candidates into a career pathway in Data Analysis. Please note this career program is designed for e... ",1,https://www.reed.co.uk/jobs/data-analyst-trainee/55495521
55495440,582327,ITOL Recruit,,,Data Analyst Trainee,HD11BG,30000.0,50000.0,GBP,09/09/2025,29/07/2025,"Are you looking to benefit from a new career in Data Analysis? If you are detail orientated, perceptive, organised, competent, analytical and can communicate well with those around you; you could have a truly rewarding future as a Data Analyst We do this using our specialised Data Analyst career programme which looks to assist and place qualified candidates into a career pathway in Data Analysis. Please note this career program is designed for e... ",4,https://www.reed.co.uk/jobs/data-analyst-trainee/55495440
55493297,582327,ITOL Recruit,,,Data Analyst Trainee,GL12TG,30000.0,50000.0,GBP,08/09/2025,28/07/2025,"Are you looking to benefit from a new career in Data Analysis? If you are detail orientated, perceptive, organised, competent, analytical and can communicate well with those around you; you could have a truly rewarding future as a Data Analyst We do this using our specialised Data Analyst career programme which looks to assist and place qualified candidates into a career pathway in Data Analysis. Please note this career program is designed for e... ",2,https://www.reed.co.uk/jobs/data-analyst-trainee/55493297
55493179,582327,ITOL Recruit,,,Data Analyst Trainee,G11AB,30000.0,50000.0,GBP,08/09/2025,28/07/2025,"Are you looking to benefit from a new career in Data Analysis? If you are detail orientated, perceptive, organised, competent, analytical and can communicate well with those around you; you could have a truly rewarding future as a Data Analyst We do this using our specialised Data Analyst career programme which looks to assist and place qualified candidates into a career pathway in Data Analysis. Please note this career program is designed for e... ",4,https://www.reed.co.uk/jobs/data-analyst-trainee/55493179
55491580,582327,ITOL Recruit,,,Data Analyst Trainee,E11BJ,30000.0,50000.0,GBP,08/09/2025,28/07/2025,"Are you looking to benefit from a new career in Data Analysis? If you are detail orientated, perceptive, organised, competent, analytical and can communicate well with those around you; you could have a truly rewarding future as a Data Analyst We do this using our specialised Data Analyst career programme which looks to assist and place qualified candidates into a career pathway in Data Analysis. Please note this career program is designed for e... ",2,https://www.reed.co.uk/jobs/data-analyst-trainee/55491580
55538630,582327,ITOL Recruit,,,Data Analyst Trainee,IG11DD,30000.0,50000.0,GBP,16/09/2025,05/08/2025,"Are you looking to benefit from a new career in Data Analysis? If you are detail orientated, perceptive, organised, competent, analytical and can communicate well with those around you; you could have a truly rewarding future as a Data Analyst We do this using our specialised Data Analyst career programme which looks to assist and place qualified candidates into a career pathway in Data Analysis. Please note this career program is designed for e... ",2,https://www.reed.co.uk/jobs/data-analyst-trainee/55538630
55535515,582327,ITOL Recruit,,,Data Analyst Trainee,BT15GS,30000.0,50000.0,GBP,15/09/2025,04/08/2025,"Are you looking to benefit from a new career in Data Analysis? If you are detail orientated, perceptive, organised, competent, analytical and can communicate well with those around you; you could have a truly rewarding future as a Data Analyst We do this using our specialised Data Analyst career programme which looks to assist and place qualified candidates into a career pathway in Data Analysis. Please note this career program is designed for e... ",0,https://www.reed.co.uk/jobs/data-analyst-trainee/55535515
55535432,582327,ITOL Recruit,,,Data Analyst Trainee,SR13AA,30000.0,50000.0,GBP,15/09/2025,04/08/2025,"Are you looking to benefit from a new career in Data Analysis? If you are detail orientated, perceptive, organised, competent, analytical and can communicate well with those around you; you could have a truly rewarding future as a Data Analyst We do this using our specialised Data Analyst career programme which looks to assist and place qualified candidates into a career pathway in Data Analysis. Please note this career program is designed for e... ",0,https://www.reed.co.uk/jobs/data-analyst-trainee/55535432
55464899,582327,ITOL Recruit,,,Data Analyst Trainee,KT11EU,30000.0,50000.0,GBP,03/09/2025,23/07/2025,"Are you looking to benefit from a new career in Data Analysis? If you are detail orientated, perceptive, organised, competent, analytical and can communicate well with those around you; you could have a truly rewarding future as a Data Analyst We do this using our specialised Data Analyst career programme which looks to assist and place qualified candidates into a career pathway in Data Analysis. Please note this career program is designed for e... ",18,https://www.reed.co.uk/jobs/data-analyst-trainee/55464899
55464846,582327,ITOL Recruit,,,Data Analyst Trainee,S12HH,30000.0,50000.0,GBP,03/09/2025,23/07/2025,"Are you looking to benefit from a new career in Data Analysis? If you are detail orientated, perceptive, organised, competent, analytical and can communicate well with those around you; you could have a truly rewarding future as a Data Analyst We do this using our specialised Data Analyst career programme which looks to assist and place qualified candidates into a career pathway in Data Analysis. Please note this career program is designed for e... ",7,https://www.reed.co.uk/jobs/data-analyst-trainee/55464846
55464521,582327,ITOL Recruit,,,Data Analyst Trainee,N12UD,30000.0,50000.0,GBP,03/09/2025,23/07/2025,"Are you looking to benefit from a new career in Data Analysis? If you are detail orientated, perceptive, organised, competent, analytical and can communicate well with those around you; you could have a truly rewarding future as a Data Analyst We do this using our specialised Data Analyst career programme which looks to assist and place qualified candidates into a career pathway in Data Analysis. Please note this career program is designed for e... ",3,https://www.reed.co.uk/jobs/data-analyst-trainee/55464521
55457509,582327,ITOL Recruit,,,Data Analyst Trainee,DN13QQ,30000.0,50000.0,GBP,02/09/2025,22/07/2025,"Are you looking to benefit from a new career in Data Analysis? If you are detail orientated, perceptive, organised, competent, analytical and can communicate well with those around you; you could have a truly rewarding future as a Data Analyst We do this using our specialised Data Analyst career programme which looks to assist and place qualified candidates into a career pathway in Data Analysis. Please note this career program is designed for e... ",3,https://www.reed.co.uk/jobs/data-analyst-trainee/55457509
55452413,582327,ITOL Recruit,,,Data Analyst Trainee,BH26DY,30000.0,50000.0,GBP,01/09/2025,21/07/2025,"Are you looking to benefit from a new career in Data Analysis? If you are detail orientated, perceptive, organised, competent, analytical and can communicate well with those around you; you could have a truly rewarding future as a Data Analyst We do this using our specialised Data Analyst career programme which looks to assist and place qualified candidates into a career pathway in Data Analysis. Please note this career program is designed for e... ",4,https://www.reed.co.uk/jobs/data-analyst-trainee/55452413
55452180,582327,ITOL Recruit,,,Data Analyst Trainee,RM14GR,30000.0,50000.0,GBP,01/09/2025,21/07/2025,"Are you looking to benefit from a new career in Data Analysis? If you are detail orientated, perceptive, organised, competent, analytical and can communicate well with those around you; you could have a truly rewarding future as a Data Analyst We do this using our specialised Data Analyst career programme which looks to assist and place qualified candidates into a career pathway in Data Analysis. Please note this career program is designed for e... ",3,https://www.reed.co.uk/jobs/data-analyst-trainee/55452180
55452178,582327,ITOL Recruit,,,Data Analyst Trainee,NW44BG,30000.0,50000.0,GBP,01/09/2025,21/07/2025,"Are you looking to benefit from a new career in Data Analysis? If you are detail orientated, perceptive, organised, competent, analytical and can communicate well with those around you; you could have a truly rewarding future as a Data Analyst We do this using our specialised Data Analyst career programme which looks to assist and place qualified candidates into a career pathway in Data Analysis. Please note this career program is designed for e... ",3,https://www.reed.co.uk/jobs/data-analyst-trainee/55452178
55452056,582327,ITOL Recruit,,,Data Analyst Trainee,SA13SN,30000.0,50000.0,GBP,01/09/2025,21/07/2025,"Are you looking to benefit from a new career in Data Analysis? If you are detail orientated, perceptive, organised, competent, analytical and can communicate well with those around you; you could have a truly rewarding future as a Data Analyst We do this using our specialised Data Analyst career programme which looks to assist and place qualified candidates into a career pathway in Data Analysis. Please note this career program is designed for e... ",2,https://www.reed.co.uk/jobs/data-analyst-trainee/55452056
55425601,582327,ITOL Recruit,,,Data Analyst Trainee,FY11AN,30000.0,50000.0,GBP,27/08/2025,16/07/2025,"Are you looking to benefit from a new career in Data Analysis? If you are detail orientated, perceptive, organised, competent, analytical and can communicate well with those around you; you could have a truly rewarding future as a Data Analyst We do this using our specialised Data Analyst career programme which looks to assist and place qualified candidates into a career pathway in Data Analysis. Please note this career program is designed for e... ",5,https://www.reed.co.uk/jobs/data-analyst-trainee/55425601
55425257,582327,ITOL Recruit,,,Data Analyst Trainee,B742PN,30000.0,50000.0,GBP,27/08/2025,16/07/2025,"Are you looking to benefit from a new career in Data Analysis? If you are detail orientated, perceptive, organised, competent, analytical and can communicate well with those around you; you could have a truly rewarding future as a Data Analyst We do this using our specialised Data Analyst career programme which looks to assist and place qualified candidates into a career pathway in Data Analysis. Please note this career program is designed for e... ",7,https://www.reed.co.uk/jobs/data-analyst-trainee/55425257
55417591,582327,ITOL Recruit,,,Data Analyst Trainee,NG23NG,30000.0,50000.0,GBP,26/08/2025,15/07/2025,"Are you looking to benefit from a new career in Data Analysis? If you are detail orientated, perceptive, organised, competent, analytical and can communicate well with those around you; you could have a truly rewarding future as a Data Analyst We do this using our specialised Data Analyst career programme which looks to assist and place qualified candidates into a career pathway in Data Analysis. Please note this career program is designed for e... ",9,https://www.reed.co.uk/jobs/data-analyst-trainee/55417591
55409360,582327,ITOL Recruit,,,Data Analyst Trainee,SO147LY,30000.0,50000.0,GBP,25/08/2025,14/07/2025,"Are you looking to benefit from a new career in Data Analysis? If you are detail orientated, perceptive, organised, competent, analytical and can communicate well with those around you; you could have a truly rewarding future as a Data Analyst We do this using our specialised Data Analyst career programme which looks to assist and place qualified candidates into a career pathway in Data Analysis. Please note this career program is designed for e... ",6,https://www.reed.co.uk/jobs/data-analyst-trainee/55409360
55504888,582327,ITOL Recruit,,,Data Analyst Trainee,BT15GS,30000.0,50000.0,GBP,10/09/2025,30/07/2025,"Are you looking to benefit from a new career in Data Analysis? If you are detail orientated, perceptive, organised, competent, analytical and can communicate well with those around you; you could have a truly rewarding future as a Data Analyst We do this using our specialised Data Analyst career programme which looks to assist and place qualified candidates into a career pathway in Data Analysis. Please note this career program is designed for e... ",1,https://www.reed.co.uk/jobs/data-analyst-trainee/55504888
54941241,659815,Newto Training,,,Trainee Data Analyst,United Kingdom,,,,16/08/2025,02/05/2025,"Are you ready to start a new career in Data Analysis? The demand for Data Analysts has grown by 20% annually, with experienced professionals earning salaries upwards of 58,000. In today’s digital world, data is critical to business decision-making, making the role of a Data Analyst indispensable. As skills shortages continue to grow, the demand for qualified entry-level professionals is on the rise. With our Data Analytics career programme we wi... ",150,https://www.reed.co.uk/jobs/trainee-data-analyst/54941241
55454577,659815,Newto Training,,,Data Analyst Trainee,United Kingdom,,,,01/09/2025,21/07/2025,"Are you ready to start a new career in Data Analysis? The demand for Data Analysts has grown by 20% annually, with experienced professionals earning salaries upwards of 58,000. In today’s digital world, data is critical to business decision-making, making the role of a Data Analyst indispensable. As skills shortages continue to grow, the demand for qualified entry-level professionals is on the rise. With our Data Analytics career programme we wi... ",16,https://www.reed.co.uk/jobs/data-analyst-trainee/55454577
55320958,377106,Robert Walters,,,Senior Data Analyst,Birmingham,,,,11/08/2025,30/06/2025,"Senior Data Analyst Birmingham (hybrid) 45,000 to 55,000 per annum Permanent We are pleased to be recruiting for a Senior BI Analyst in the Birmingham area. You will be responsible for the development of dashboards, reports and provision of actionable insights. This role will suit someone who is strong within Power BI, SQL, Excel and Python. Senior Data Analyst - What will you be doing? * Leading the design and delivery of dashboards and forecas... ",190,https://www.reed.co.uk/jobs/senior-data-analyst/55320958
55330949,539853,James Frank Associates,,,Graduate Data Analyst,Kings Hill,26000.0,26000.0,GBP,12/08/2025,01/07/2025,"Our client, a leading business in their field in the Financial Services industry is seeking a Graduate Data Analyst to join them on a full-time, permanent basis. Due to growth our client is experiencing an exciting time and are looking to add a Graduate Data Analyst to their team. This is the idea first role for someone looking to kickstart their career within data analysis, who has recently graduated in the field of either Science, Engineering,... ",54,https://www.reed.co.uk/jobs/graduate-data-analyst/55330949
55366074,464685,Lorien,,,Data Analyst Snowflake,Edinburgh,0.0,0.0,GBP,18/08/2025,07/07/2025,"Data Analyst London 6 Month Contract Via Umbrella Our UK leading banking client are looking for a Data Analyst to join their team on an initial 6-month contract. Key Skills: Data Tables Data Mapping Snowflake Financial services SQL Json Mortgage experience desired If you find this opportunity intriguing and aligning with your skill set, we welcome the submission of your CV without delay. Carbon60, Lorien &amp; SRG - The Impellam Group STEM Portf... ",73,https://www.reed.co.uk/jobs/data-analyst-snowflake/55366074
55155354,331522,Harnham - Data & Analytics Recruitment,,,Senior Data Analyst,Reading,50000.0,60000.0,GBP,22/08/2025,05/06/2025,"Senior Data Analyst - 60,000 Benefits ?? Reading (2-3 days in-office) ? Hybrid working | No sponsorship available Join a global leader in marketing data and analytics, helping the world's biggest brands understand people and drive growth through powerful insights. We're looking for a Senior Data Analyst to support survey optimisation and revenue performance-delivering meaningful insights at scale within a high-impact team reporting directly to t... ",125,https://www.reed.co.uk/jobs/senior-data-analyst/55155354
55545013,331522,Harnham - Data & Analytics Recruitment,,,Marketing Data Analyst,London,28000.0,35000.0,GBP,16/09/2025,05/08/2025,"Job Title: Marketing Data Analyst Location: London (Hybrid - 2-3 days/week in office) Salary: 35,000 A well-established professional services firm is seeking a Marketing Data Analyst to support its growing analytics and insights team. This is an ideal role for someone with a keen eye for data, looking to build a strong foundation in analytics within a collaborative, commercially focused environment. The Role: You'll work alongside experienced an... ",38,https://www.reed.co.uk/jobs/marketing-data-analyst/55545013
55532846,400133,Pearson Whiffin Recruitment Ltd,,,Data Analyst - PowerBI,Maidstone,28000.0,32000.0,GBP,01/09/2025,04/08/2025,"Data Analyst – PowerBI, SQL, Excel We are working with a Kent based company who are looking for a Data Analyst with experience of data reporting and insight, basically they want to make better use of data !!!&nbsp; The main focus, around data structure and architecture will be dashboarding, testing and validation as well as documentation and report writing as well as presenting to Stakeholders as and when required.&nbsp; You will need to develop... ",65,https://www.reed.co.uk/jobs/data-analyst-powerbi/55532846
55458114,377106,Robert Walters,,,Data Governance Analyst,London,50000.0,65000.0,GBP,02/09/2025,22/07/2025,"An exciting opportunity has arisen for a Data Analyst with expertise in Data Governance to join an international bank based in London. This role is perfect for someone passionate about shaping data management practices, ensuring the highest standards of data quality, and fostering a culture of best practice across the business. You will play a pivotal part in implementing a comprehensive Data Strategy, including the introduction of a Data Catalo... ",122,https://www.reed.co.uk/jobs/data-governance-analyst/55458114
55509804,306931,auricoe,,,Data Protection Analyst,London,50000.0,57000.0,GBP,10/09/2025,30/07/2025,"Are you an experienced Data Protection Analyst looking to take full ownership of privacy and data governance in a high-impact, standalone role? A prestigious financial services and asset finance organisation in London seeks a confident and capable Data Protection Analyst to lead data privacy activity across its Asset Finance &amp; Leasing division. You’ll play a vital role in embedding data protection best practices, ensuring compliance with UK ... ",41,https://www.reed.co.uk/jobs/data-protection-analyst/55509804
55473882,464685,Lorien,,,Junior Data Analyst,WD171TX,,,,04/09/2025,24/07/2025,"Data Analyst - 6 month contract - North London Based My global client is currently looking for a Data Analyst to join their Supply Chain Analytics team. This role will report into the Logistics Manager - Supply Chain Analytics - you will primary be responsible for working on day to day data analysis, building datasets, and a strategic project to replace existing manual Excel reports with automated database sourced Power BI dashboards. Some of yo... ",195,https://www.reed.co.uk/jobs/junior-data-analyst/55473882
55452342,662593,Tenth Revolution Group,,,Financial Data Analyst,Fareham,33000.0,45000.0,GBP,01/09/2025,21/07/2025,"Financial Data Analyst I'm working with a fast-growing organisation that is looking to expand its financial planning and analysis capabilities. As part of their continued growth, they're seeking a highly motivated Financial Data Analyst to join their team and play a key role in shaping strategic decision-making through data-driven insights. This is an exciting opportunity to work closely with the Head of FP&amp;A and gain exposure to high-level ... ",82,https://www.reed.co.uk/jobs/financial-data-analyst/55452342
55552070,331522,Harnham - Data & Analytics Recruitment,,,Senior Data Analyst,London,45000.0,60000.0,GBP,17/09/2025,06/08/2025,"Senior Data Analyst - London - 60,000 Benefits Hybrid (2-3 days/week in London office) We're working exclusively with a global leader in data and analytics, hiring a commercially minded Senior Data Analyst to help optimise how millions of survey responses are matched, priced, and delivered to some of the world's biggest brands. This is a high-impact, insight-driven role working across commercial, product, and data science teams to boost performa... ",16,https://www.reed.co.uk/jobs/senior-data-analyst/55552070
55472649,524744,Hays Specialist Recruitment Limited,,,Data Analyst FTC,Glasgow,40000.0,45000.0,GBP,04/09/2025,24/07/2025,"Your new company We are currently working with a forward thinking, highly reputable public sector organisation based in Glasgow. This organisation is a key player in the wider public sector landscape within the Glasgow area - and with huge plans to grow, they are looking to hire a contract Data Analyst to help them on their journey. The particular project they require support on is an ERP project, with a focus on migration. Data is a key part of... ",41,https://www.reed.co.uk/jobs/data-analyst-ftc/55472649
55393496,331522,Harnham - Data & Analytics Recruitment,,,Commercial Data Analyst,London,42000.0,53000.0,GBP,21/08/2025,10/07/2025,"COMMERCIAL DATA ANALYST 42,000 - 53,000 LONDON - 1-2X A WEEK *Please note, this company is unable to sponsor, and you must be a UK resident to apply* THE COMPANY Join a dynamic global company that has evolved from a publishing icon into a leading multimedia and brand consultancy business. With a focus on storytelling, data, and creative brand engagement, the company partners with major international clients to deliver unique campaigns, media con... ",180,https://www.reed.co.uk/jobs/commercial-data-analyst/55393496
55514699,331522,Harnham - Data & Analytics Recruitment,,,Commercial Data Analyst,London,55000.0,65000.0,GBP,11/09/2025,31/07/2025,"? Commercial Data Analyst ?? London (Hybrid - 2-3 days in office, results-focused) ?? Up to 65,000 Bonus Benefits Looking to join a fast-paced, commercially driven business where data has a seat at the table ? This is a brand-new opportunity within a high-growth retail group backed by major wins in the travel space - perfect for someone who wants ownership, pace, and visibility from day one. THE ROLE Sitting in a lean but growing commercial func... ",97,https://www.reed.co.uk/jobs/commercial-data-analyst/55514699
55433347,524744,Hays Specialist Recruitment Limited,,,Senior Data Analyst,Coalville,43001.0,47779.0,GBP,28/08/2025,17/07/2025,"43,001 - 47,779 per annum, flexible hybrid working pattern (2 days per week in office), 35-hour week, 39 days annual leave (including statutory days), good pension scheme and other generous benefits This post is subject to DBS clearance. Hays Technology are working in partnership with a large public sector organisation in Coalville to recruit a Senior Data Analyst to join their Technology team on a permanent basis. The successful candidate will ... ",88,https://www.reed.co.uk/jobs/senior-data-analyst/55433347
55374938,563845,Adecco ,,,Environmental Data Analyst,Bristol,175.0,175.0,GBP,19/08/2025,08/07/2025,Environmental Data Analyst Location: Bristol (Hybrid - 3 days per week in office) Contract Type: 6 months (with potential for extension) Rate (PAYE): 175 per day We're seeking a proactive and detail-oriented Environmental Data Analyst to join our high-profile energy client's Environment Team on an initial 6-month contract. This role is critical in supporting regulatory reporting and environmental performance tracking- with a strong focus on data... ,69,https://www.reed.co.uk/jobs/environmental-data-analyst/55374938
55497717,626303,The Portfolio Group,,,Jr Data Analyst,M44FB,25000.0,30000.0,GBP,09/09/2025,29/07/2025,"Our client is a dynamic and ambitious insurance company based in the heart of Manchester, and they're on the lookout for a talented Junior Data Analyst to help them drive data-led decisions as they scale. If you're passionate about transforming raw data into actionable insights and thrive in a collaborative, small-team environment - they'd love to meet you. 5 days on site | 30,000 per year What You'll Do: Assist in collecting, cleaning, and tran... ",106,https://www.reed.co.uk/jobs/jr-data-analyst/55497717
55387592,664120,Robert Half,,,CRM Data Analyst,Shifnal,30000.0,35000.0,GBP,20/08/2025,09/07/2025,"Robert Half are pleased to have partnered with a not-for-profit organisation in Shifnal to recruit a CRM Data Analyst. This is essential in ensuring data is accurate, accessible and strategically used to drive business insight and customer engagement. This will be both a hands-on technical lead and a cross-team collaborator, improving systems, processes and insights that support business growth. This is a permanent role, paying up to 35,000 with... ",77,https://www.reed.co.uk/jobs/crm-data-analyst/55387592
55505049,582327,ITOL Recruit,,,Data Analyst Trainee,E174JF,30000.0,50000.0,GBP,10/09/2025,30/07/2025,"Are you looking to benefit from a new career in Data Analysis? If you are detail orientated, perceptive, organised, competent, analytical and can communicate well with those around you; you could have a truly rewarding future as a Data Analyst We do this using our specialised Data Analyst career programme which looks to assist and place qualified candidates into a career pathway in Data Analysis. Please note this career program is designed for e... ",3,https://www.reed.co.uk/jobs/data-analyst-trainee/55505049
55495647,582327,ITOL Recruit,,,Data Analyst Trainee,SE64RU,30000.0,50000.0,GBP,09/09/2025,29/07/2025,"Are you looking to benefit from a new career in Data Analysis? If you are detail orientated, perceptive, organised, competent, analytical and can communicate well with those around you; you could have a truly rewarding future as a Data Analyst We do this using our specialised Data Analyst career programme which looks to assist and place qualified candidates into a career pathway in Data Analysis. Please note this career program is designed for e... ",1,https://www.reed.co.uk/jobs/data-analyst-trainee/55495647
55546741,582327,ITOL Recruit,,,Data Analyst Trainee,NG181HX,30000.0,50000.0,GBP,17/09/2025,06/08/2025,"Are you looking to benefit from a new career in Data Analysis? If you are detail orientated, perceptive, organised, competent, analytical and can communicate well with those around you; you could have a truly rewarding future as a Data Analyst We do this using our specialised Data Analyst career programme which looks to assist and place qualified candidates into a career pathway in Data Analysis. Please note this career program is designed for e... ",0,https://www.reed.co.uk/jobs/data-analyst-trainee/55546741
55493359,582327,ITOL Recruit,,,Data Analyst Trainee,SL13UQ,30000.0,50000.0,GBP,08/09/2025,28/07/2025,"Are you looking to benefit from a new career in Data Analysis? If you are detail orientated, perceptive, organised, competent, analytical and can communicate well with those around you; you could have a truly rewarding future as a Data Analyst We do this using our specialised Data Analyst career programme which looks to assist and place qualified candidates into a career pathway in Data Analysis. Please note this career program is designed for e... ",0,https://www.reed.co.uk/jobs/data-analyst-trainee/55493359
55493312,582327,ITOL Recruit,,,Data Analyst Trainee,SE58UN,30000.0,50000.0,GBP,08/09/2025,28/07/2025,"Are you looking to benefit from a new career in Data Analysis? If you are detail orientated, perceptive, organised, competent, analytical and can communicate well with those around you; you could have a truly rewarding future as a Data Analyst We do this using our specialised Data Analyst career programme which looks to assist and place qualified candidates into a career pathway in Data Analysis. Please note this career program is designed for e... ",8,https://www.reed.co.uk/jobs/data-analyst-trainee/55493312
55493287,582327,ITOL Recruit,,,Data Analyst Trainee,EH88BG,30000.0,50000.0,GBP,08/09/2025,28/07/2025,"Are you looking to benefit from a new career in Data Analysis? If you are detail orientated, perceptive, organised, competent, analytical and can communicate well with those around you; you could have a truly rewarding future as a Data Analyst We do this using our specialised Data Analyst career programme which looks to assist and place qualified candidates into a career pathway in Data Analysis. Please note this career program is designed for e... ",3,https://www.reed.co.uk/jobs/data-analyst-trainee/55493287
55493228,582327,ITOL Recruit,,,Data Analyst Trainee,SE186HQ,30000.0,50000.0,GBP,08/09/2025,28/07/2025,"Are you looking to benefit from a new career in Data Analysis? If you are detail orientated, perceptive, organised, competent, analytical and can communicate well with those around you; you could have a truly rewarding future as a Data Analyst We do this using our specialised Data Analyst career programme which looks to assist and place qualified candidates into a career pathway in Data Analysis. Please note this career program is designed for e... ",5,https://www.reed.co.uk/jobs/data-analyst-trainee/55493228
55464654,582327,ITOL Recruit,,,Data Analyst Trainee,CF103ND,30000.0,50000.0,GBP,03/09/2025,23/07/2025,"Are you looking to benefit from a new career in Data Analysis? If you are detail orientated, perceptive, organised, competent, analytical and can communicate well with those around you; you could have a truly rewarding future as a Data Analyst We do this using our specialised Data Analyst career programme which looks to assist and place qualified candidates into a career pathway in Data Analysis. Please note this career program is designed for e... ",4,https://www.reed.co.uk/jobs/data-analyst-trainee/55464654
55464491,582327,ITOL Recruit,,,Data Analyst Trainee,DY11HP,30000.0,50000.0,GBP,03/09/2025,23/07/2025,"Are you looking to benefit from a new career in Data Analysis? If you are detail orientated, perceptive, organised, competent, analytical and can communicate well with those around you; you could have a truly rewarding future as a Data Analyst We do this using our specialised Data Analyst career programme which looks to assist and place qualified candidates into a career pathway in Data Analysis. Please note this career program is designed for e... ",4,https://www.reed.co.uk/jobs/data-analyst-trainee/55464491
55459964,582327,ITOL Recruit,,,Data Analyst Trainee,SW21RW,30000.0,50000.0,GBP,02/09/2025,22/07/2025,"Are you looking to benefit from a new career in Data Analysis? If you are detail orientated, perceptive, organised, competent, analytical and can communicate well with those around you; you could have a truly rewarding future as a Data Analyst We do this using our specialised Data Analyst career programme which looks to assist and place qualified candidates into a career pathway in Data Analysis. Please note this career program is designed for e... ",4,https://www.reed.co.uk/jobs/data-analyst-trainee/55459964
55457550,582327,ITOL Recruit,,,Data Analyst Trainee,SW191LA,30000.0,50000.0,GBP,02/09/2025,22/07/2025,"Are you looking to benefit from a new career in Data Analysis? If you are detail orientated, perceptive, organised, competent, analytical and can communicate well with those around you; you could have a truly rewarding future as a Data Analyst We do this using our specialised Data Analyst career programme which looks to assist and place qualified candidates into a career pathway in Data Analysis. Please note this career program is designed for e... ",0,https://www.reed.co.uk/jobs/data-analyst-trainee/55457550
55457539,582327,ITOL Recruit,,,Data Analyst Trainee,RH101UZ,30000.0,50000.0,GBP,02/09/2025,22/07/2025,"Are you looking to benefit from a new career in Data Analysis? If you are detail orientated, perceptive, organised, competent, analytical and can communicate well with those around you; you could have a truly rewarding future as a Data Analyst We do this using our specialised Data Analyst career programme which looks to assist and place qualified candidates into a career pathway in Data Analysis. Please note this career program is designed for e... ",1,https://www.reed.co.uk/jobs/data-analyst-trainee/55457539
55457529,582327,ITOL Recruit,,,Data Analyst Trainee,IG117LU,30000.0,50000.0,GBP,02/09/2025,22/07/2025,"Are you looking to benefit from a new career in Data Analysis? If you are detail orientated, perceptive, organised, competent, analytical and can communicate well with those around you; you could have a truly rewarding future as a Data Analyst We do this using our specialised Data Analyst career programme which looks to assist and place qualified candidates into a career pathway in Data Analysis. Please note this career program is designed for e... ",5,https://www.reed.co.uk/jobs/data-analyst-trainee/55457529
55457527,582327,ITOL Recruit,,,Data Analyst Trainee,NR21NH,30000.0,50000.0,GBP,02/09/2025,22/07/2025,"Are you looking to benefit from a new career in Data Analysis? If you are detail orientated, perceptive, organised, competent, analytical and can communicate well with those around you; you could have a truly rewarding future as a Data Analyst We do this using our specialised Data Analyst career programme which looks to assist and place qualified candidates into a career pathway in Data Analysis. Please note this career program is designed for e... ",2,https://www.reed.co.uk/jobs/data-analyst-trainee/55457527
55452362,582327,ITOL Recruit,,,Data Analyst Trainee,NN11DE,30000.0,50000.0,GBP,01/09/2025,21/07/2025,"Are you looking to benefit from a new career in Data Analysis? If you are detail orientated, perceptive, organised, competent, analytical and can communicate well with those around you; you could have a truly rewarding future as a Data Analyst We do this using our specialised Data Analyst career programme which looks to assist and place qualified candidates into a career pathway in Data Analysis. Please note this career program is designed for e... ",2,https://www.reed.co.uk/jobs/data-analyst-trainee/55452362
55452208,582327,ITOL Recruit,,,Data Analyst Trainee,OX11BX,30000.0,50000.0,GBP,01/09/2025,21/07/2025,"Are you looking to benefit from a new career in Data Analysis? If you are detail orientated, perceptive, organised, competent, analytical and can communicate well with those around you; you could have a truly rewarding future as a Data Analyst We do this using our specialised Data Analyst career programme which looks to assist and place qualified candidates into a career pathway in Data Analysis. Please note this career program is designed for e... ",2,https://www.reed.co.uk/jobs/data-analyst-trainee/55452208
55417429,582327,ITOL Recruit,,,Data Analyst Trainee,CV15RR,30000.0,50000.0,GBP,26/08/2025,15/07/2025,"Are you looking to benefit from a new career in Data Analysis? If you are detail orientated, perceptive, organised, competent, analytical and can communicate well with those around you; you could have a truly rewarding future as a Data Analyst We do this using our specialised Data Analyst career programme which looks to assist and place qualified candidates into a career pathway in Data Analysis. Please note this career program is designed for e... ",13,https://www.reed.co.uk/jobs/data-analyst-trainee/55417429
55417304,582327,ITOL Recruit,,,Data Analyst Trainee,CB21BY,30000.0,50000.0,GBP,26/08/2025,15/07/2025,"Are you looking to benefit from a new career in Data Analysis? If you are detail orientated, perceptive, organised, competent, analytical and can communicate well with those around you; you could have a truly rewarding future as a Data Analyst We do this using our specialised Data Analyst career programme which looks to assist and place qualified candidates into a career pathway in Data Analysis. Please note this career program is designed for e... ",2,https://www.reed.co.uk/jobs/data-analyst-trainee/55417304
55417303,582327,ITOL Recruit,,,Data Analyst Trainee,BS15TR,30000.0,50000.0,GBP,26/08/2025,15/07/2025,"Are you looking to benefit from a new career in Data Analysis? If you are detail orientated, perceptive, organised, competent, analytical and can communicate well with those around you; you could have a truly rewarding future as a Data Analyst We do this using our specialised Data Analyst career programme which looks to assist and place qualified candidates into a career pathway in Data Analysis. Please note this career program is designed for e... ",5,https://www.reed.co.uk/jobs/data-analyst-trainee/55417303
55351739,582327,ITOL Recruit,,,Data Analyst Trainee,United Kingdom,30000.0,50000.0,GBP,15/08/2025,04/07/2025,"Are you looking to benefit from a new career in Data Analysis? If you are detail orientated, perceptive, organised, competent, analytical and can communicate well with those around you; you could have a truly rewarding future as a Data Analyst We do this using our specialised Data Analyst career programme which looks to assist and place qualified candidates into a career pathway in Data Analysis. Please note this career program is designed for e... ",107,https://www.reed.co.uk/jobs/data-analyst-trainee/55351739
55535303,582327,ITOL Recruit,,,Data Analyst Trainee,SW21RW,30000.0,50000.0,GBP,15/09/2025,04/08/2025,"Are you looking to benefit from a new career in Data Analysis? If you are detail orientated, perceptive, organised, competent, analytical and can communicate well with those around you; you could have a truly rewarding future as a Data Analyst We do this using our specialised Data Analyst career programme which looks to assist and place qualified candidates into a career pathway in Data Analysis. Please note this career program is designed for e... ",4,https://www.reed.co.uk/jobs/data-analyst-trainee/55535303
55535127,582327,ITOL Recruit,,,Data Analyst Trainee,LS13AD,30000.0,50000.0,GBP,15/09/2025,04/08/2025,"Are you looking to benefit from a new career in Data Analysis? If you are detail orientated, perceptive, organised, competent, analytical and can communicate well with those around you; you could have a truly rewarding future as a Data Analyst We do this using our specialised Data Analyst career programme which looks to assist and place qualified candidates into a career pathway in Data Analysis. Please note this career program is designed for e... ",2,https://www.reed.co.uk/jobs/data-analyst-trainee/55535127
55546800,582327,ITOL Recruit,,,Data Analyst Trainee,London,30000.0,50000.0,GBP,17/09/2025,06/08/2025,"Are you looking to benefit from a new career in Data Analysis? If you are detail orientated, perceptive, organised, competent, analytical and can communicate well with those around you; you could have a truly rewarding future as a Data Analyst We do this using our specialised Data Analyst career programme which looks to assist and place qualified candidates into a career pathway in Data Analysis. Please note this career program is designed for e... ",0,https://www.reed.co.uk/jobs/data-analyst-trainee/55546800
55535455,582327,ITOL Recruit,,,Data Analyst Trainee,London,30000.0,50000.0,GBP,15/09/2025,04/08/2025,"Are you looking to benefit from a new career in Data Analysis? If you are detail orientated, perceptive, organised, competent, analytical and can communicate well with those around you; you could have a truly rewarding future as a Data Analyst We do this using our specialised Data Analyst career programme which looks to assist and place qualified candidates into a career pathway in Data Analysis. Please note this career program is designed for e... ",1,https://www.reed.co.uk/jobs/data-analyst-trainee/55535455
55545920,598612,Michael Page Technology,,,Data Analyst - Commercial,London,35000.0,40000.0,GBP,19/08/2025,05/08/2025,"The Data Analyst role in the retail industry focuses on analysing data sets to provide actionable insights that drive business decisions. This permanent position is an excellent opportunity for individuals passionate about analytics and data interpretation. Client Details This small sized organisation operates within the retail industry and is focused on delivering exceptional products and services to its customers. With a dedicated team, the co... ",59,https://www.reed.co.uk/jobs/data-analyst-commercial/55545920
55387592,664120,Robert Half,,,CRM Data Analyst,Shifnal,30000.0,35000.0,GBP,20/08/2025,09/07/2025,"Robert Half are pleased to have partnered with a not-for-profit organisation in Shifnal to recruit a CRM Data Analyst. This is essential in ensuring data is accurate, accessible and strategically used to drive business insight and customer engagement. This will be both a hands-on technical lead and a cross-team collaborator, improving systems, processes and insights that support business growth. This is a permanent role, paying up to 35,000 with... ",77,https://www.reed.co.uk/jobs/crm-data-analyst/55387592
55462513,331522,Harnham - Data & Analytics Recruitment,,,Graduate Data Analyst,London,30000.0,35000.0,GBP,02/09/2025,22/07/2025,"GRADUATE DATA ANALYST UP TO 35,000 LONDON THE COMPANY I have partnered with a data-driven solutions business seeking a commercially minded individual to join their team. THE ROLE The successful Graduate Data Analyst responsibilities will include: Data collection, aggregation, transformation and modelling Examine data sets obtained from clients to verify their accuracy Generate concise data reports in the form of precise, well organised Excel spr... ",177,https://www.reed.co.uk/jobs/graduate-data-analyst/55462513
55329314,402975,Marks Sattin,,,Data & Insights Analyst,London,,,,12/08/2025,01/07/2025,"Data &amp; Insights Analyst Our high growth, PE-backed client in the financial services media and publishing industry are looking for a new Data &amp; Insights Analyst to join their team in London. Reporting into the Editor-In-Chief, this is a broad position which encompasses data analytics and identifiying trends, as well as journalistic responsibilities. Key Responsbilities: Analysis of data and generation of insights, identifying trends throu... ",200,https://www.reed.co.uk/jobs/data-insights-analyst/55329314
55508296,562482,Howells Recruitment,,,Data & Quality Analyst,London,40000.0,46000.0,GBP,27/08/2025,30/07/2025,"Data &amp; Quality Analyst - 9 Month Fixed Term Contract Location: Home based with occasional national travel and stay over as required Hours: Full-time, 40 hours/week Salary : 46K (Pro Rata) Are you passionate about data integrity, quality assurance, and driving meaningful operational improvements? Do you enjoy working across systems, solving data issues, and turning numbers into actionable insight? We're working with a leading national contrac... ",123,https://www.reed.co.uk/jobs/data-quality-analyst/55508296
55300972,331522,Harnham - Data & Analytics Recruitment,,,Senior Data Analyst,London,50000.0,60000.0,GBP,07/08/2025,26/06/2025,"Senior Data Analyst - 60,000 Benefits ?? London (2-3 days in-office) ? Hybrid working | No sponsorship available Join a global leader in marketing data and analytics, helping the world's biggest brands understand people and drive growth through powerful insights. We're looking for a Senior Data Analyst to support survey optimisation and revenue performance-delivering meaningful insights at scale within a high-impact team reporting directly to th... ",193,https://www.reed.co.uk/jobs/senior-data-analyst/55300972
55519445,364620,Alexander Lloyd,,,Pension Data Analyst,London,,,,29/08/2025,01/08/2025,"Our client have an exciting new opportunity for a Pension Data Analyst to join their firm on a fully remote or hybrid working basis. The right candidate will be passionate about data, problem-solving, and delivering outstanding service to clients. So if you have a strong understanding of pensions and/or enjoy working with complex data sets then this role could be for you. What You'll Be Doing Collaborating with clients throughout the implementat... ",66,https://www.reed.co.uk/jobs/pension-data-analyst/55519445
55479573,340586,Burton Bolton & Rose Recruitment Services Limited,,,Business Data Analyst,Ruislip,52000.0,52000.0,GBP,05/09/2025,25/07/2025,"Business Data Analyst Ruislip, Middlesex 52,000 Pension This growing local organisation who have been established for many years are currently seeking a confident and enthusiastic Business Data Analyst to join their team and contribute towards their ongoing success. Some of your duties will include: - Providing quality analytic reports to enable the improvement of service provided to customers - Producing reliable and accurate information to tig... ",144,https://www.reed.co.uk/jobs/business-data-analyst/55479573
55501148,537707,Teqniq Ltd,,,Senior Data Analyst,BD11HX,273.35,273.35,GBP,09/09/2025,29/07/2025,"Teqniq is searching for a Senior Data Analyst to work in the public sector. 37 hours per week. 3 months contract. 09:00-17:00 Job Description: This role is designed to support the data analytical needs for the Unitisation programme baseline work, which is fundamental to organisational transformation projects. The analyst will be working directly with the Unitisation lead, analysing the current workplace wide workforce (functionally and structura... ",17,https://www.reed.co.uk/jobs/senior-data-analyst/55501148
55554860,662593,Tenth Revolution Group,,,Finance Data Analyst,Fareham,35000.0,45000.0,GBP,18/09/2025,07/08/2025,"A dynamic tech company in Fareham are looking for a Finance Analyst with skills in SQL to join their FP&amp;A team, and support decision-making through financial analysis and reporting. You'll work with large, complex data sets to uncover key trends and inform critical business strategies, with the opportunity to get involved in high-level financial planning. This will include developing financial models and forecasting tools to predict the impa... ",7,https://www.reed.co.uk/jobs/finance-data-analyst/55554860
55307497,331522,Harnham - Data & Analytics Recruitment,,,Customer Data Analyst,London,400.0,450.0,GBP,08/08/2025,27/06/2025,"Job Title Specialist Retail Customer Analyst Logistics Contract length: 6 months Day rate: 400- 450 (Outside IR35) Location: Hybrid-2 days/week in London office Start date: Flexible (within the next month) The Context You'll embed within a leading retail/FMCG organisation that treats consumer insight as its competitive edge. Your analyses will shape loyalty programmes, promotional strategies and product assortments to maximise retention, basket ... ",300,https://www.reed.co.uk/jobs/customer-data-analyst/55307497
55506524,670517,Ford & Stanley Talentwise ,,,HR Data Analyst,Burton-on-Trent,19.8,26.8,GBP,10/09/2025,30/07/2025,HR Data Analyst | Initial 6-Month Contract (Inside IR35) Location: Burton-upon-Trent Hourly Rate: 19.80 to 26.80 (Umbrella) The Situation A major player in the&nbsp;rolling stock industry&nbsp;is undergoing significant change as a business and is seeking a proactive and detail-oriented&nbsp;HR Data Analyst&nbsp;to support their evolving HR function. This is a unique opportunity to contribute to a business that is becoming increasingly data-drive... ,51,https://www.reed.co.uk/jobs/hr-data-analyst/55506524
55504776,582327,ITOL Recruit,,,Data Analyst Trainee,London,30000.0,50000.0,GBP,10/09/2025,30/07/2025,"Are you looking to benefit from a new career in Data Analysis? If you are detail orientated, perceptive, organised, competent, analytical and can communicate well with those around you; you could have a truly rewarding future as a Data Analyst We do this using our specialised Data Analyst career programme which looks to assist and place qualified candidates into a career pathway in Data Analysis. Please note this career program is designed for e... ",3,https://www.reed.co.uk/jobs/data-analyst-trainee/55504776
55547350,582327,ITOL Recruit,,,Data Analyst Trainee,LE19BG,30000.0,50000.0,GBP,17/09/2025,06/08/2025,"Are you looking to benefit from a new career in Data Analysis? If you are detail orientated, perceptive, organised, competent, analytical and can communicate well with those around you; you could have a truly rewarding future as a Data Analyst We do this using our specialised Data Analyst career programme which looks to assist and place qualified candidates into a career pathway in Data Analysis. Please note this career program is designed for e... ",2,https://www.reed.co.uk/jobs/data-analyst-trainee/55547350
55547292,582327,ITOL Recruit,,,Data Analyst Trainee,N228LB,30000.0,50000.0,GBP,17/09/2025,06/08/2025,"Are you looking to benefit from a new career in Data Analysis? If you are detail orientated, perceptive, organised, competent, analytical and can communicate well with those around you; you could have a truly rewarding future as a Data Analyst We do this using our specialised Data Analyst career programme which looks to assist and place qualified candidates into a career pathway in Data Analysis. Please note this career program is designed for e... ",2,https://www.reed.co.uk/jobs/data-analyst-trainee/55547292
55546958,582327,ITOL Recruit,,,Data Analyst Trainee,DA14FH,30000.0,50000.0,GBP,17/09/2025,06/08/2025,"Are you looking to benefit from a new career in Data Analysis? If you are detail orientated, perceptive, organised, competent, analytical and can communicate well with those around you; you could have a truly rewarding future as a Data Analyst We do this using our specialised Data Analyst career programme which looks to assist and place qualified candidates into a career pathway in Data Analysis. Please note this career program is designed for e... ",1,https://www.reed.co.uk/jobs/data-analyst-trainee/55546958
55495404,582327,ITOL Recruit,,,Data Analyst Trainee,W69JU,30000.0,50000.0,GBP,09/09/2025,29/07/2025,"Are you looking to benefit from a new career in Data Analysis? If you are detail orientated, perceptive, organised, competent, analytical and can communicate well with those around you; you could have a truly rewarding future as a Data Analyst We do this using our specialised Data Analyst career programme which looks to assist and place qualified candidates into a career pathway in Data Analysis. Please note this career program is designed for e... ",1,https://www.reed.co.uk/jobs/data-analyst-trainee/55495404
55495357,582327,ITOL Recruit,,,Data Analyst Trainee,PL13BJ,30000.0,50000.0,GBP,09/09/2025,29/07/2025,"Are you looking to benefit from a new career in Data Analysis? If you are detail orientated, perceptive, organised, competent, analytical and can communicate well with those around you; you could have a truly rewarding future as a Data Analyst We do this using our specialised Data Analyst career programme which looks to assist and place qualified candidates into a career pathway in Data Analysis. Please note this career program is designed for e... ",4,https://www.reed.co.uk/jobs/data-analyst-trainee/55495357
55495352,582327,ITOL Recruit,,,Data Analyst Trainee,W87NX,30000.0,50000.0,GBP,09/09/2025,29/07/2025,"Are you looking to benefit from a new career in Data Analysis? If you are detail orientated, perceptive, organised, competent, analytical and can communicate well with those around you; you could have a truly rewarding future as a Data Analyst We do this using our specialised Data Analyst career programme which looks to assist and place qualified candidates into a career pathway in Data Analysis. Please note this career program is designed for e... ",0,https://www.reed.co.uk/jobs/data-analyst-trainee/55495352
55495334,582327,ITOL Recruit,,,Data Analyst Trainee,NE18SF,30000.0,50000.0,GBP,09/09/2025,29/07/2025,"Are you looking to benefit from a new career in Data Analysis? If you are detail orientated, perceptive, organised, competent, analytical and can communicate well with those around you; you could have a truly rewarding future as a Data Analyst We do this using our specialised Data Analyst career programme which looks to assist and place qualified candidates into a career pathway in Data Analysis. Please note this career program is designed for e... ",0,https://www.reed.co.uk/jobs/data-analyst-trainee/55495334
55493361,582327,ITOL Recruit,,,Data Analyst Trainee,PE11HA,30000.0,50000.0,GBP,08/09/2025,28/07/2025,"Are you looking to benefit from a new career in Data Analysis? If you are detail orientated, perceptive, organised, competent, analytical and can communicate well with those around you; you could have a truly rewarding future as a Data Analyst We do this using our specialised Data Analyst career programme which looks to assist and place qualified candidates into a career pathway in Data Analysis. Please note this career program is designed for e... ",3,https://www.reed.co.uk/jobs/data-analyst-trainee/55493361
55492335,582327,ITOL Recruit,,,Data Analyst Trainee,HA90AD,30000.0,50000.0,GBP,08/09/2025,28/07/2025,"Are you looking to benefit from a new career in Data Analysis? If you are detail orientated, perceptive, organised, competent, analytical and can communicate well with those around you; you could have a truly rewarding future as a Data Analyst We do this using our specialised Data Analyst career programme which looks to assist and place qualified candidates into a career pathway in Data Analysis. Please note this career program is designed for e... ",3,https://www.reed.co.uk/jobs/data-analyst-trainee/55492335
55492173,582327,ITOL Recruit,,,Data Analyst Trainee,SN11PX,30000.0,50000.0,GBP,08/09/2025,28/07/2025,"Are you looking to benefit from a new career in Data Analysis? If you are detail orientated, perceptive, organised, competent, analytical and can communicate well with those around you; you could have a truly rewarding future as a Data Analyst We do this using our specialised Data Analyst career programme which looks to assist and place qualified candidates into a career pathway in Data Analysis. Please note this career program is designed for e... ",0,https://www.reed.co.uk/jobs/data-analyst-trainee/55492173
55491583,582327,ITOL Recruit,,,Data Analyst Trainee,PR12RL,30000.0,50000.0,GBP,08/09/2025,28/07/2025,"Are you looking to benefit from a new career in Data Analysis? If you are detail orientated, perceptive, organised, competent, analytical and can communicate well with those around you; you could have a truly rewarding future as a Data Analyst We do this using our specialised Data Analyst career programme which looks to assist and place qualified candidates into a career pathway in Data Analysis. Please note this career program is designed for e... ",3,https://www.reed.co.uk/jobs/data-analyst-trainee/55491583
55538871,582327,ITOL Recruit,,,Data Analyst Trainee,WA11UH,30000.0,50000.0,GBP,16/09/2025,05/08/2025,"Are you looking to benefit from a new career in Data Analysis? If you are detail orientated, perceptive, organised, competent, analytical and can communicate well with those around you; you could have a truly rewarding future as a Data Analyst We do this using our specialised Data Analyst career programme which looks to assist and place qualified candidates into a career pathway in Data Analysis. Please note this career program is designed for e... ",0,https://www.reed.co.uk/jobs/data-analyst-trainee/55538871
55538678,582327,ITOL Recruit,,,Data Analyst Trainee,DE12FS,30000.0,50000.0,GBP,16/09/2025,05/08/2025,"Are you looking to benefit from a new career in Data Analysis? If you are detail orientated, perceptive, organised, competent, analytical and can communicate well with those around you; you could have a truly rewarding future as a Data Analyst We do this using our specialised Data Analyst career programme which looks to assist and place qualified candidates into a career pathway in Data Analysis. Please note this career program is designed for e... ",0,https://www.reed.co.uk/jobs/data-analyst-trainee/55538678
55535630,582327,ITOL Recruit,,,Data Analyst Trainee,BD11SD,30000.0,50000.0,GBP,15/09/2025,04/08/2025,"Are you looking to benefit from a new career in Data Analysis? If you are detail orientated, perceptive, organised, competent, analytical and can communicate well with those around you; you could have a truly rewarding future as a Data Analyst We do this using our specialised Data Analyst career programme which looks to assist and place qualified candidates into a career pathway in Data Analysis. Please note this career program is designed for e... ",2,https://www.reed.co.uk/jobs/data-analyst-trainee/55535630
55535295,582327,ITOL Recruit,,,Data Analyst Trainee,MK93HQ,30000.0,50000.0,GBP,15/09/2025,04/08/2025,"Are you looking to benefit from a new career in Data Analysis? If you are detail orientated, perceptive, organised, competent, analytical and can communicate well with those around you; you could have a truly rewarding future as a Data Analyst We do this using our specialised Data Analyst career programme which looks to assist and place qualified candidates into a career pathway in Data Analysis. Please note this career program is designed for e... ",4,https://www.reed.co.uk/jobs/data-analyst-trainee/55535295
55535293,582327,ITOL Recruit,,,Data Analyst Trainee,BN11AA,30000.0,50000.0,GBP,15/09/2025,04/08/2025,"Are you looking to benefit from a new career in Data Analysis? If you are detail orientated, perceptive, organised, competent, analytical and can communicate well with those around you; you could have a truly rewarding future as a Data Analyst We do this using our specialised Data Analyst career programme which looks to assist and place qualified candidates into a career pathway in Data Analysis. Please note this career program is designed for e... ",1,https://www.reed.co.uk/jobs/data-analyst-trainee/55535293
55535215,582327,ITOL Recruit,,,Data Analyst Trainee,BB111AE,30000.0,50000.0,GBP,15/09/2025,04/08/2025,"Are you looking to benefit from a new career in Data Analysis? If you are detail orientated, perceptive, organised, competent, analytical and can communicate well with those around you; you could have a truly rewarding future as a Data Analyst We do this using our specialised Data Analyst career programme which looks to assist and place qualified candidates into a career pathway in Data Analysis. Please note this career program is designed for e... ",0,https://www.reed.co.uk/jobs/data-analyst-trainee/55535215
55535146,582327,ITOL Recruit,,,Data Analyst Trainee,SK11AP,30000.0,50000.0,GBP,15/09/2025,04/08/2025,"Are you looking to benefit from a new career in Data Analysis? If you are detail orientated, perceptive, organised, competent, analytical and can communicate well with those around you; you could have a truly rewarding future as a Data Analyst We do this using our specialised Data Analyst career programme which looks to assist and place qualified candidates into a career pathway in Data Analysis. Please note this career program is designed for e... ",1,https://www.reed.co.uk/jobs/data-analyst-trainee/55535146
55535128,582327,ITOL Recruit,,,Data Analyst Trainee,TS11AA,30000.0,50000.0,GBP,15/09/2025,04/08/2025,"Are you looking to benefit from a new career in Data Analysis? If you are detail orientated, perceptive, organised, competent, analytical and can communicate well with those around you; you could have a truly rewarding future as a Data Analyst We do this using our specialised Data Analyst career programme which looks to assist and place qualified candidates into a career pathway in Data Analysis. Please note this career program is designed for e... ",0,https://www.reed.co.uk/jobs/data-analyst-trainee/55535128
55464697,582327,ITOL Recruit,,,Data Analyst Trainee,M25DB,30000.0,50000.0,GBP,03/09/2025,23/07/2025,"Are you looking to benefit from a new career in Data Analysis? If you are detail orientated, perceptive, organised, competent, analytical and can communicate well with those around you; you could have a truly rewarding future as a Data Analyst We do this using our specialised Data Analyst career programme which looks to assist and place qualified candidates into a career pathway in Data Analysis. Please note this career program is designed for e... ",13,https://www.reed.co.uk/jobs/data-analyst-trainee/55464697
55464525,582327,ITOL Recruit,,,Data Analyst Trainee,B33DQ,30000.0,50000.0,GBP,03/09/2025,23/07/2025,"Are you looking to benefit from a new career in Data Analysis? If you are detail orientated, perceptive, organised, competent, analytical and can communicate well with those around you; you could have a truly rewarding future as a Data Analyst We do this using our specialised Data Analyst career programme which looks to assist and place qualified candidates into a career pathway in Data Analysis. Please note this career program is designed for e... ",16,https://www.reed.co.uk/jobs/data-analyst-trainee/55464525
55459976,582327,ITOL Recruit,,,Data Analyst Trainee,BR11RY,30000.0,50000.0,GBP,02/09/2025,22/07/2025,"Are you looking to benefit from a new career in Data Analysis? If you are detail orientated, perceptive, organised, competent, analytical and can communicate well with those around you; you could have a truly rewarding future as a Data Analyst We do this using our specialised Data Analyst career programme which looks to assist and place qualified candidates into a career pathway in Data Analysis. Please note this career program is designed for e... ",4,https://www.reed.co.uk/jobs/data-analyst-trainee/55459976
55457809,582327,ITOL Recruit,,,Data Analyst Trainee,WC1H9HB,30000.0,50000.0,GBP,02/09/2025,22/07/2025,"Are you looking to benefit from a new career in Data Analysis? If you are detail orientated, perceptive, organised, competent, analytical and can communicate well with those around you; you could have a truly rewarding future as a Data Analyst We do this using our specialised Data Analyst career programme which looks to assist and place qualified candidates into a career pathway in Data Analysis. Please note this career program is designed for e... ",8,https://www.reed.co.uk/jobs/data-analyst-trainee/55457809
55457537,582327,ITOL Recruit,,,Data Analyst Trainee,N65BA,30000.0,50000.0,GBP,02/09/2025,22/07/2025,"Are you looking to benefit from a new career in Data Analysis? If you are detail orientated, perceptive, organised, competent, analytical and can communicate well with those around you; you could have a truly rewarding future as a Data Analyst We do this using our specialised Data Analyst career programme which looks to assist and place qualified candidates into a career pathway in Data Analysis. Please note this career program is designed for e... ",1,https://www.reed.co.uk/jobs/data-analyst-trainee/55457537
55457512,582327,ITOL Recruit,,,Data Analyst Trainee,LU12BQ,30000.0,50000.0,GBP,02/09/2025,22/07/2025,"Are you looking to benefit from a new career in Data Analysis? If you are detail orientated, perceptive, organised, competent, analytical and can communicate well with those around you; you could have a truly rewarding future as a Data Analyst We do this using our specialised Data Analyst career programme which looks to assist and place qualified candidates into a career pathway in Data Analysis. Please note this career program is designed for e... ",5,https://www.reed.co.uk/jobs/data-analyst-trainee/55457512
55452514,582327,ITOL Recruit,,,Data Analyst Trainee,SW1E6QP,30000.0,50000.0,GBP,01/09/2025,21/07/2025,"Are you looking to benefit from a new career in Data Analysis? If you are detail orientated, perceptive, organised, competent, analytical and can communicate well with those around you; you could have a truly rewarding future as a Data Analyst We do this using our specialised Data Analyst career programme which looks to assist and place qualified candidates into a career pathway in Data Analysis. Please note this career program is designed for e... ",5,https://www.reed.co.uk/jobs/data-analyst-trainee/55452514
55452458,582327,ITOL Recruit,,,Data Analyst Trainee,W52BJ,30000.0,50000.0,GBP,01/09/2025,21/07/2025,"Are you looking to benefit from a new career in Data Analysis? If you are detail orientated, perceptive, organised, competent, analytical and can communicate well with those around you; you could have a truly rewarding future as a Data Analyst We do this using our specialised Data Analyst career programme which looks to assist and place qualified candidates into a career pathway in Data Analysis. Please note this career program is designed for e... ",1,https://www.reed.co.uk/jobs/data-analyst-trainee/55452458
55452456,582327,ITOL Recruit,,,Data Analyst Trainee,WS11PT,30000.0,50000.0,GBP,01/09/2025,21/07/2025,"Are you looking to benefit from a new career in Data Analysis? If you are detail orientated, perceptive, organised, competent, analytical and can communicate well with those around you; you could have a truly rewarding future as a Data Analyst We do this using our specialised Data Analyst career programme which looks to assist and place qualified candidates into a career pathway in Data Analysis. Please note this career program is designed for e... ",6,https://www.reed.co.uk/jobs/data-analyst-trainee/55452456
55452443,582327,ITOL Recruit,,,Data Analyst Trainee,TW33EB,30000.0,50000.0,GBP,01/09/2025,21/07/2025,"Are you looking to benefit from a new career in Data Analysis? If you are detail orientated, perceptive, organised, competent, analytical and can communicate well with those around you; you could have a truly rewarding future as a Data Analyst We do this using our specialised Data Analyst career programme which looks to assist and place qualified candidates into a career pathway in Data Analysis. Please note this career program is designed for e... ",2,https://www.reed.co.uk/jobs/data-analyst-trainee/55452443
55452424,582327,ITOL Recruit,,,Data Analyst Trainee,ST41RN,30000.0,50000.0,GBP,01/09/2025,21/07/2025,"Are you looking to benefit from a new career in Data Analysis? If you are detail orientated, perceptive, organised, competent, analytical and can communicate well with those around you; you could have a truly rewarding future as a Data Analyst We do this using our specialised Data Analyst career programme which looks to assist and place qualified candidates into a career pathway in Data Analysis. Please note this career program is designed for e... ",3,https://www.reed.co.uk/jobs/data-analyst-trainee/55452424
55452291,582327,ITOL Recruit,,,Data Analyst Trainee,BS15TR,30000.0,50000.0,GBP,01/09/2025,21/07/2025,"Are you looking to benefit from a new career in Data Analysis? If you are detail orientated, perceptive, organised, competent, analytical and can communicate well with those around you; you could have a truly rewarding future as a Data Analyst We do this using our specialised Data Analyst career programme which looks to assist and place qualified candidates into a career pathway in Data Analysis. Please note this career program is designed for e... ",3,https://www.reed.co.uk/jobs/data-analyst-trainee/55452291
55452043,582327,ITOL Recruit,,,Data Analyst Trainee,E62RP,30000.0,50000.0,GBP,01/09/2025,21/07/2025,"Are you looking to benefit from a new career in Data Analysis? If you are detail orientated, perceptive, organised, competent, analytical and can communicate well with those around you; you could have a truly rewarding future as a Data Analyst We do this using our specialised Data Analyst career programme which looks to assist and place qualified candidates into a career pathway in Data Analysis. Please note this career program is designed for e... ",3,https://www.reed.co.uk/jobs/data-analyst-trainee/55452043
55425468,582327,ITOL Recruit,,,Data Analyst Trainee,WV11SH,30000.0,50000.0,GBP,27/08/2025,16/07/2025,"Are you looking to benefit from a new career in Data Analysis? If you are detail orientated, perceptive, organised, competent, analytical and can communicate well with those around you; you could have a truly rewarding future as a Data Analyst We do this using our specialised Data Analyst career programme which looks to assist and place qualified candidates into a career pathway in Data Analysis. Please note this career program is designed for e... ",6,https://www.reed.co.uk/jobs/data-analyst-trainee/55425468
55417259,582327,ITOL Recruit,,,Data Analyst Trainee,E81EA,30000.0,50000.0,GBP,26/08/2025,15/07/2025,"Are you looking to benefit from a new career in Data Analysis? If you are detail orientated, perceptive, organised, competent, analytical and can communicate well with those around you; you could have a truly rewarding future as a Data Analyst We do this using our specialised Data Analyst career programme which looks to assist and place qualified candidates into a career pathway in Data Analysis. Please note this career program is designed for e... ",8,https://www.reed.co.uk/jobs/data-analyst-trainee/55417259
55409686,582327,ITOL Recruit,,,Data Analyst Trainee,WN11DF,30000.0,50000.0,GBP,25/08/2025,14/07/2025,"Are you looking to benefit from a new career in Data Analysis? If you are detail orientated, perceptive, organised, competent, analytical and can communicate well with those around you; you could have a truly rewarding future as a Data Analyst We do this using our specialised Data Analyst career programme which looks to assist and place qualified candidates into a career pathway in Data Analysis. Please note this career program is designed for e... ",8,https://www.reed.co.uk/jobs/data-analyst-trainee/55409686
55409444,582327,ITOL Recruit,,,Data Analyst Trainee,SS26ER,30000.0,50000.0,GBP,25/08/2025,14/07/2025,"Are you looking to benefit from a new career in Data Analysis? If you are detail orientated, perceptive, organised, competent, analytical and can communicate well with those around you; you could have a truly rewarding future as a Data Analyst We do this using our specialised Data Analyst career programme which looks to assist and place qualified candidates into a career pathway in Data Analysis. Please note this career program is designed for e... ",7,https://www.reed.co.uk/jobs/data-analyst-trainee/55409444
55504885,582327,ITOL Recruit,,,Data Analyst Trainee,MK93HQ,30000.0,50000.0,GBP,10/09/2025,30/07/2025,"Are you looking to benefit from a new career in Data Analysis? If you are detail orientated, perceptive, organised, competent, analytical and can communicate well with those around you; you could have a truly rewarding future as a Data Analyst We do this using our specialised Data Analyst career programme which looks to assist and place qualified candidates into a career pathway in Data Analysis. Please note this career program is designed for e... ",1,https://www.reed.co.uk/jobs/data-analyst-trainee/55504885
55538949,582327,ITOL Recruit,,,Data Analyst Trainee,L23SW,30000.0,50000.0,GBP,16/09/2025,05/08/2025,"Are you looking to benefit from a new career in Data Analysis? If you are detail orientated, perceptive, organised, competent, analytical and can communicate well with those around you; you could have a truly rewarding future as a Data Analyst We do this using our specialised Data Analyst career programme which looks to assist and place qualified candidates into a career pathway in Data Analysis. Please note this career program is designed for e... ",1,https://www.reed.co.uk/jobs/data-analyst-trainee/55538949
55538735,582327,ITOL Recruit,,,Trainee Data Analyst,CR01NX,30000.0,50000.0,GBP,16/09/2025,05/08/2025,"Are you looking to benefit from a new career in Data Analysis? If you are detail orientated, perceptive, organised, competent, analytical and can communicate well with those around you; you could have a truly rewarding future as a Data Analyst We do this using our specialised Data Analyst career programme which looks to assist and place qualified candidates into a career pathway in Data Analysis. Please note this career program is designed for e... ",6,https://www.reed.co.uk/jobs/trainee-data-analyst/55538735
55509231,148731,Interpersonnel UK Ltd,,,Product Data Analyst,Marden,26000.0,29000.0,GBP,10/09/2025,30/07/2025,"Product Data Analyst Marden (near Maidstone) Salary 26,000 - 29,000 bonus Ferdinand Bilstein UK Ltd. is a market leading distributor in the independent automotive aftermarket. With 180 years of experience, as engineer and supplier, we offer solutions for all common vehicle types from car to commercial and are at the forefront to react to market trends. We are delighted to offer the role of &quot;Product Data Analyst&quot; within the fast paced C... ",40,https://www.reed.co.uk/jobs/product-data-analyst/55509231
55538504,183792,Axon Moore Group Ltd,,,Metering Data Analyst,Bury,26000.0,30000.0,GBP,02/09/2025,05/08/2025,"Role Overview: As a Metering Data Analyst , you’ll be responsible for managing and maintaining my client's gas metering portfolio. This involves coordinating with Meter Asset Managers (MAMs), handling data from meter installations and removals, resolving industry data issues, and ensuring accurate meter readings and data flows for billing. Key Responsibilities: Manage meter and AMR (Automatic Meter Reader) installations, removals, and data updat... ",20,https://www.reed.co.uk/jobs/metering-data-analyst/55538504
55343135,7802,Macildowie Recruitment and Retention,,,Product Data Analyst,CW84LH,35000.0,45000.0,GBP,14/08/2025,03/07/2025,"Job Title : Product Data Analyst Location : Northwich Salary : 35,000 to 45,000 per annum Working Hours : Full-time (5 days per week, on-site) About Us: We are seeking a Product Data Analyst to join our growing team at an exciting time. If you're a data enthusiast with a strong attention to detail and experience in managing product data, we'd love to meet you! This role is ideal for someone with a background in data management, especially within... ",123,https://www.reed.co.uk/jobs/product-data-analyst/55343135
55545346,346427,Understanding Recruitment,,,Data Migration Analyst,London,499.0,500.0,GBP,16/09/2025,05/08/2025,"Data Migration Analyst - Fundraising CRM 500/day | Outside IR35 | Remote | 3 months We're kicking off a major CRM transformation for a leading UK charity and need an experienced Data Migration Analyst to take the lead on preparing our data for the move. You'll be the go-to person for profiling, cleansing, and mapping complex fundraising, donor, volunteer, and Gift Aid datasets, making sure everything is migration-ready for Dynamics 365 or Salesf... ",68,https://www.reed.co.uk/jobs/data-migration-analyst/55545346
55532369,563845,Adecco ,,,Data Programmer / Analyst,East London,375.0,400.0,GBP,15/09/2025,04/08/2025,"Job Title: Data Programmer/Analyst Location: London Contract Type: Temporary Contract Length: 6 months Daily Rate: 350 - 400 per day PAYE Are you ready to take your programming and analytic skills to the next level? Our client is seeking a passionate and skilled Programmer/Analyst to join their dynamic team in London What You'll Be Doing: As a key player in the EU Fleet Planning team, you will contribute to the automation road map that enhances ... ",96,https://www.reed.co.uk/jobs/data-programmer-analyst/55532369
55320910,377106,Robert Walters,,,Data Governance Analyst,Birmingham,,,,11/08/2025,30/06/2025,"Data Governance Analyst Birmingham (hybrid) 40,000 to 50,000 per annum Permanent I am currently recruiting for a Data Governance Analyst to join a growing team in the Midlands. You will support the Data Governance Lead in implementing and maintaining the organisation's data governance framework. Data Governance Analyst - What will you be doing? * Helping to develop and articulate the data governance vision, strategy and roadmap. * Supporting the... ",126,https://www.reed.co.uk/jobs/data-governance-analyst/55320910
55557810,331522,Harnham - Data & Analytics Recruitment,,,Data Governance Analyst,Birmingham,35000.0,40000.0,GBP,18/09/2025,07/08/2025,"DATA GOVERNANCE ANALYST UP TO 40,000 BENEFITS HYBRID - West Midlands If you're an organised, detail-oriented analyst with a passion for both admin and data, this is a great opportunity to grow your career in a regulated, data-driven environment. THE COMPANY: This financial services business is in the middle of an exciting data transformation. With strong leadership and a clear strategy, they're investing in governance, quality, and insight acros... ",0,https://www.reed.co.uk/jobs/data-governance-analyst/55557810
55549604,687955,Outsource,,,Junior Data Analyst,Solihull,,,,06/09/2025,06/08/2025,"Junior Data Analyst – Motor Finance Location: Solihull (Hybrid – 3 days in the office) Salary: 29,000 bonus&nbsp; Working Hours:&nbsp; Monday – Wednesday: 8:30am – 5:00pm (Office) Thursday – Friday: 8:30am – 5:00pm (Home) Outsource UK is recruiting on behalf of a leading UK bank that’s committed to growth, innovation, and building a sustainable future. This organisation is known for its people-first culture, flexible working, and continued inves... ",32,https://www.reed.co.uk/jobs/junior-data-analyst/55549604
55412495,520034,Sanderson,,,Investment Data Analyst,London,550.0,650.0,GBP,25/08/2025,14/07/2025,"Investment Data Analyst 550-650/day outside IR35 6-month contract London-based - hybrid working MUST have experience working with PRA Regulation, investment data (fixed income financial instruments, swaps &amp; derivatives and associated data) and experience capturing data from investment platforms (for example, Aladdin, Calypso or Murex). Working with a financial services client who are looking for an Investment Data Analyst to enhance their in... ",183,https://www.reed.co.uk/jobs/investment-data-analyst/55412495
55507925,659230,University of the West of Scotland,,,Data and Analytics Officer,PA12BE,34132.0,40497.0,GBP,20/08/2025,30/07/2025,"Strategic Planning and Development Directorate The post - REQ000322 - Data and Analytics Officer The University of the West of Scotland have an exciting opportunity to join the central analytical team to help put evidence at the heart of decision making and ultimately support breaking down barriers to higher education. The Data and Analytics team sits within the Strategic Planning team, a multidisciplinary unit responsible for coordinating, advi... ",13,https://www.reed.co.uk/jobs/data-and-analytics-officer/55507925
55500780,331522,Harnham - Data & Analytics Recruitment,,,Data Analyst Digital,London,30000.0,40000.0,GBP,09/09/2025,29/07/2025,"Data Analyst (Digital) Up to 40,000 bonuses Hybrid - London A great opportunity to join a leading beauty retailer as a Data Analyst THE COMPANY The business is a leading beauty retailer and e-commerce brand and they are looking to hire a Data Analyst specialising in Digital Analytics. THE ROLE AND RESPONSIBILITIES Write and optimize BigQuery SQL scripts for GA4 analysis, integrating back-end data to segment and analyze customer data. Develop and... ",99,https://www.reed.co.uk/jobs/data-analyst-digital/55500780
55442800,331522,Harnham - Data & Analytics Recruitment,,,Data Analyst Subscriptions,London,35000.0,45000.0,GBP,29/08/2025,18/07/2025,"DATA ANALYST - SUBSCRIPTION PRODUCT 45,000 STRONG L&amp;D CULTURE REMOTE-FIRST | LONDON HQ A data-driven subscription business is looking for a curious and proactive Data Analyst to join their growing analytics function. You'll work as the embedded analyst within a cross-functional product tribe, collaborating closely with product managers, designers, and engineers to drive strategic decisions across user engagement and retention. This is a remo... ",158,https://www.reed.co.uk/jobs/data-analyst-subscriptions/55442800
55551621,331522,Harnham - Data & Analytics Recruitment,,,Senior Data Analyst,Manchester,60000.0,65000.0,GBP,17/09/2025,06/08/2025,"Senior Data Analyst Location: Remote-first (occasional London or Dundee travel for monthly team meet-ups) Salary: Up to 60,000 The Company We're partnered with a leading UK media group that is undergoing an ambitious digital transformation. With a diverse portfolio across entertainment, publishing, and technology, they are pivoting from traditional print to a modern, data-driven media landscape. Their brands include household names across editor... ",20,https://www.reed.co.uk/jobs/senior-data-analyst/55551621
55532787,647470,	 Finlay Jude Associates Limited,,,Logging Data Analyst,OX51RB,,,,02/09/2025,04/08/2025,"FJA are recruiting on behalf of a leading service provider in the utilities industry for an experienced Logging Data Analyst. &nbsp; Location: Kidlington &nbsp; Benefits Competitive salary Career development opportunities Company laptop and phone Overtime available Company pension Logging Data Analyst responsibilities: To identify and record points of interest (POI) using established methods, processes, and third-party systems. Ensure the precis... ",39,https://www.reed.co.uk/jobs/logging-data-analyst/55532787
55471808,331522,Harnham - Data & Analytics Recruitment,,,Junior Data Analyst,London,28000.0,35000.0,GBP,04/09/2025,24/07/2025,"Job Title: Junior Data Analyst Location: London (Hybrid - 2-3 days/week in office) Salary: 35,000 A well-established professional services firm is seeking a Junior Data Analyst to support its growing analytics and insights team. This is an ideal role for someone with a keen eye for data, looking to build a strong foundation in analytics within a collaborative, commercially focused environment. The Role: You'll work alongside experienced analysts... ",275,https://www.reed.co.uk/jobs/junior-data-analyst/55471808
55300964,331522,Harnham - Data & Analytics Recruitment,,,Digital Data Analyst,Burton-on-Trent,40000.0,45000.0,GBP,07/08/2025,26/06/2025,"Digital Data Analyst - Up to 45,000 Burton Upon Trent - Hybrid (2x per week in office) A growing analytics team is hiring a Digital Data Analyst to optimize web performance, track user behavior, and provide real-time insights across 80 websites. This is a hands-on role, working with SQL, GA4, Looker, Power BI, and Excel to assess data quality, debug tracking issues, and generate reports that drive key business decisions. The Company A well-estab... ",89,https://www.reed.co.uk/jobs/digital-data-analyst/55300964
55411237,524441,INTEC SELECT LIMITED,,,Resource Data Analyst,EC2M7PY,55000.0,65000.0,GBP,25/08/2025,14/07/2025,"Resource Data Analyst – Technology / HR – Hybrid London - 65K Bonus &amp; Benefits Overview: We are supporting a global financial institution in hiring a Resource Data Analyst to join its Technology function. This role is focused on managing and maintaining accurate people-related data, supporting reporting cycles, and ensuring process compliance across a large and fast-paced environment. It's a great opportunity for someone who enjoys working w... ",225,https://www.reed.co.uk/jobs/resource-data-analyst/55411237
55514445,391074,Arc IT Recruitment,,,Data Governance Analyst,EC3A5AF,65000.0,65000.0,GBP,28/08/2025,31/07/2025,Data Governance Analyst London/Hybrid 65k bonus benefits We're looking for a proactive Data Governance Analyst to play a key role in delivering some of our clients most exciting and high-impact data governance initiatives. They are a thriving insurance group and this is your chance to help build a best-in-class governance framework from the ground up-and make a real difference across the business. You'll work closely with the Governance Lead and... ,34,https://www.reed.co.uk/jobs/data-governance-analyst/55514445
55418268,349187,Optima Recruitment,,,Sales Data Analyst,KT171AB,25000.0,35000.0,GBP,26/08/2025,15/07/2025,"Sales Data Analyst Epsom | Full-time | 25,500 – 35,000 Monday – Friday | 9:00am – 5:30pm Turn numbers into strategy. Join our global sales team and play a key role in transforming how we use data to drive decisions, forecast performance, and uncover new business opportunities. We’re looking for a data-savvy analyst with expert Excel and Power BI skills to take our reporting and analytics to the next level. This is a role where your insights will... ",74,https://www.reed.co.uk/jobs/sales-data-analyst/55418268
55345495,664120,Robert Half,,,Finance Data Analyst,Falmouth,28000.0,35000.0,GBP,14/08/2025,03/07/2025,"Finance Data Analyst (Entry Level) Robert Half is excited to be partnering exclusively with Keynvor Morlift Limited, a dynamic UK-based integrated marine contractor. As they continue to expand across specialist vessel operations, marine civil engineering, and renewable energy marine projects they are seeking to take on a Project Data Analyst (Entry Level) to join their team and support the growing pipeline of high-impact coastal and offshore pro... ",68,https://www.reed.co.uk/jobs/finance-data-analyst/55345495
55300771,664120,Robert Half,,,Project Data Analyst,Falmouth,28000.0,30000.0,GBP,07/08/2025,26/06/2025,"Project Data Analyst (Entry Level) Robert Half is excited to be partnering exclusively with Keynvor Morlift Limited, a dynamic UK-based integrated marine contractor. As they continue to expand across specialist vessel operations, marine civil engineering, and renewable energy marine projects they are seeking to take on a Project Data Analyst (Entry Level) to join their team and support the growing pipeline of high-impact coastal and offshore pro... ",74,https://www.reed.co.uk/jobs/project-data-analyst/55300771
55546923,381223,Morgan Hunt Recruitment,,,Senior Data Analyst,BN13XP,300.0,300.0,GBP,03/09/2025,06/08/2025,"Morgan Hunt are working with a large public sector organisation to recruit a Senior Data Analyst on a temporary basis to help deliver impactful research and analysis that supports better outcomes for customers. In this role, you'll lead analytical projects across a range of regulatory areas. Work may include: Analysing the future landscape of the organisation Supporting policy development Developing new statistical publications You'll collaborat... ",34,https://www.reed.co.uk/jobs/senior-data-analyst/55546923
55368765,377106,Robert Walters,,,Data Governance Analyst,London,60000.0,65000.0,GBP,18/08/2025,07/07/2025,"A leading UK bank is building a new control centre of excellence and is looking to hire a Data Governance Analyst to join a newly formed team. This role offers a rare opportunity to influence and embed best-in-class data governance practices across a growing function, working closely with senior stakeholders and supporting high-impact regulatory and reporting programmes. Key Responsibilities Design and implement data governance controls in line ... ",156,https://www.reed.co.uk/jobs/data-governance-analyst/55368765
55507892,610164,MSA Data Analytics Ltd,,,SQL Data Analyst,London,350.0,400.0,GBP,10/09/2025,30/07/2025,"This is a fantastic opportunity to join a high-impact data project as a Data &amp; Insight Analyst, contributing in a contract capacity for an initial six-month term. You’ll play a key role in owning and delivering critical insight that informs both operational and commercial decision-making within a data-led, customer-focused energy business. While this is very much a front-end analytics role, it requires strong technical capability to extract,... ",196,https://www.reed.co.uk/jobs/sql-data-analyst/55507892
55422222,331522,Harnham - Data & Analytics Recruitment,,,Commercial Data Analyst,London,42000.0,53000.0,GBP,26/08/2025,15/07/2025,"Commercial Data Analyst ?? London (Tottenham Court Road) - Hybrid (1-2 days/week in-office, Wednesdays required) ?? 42,700 - 53,700 Annual Bonus ?? 3-5 years' experience | SQL, Python &amp; BI tools (Power BI / DOMO) An exciting opportunity to take full ownership of analytics in a global business operating at the intersection of entertainment, media, and consumer engagement . This is a standalone data role within a collaborative commercial finan... ",158,https://www.reed.co.uk/jobs/commercial-data-analyst/55422222
55460415,524744,Hays Specialist Recruitment Limited,,,Collections Data Analyst,Southampton,40000.0,45000.0,GBP,02/09/2025,22/07/2025,"Your new company You will be joining a forward-thinking, data-driven, financial services organisation that values innovation, collaboration and continuous improvement. With a strong focus on delivering fair outcomes for customers, this company is committed to using data to drive smarter decisions and improve operational performance across its collections and servicing functions. Your new role As a Collections Data Analyst, you will play a key ro... ",56,https://www.reed.co.uk/jobs/collections-data-analyst/55460415
55523527,618093,Moneybox,,,Senior Data Engineer,London,0.0,0.0,GBP,26/08/2025,01/08/2025,"About Moneybox Moneybox is the award-winning app that helps you turn your money into something greater. We’ve brought saving, investing, home-buying, and retirement services all together into one simple app, so it’s easier than ever to achieve your goals and build wealth, whatever your starting point. Job Brief Moneybox is growing rapidly, and our technical and data teams are no exception. We have more users, more accounts, more money invested, ... ",21,https://www.reed.co.uk/jobs/senior-data-engineer/55523527
55409924,129495,Specialist Recruit,,,Data Collector and Analyst,RH67DE,22000.0,24000.0,GBP,13/08/2025,14/07/2025,"Job Title: Data Collector and Analyst Location: Horley, Surrey (Hybrid – 2 days office / 3 days home) Salary: 22,000 – 24,000 benefits career progression Rota: Weekend/Public Holiday cover (5 hrs at 1.5x rate after training) About the Role: Join a fast-growing, tech-driven company as a Data Collector and Analyst. You’ll ensure accurate and timely data collection, support internal teams, and help drive continuous improvement across services. Key ... ",42,https://www.reed.co.uk/jobs/data-collector-and-analyst/55409924
55336921,377106,Robert Walters,,,Data Analyst / BA,London,700.0,750.0,GBP,13/08/2025,02/07/2025,"We're seeking an experienced Data &amp; Business Analyst to play a key role in the next phase of a cutting-edge Underwriting Workbench project. This exciting opportunity gives you the chance to influence the future of underwriting processes within a dynamic, market-leading organization. Data &amp; Business Analyst - Underwriting Workbench Overview: We're looking for a Data &amp; Business Analyst to support the next phase of an Underwriting Workb... ",320,https://www.reed.co.uk/jobs/data-analyst-ba/55336921
55521873,685682,TELUS International AI Inc,,,Part time Search Analyst United Kingdom (Work From Home),London,,,,12/09/2025,01/08/2025,"Ready to ditch the traditional 9-5 grind? If you are an English speaker living in the United Kingdom, join our community as a Media Search Analyst, set your own flexible schedule and complete engaging tasks with an innovative web-based evaluation tool! What You’ll Do As A Media Search Analyst: Assess diverse media categories: music, books, podcasts, videos, and more. Evaluate app store content, ensuring search result accuracy and relevance. Util... ",116,https://www.reed.co.uk/jobs/part-time-search-analyst-united-kingdom-work-from-home/55521873
55480094,544360,RSPB,,,Business Analyst - Finance Systems Replacement,SG192DL,33027.0,35259.0,GBP,08/08/2025,25/07/2025,"Business Analyst - Finance Systems Replacement Reference: JUL20255002 Location: Flexible in UK Contract: Fixed-Term, 18 months Hours: Full-time, 37.5 hours per week Salary: 33,027.00 - 35,259.00 Per Annum Benefits: Holidays, Pension and Life Assurance This role is essential to support the Finance Systems Replacement project, a Board priority and a major digital change project. The Finance Systems Replacement project seeks to replace several syst... ",41,https://www.reed.co.uk/jobs/business-analyst-finance-systems-replacement/55480094
55306916,377106,Robert Walters,,,Master Data Analyst,M503XP,28000.0,32000.0,GBP,08/08/2025,27/06/2025,"An exciting opportunity has arisen for a Master Data Management Specialist to join a highly respected organisation based in Salford Quays. This permanent, full-time position offers a hybrid working model, allowing you to enjoy the benefits of both office collaboration and remote flexibility. As a valued member of the team, you will play a pivotal role in ensuring the quality, consistency, and accuracy of supplier data across multiple systems, di... ",34,https://www.reed.co.uk/jobs/master-data-analyst/55306916
55443612,336199,Project Recruit,,,Finance Graduate - AI Data Annotation Analyst,London,,,,29/08/2025,18/07/2025,"Finance Graduate - AI Data Annotation Analyst Our client, a leading organization in finance, technology and financial news sector, is looking for dedicated and detail-oriented individuals to join their dynamic team. This is a temporary contract until end of Dec 2025 with an immediate start date and would suit a candidate with a strong analytical mind and demonstratable interest in financial markets. This is an excellent opportunity for finance g... ",75,https://www.reed.co.uk/jobs/finance-graduate-ai-data-annotation-analyst/55443612
55472344,381982,AWD online,,,Data Analyst / Business Intelligence Analyst,DA121AS,36000.0,36000.0,GBP,04/09/2025,24/07/2025,"Business Intelligence Data Analyst who has experience in data analysis and visualisation using Excel Power BI, Tableau or similar tools, with strong analytical skills and the ability to communicate your findings to a non-technical audience is required for this well-established company. SALARY: Circa 36,000 per annum LOCATION: Hybrid with your time split working from home and the office in Gravesend, Kent (DA12) - candidates will need to live wit... ",81,https://www.reed.co.uk/jobs/data-analyst-business-intelligence-analyst/55472344
55420783,488784,Connected IT ,,,Business Analyst (Data),Birmingham,43000.0,50000.0,GBP,26/08/2025,15/07/2025,"Business Analyst We have an excellent permanent opportunity for a dynamic &amp; highly skilled Business Analyst to be involved in a good variety of business &amp; systems projects - some of large scale and complex in nature - supporting our client with the implementation of complex change &amp; continuous improvement, across new &amp; existing business systems, processes and standardising ways of working. We’re looking for Business Analysts with... ",230,https://www.reed.co.uk/jobs/business-analyst-data/55420783
55479727,520034,Sanderson,,,Data Business Analyst,London,450.0,500.0,GBP,05/09/2025,25/07/2025,Empower Transformation Through Data An exciting opportunity for a Business Analyst with strong data migration experience and a background in retail to join a strategic data transformation programme. This initiative is focused on reducing technical debt and building a trusted data foundation to support smarter decision-making across a major retail operation. Key Responsibilities: Lead the analysis and migration of complex data sets for business-c... ,201,https://www.reed.co.uk/jobs/data-business-analyst/55479727
55163240,403930,Montpellier Resourcing,,,Data Analyst (Financial Services),NG124JL,,,,29/08/2025,06/06/2025,"COMPETITIVE plus excellent bonus and benefits Hybrid Working Available - Nottingham Based Are you a detail-oriented analyst with a passion for turning complex data into clear insights? A prestigious private bank in Nottingham is seeking a Data Analyst to join its growing team. This is a fantastic opportunity to play a key role in driving data-led decision-making in a client-focused environment. The role will focus on interrogating client data , ... ",92,https://www.reed.co.uk/jobs/data-analyst-financial-services/55163240
55482457,636530,Gafoor,,,Data Analyst - Food Manufacturing,Preston,28000.0,30000.0,GBP,05/09/2025,25/07/2025,"Job Title: Data Analyst - Food Manufacturing Location: Preston, Lancashire, UK Salary: circa 28,000 - 30,000pa dependent on experience, specifically in relation to candidates with experience in the meat / poultry processing sector Job type: Full time, Permanent Gafoor is a dynamic and rapidly growing family-owned business in Preston looking for an experienced data analyst. Gafoor is a key player in their sector operating in a modern, BRC accredi... ",50,https://www.reed.co.uk/jobs/data-analyst-food-manufacturing/55482457
55462458,331522,Harnham - Data & Analytics Recruitment,,,Senior Analyst Data & Logistics,London,65000.0,85000.0,GBP,02/09/2025,22/07/2025,"Senior Analyst - Data &amp; Logistics ?? West London (3 days/week) | ?? 65,000 - 85,000 (DOE) | ?? Tech-Driven Logistics Platform A high-growth logistics-tech scaleup is looking for a Senior Analyst to sit at the heart of its Data Science team, owning core analytics across routing, pricing, and operational performance. With over 8 million customers across Europe, the business is on a mission to reshape transport through real-time optimisation, h... ",66,https://www.reed.co.uk/jobs/senior-analyst-data-logistics/55462458
55452177,588076,Pertemps Cambridge,,,Mid Level Data Analyst,London,40000.0,50000.0,GBP,01/09/2025,21/07/2025,"Mid-Level Data Analyst – Hybrid (London area) Location: London-adjacent (1–2 days/week in-office) Job Type: Full-time, Permanent Start Date: ASAP Salary: 40,000 – 50,000 depending on experience A fast-growing UK-based telecoms provider is seeking a talented Mid-Level Data Analyst to play a pivotal role in shaping how data influences decision-making across the business. This is an exciting opportunity to join a profitable and lean tech company wi... ",170,https://www.reed.co.uk/jobs/mid-level-data-analyst/55452177
55354516,331522,Harnham - Data & Analytics Recruitment,,,Data Analyst Insight & Analytics,London,40000.0,50000.0,GBP,15/08/2025,04/07/2025,"?? Data Analyst - Insight &amp; Analytics Focus ??? Central London (Hybrid, 2-3 days in office) ?? Up to 50,000 ?? Urgent Hire - Small, High-Impact Team ?? No sponsorship We're partnering with an innovative company that measures how people interact with out-of-home advertising (billboards, digital screens, posters, etc.). As they continue to grow and refine their methods, they're looking for a Data Analyst to join their collaborative team and he... ",171,https://www.reed.co.uk/jobs/data-analyst-insight-analytics/55354516
55413774,432293,MERJE Ltd,,,Senior Fraud Data Analyst,Halifax,45000.0,55000.0,GBP,25/08/2025,14/07/2025,"Our client is looking for a&nbsp; Senior Data Analyst to join their Financial Crime, Claims and Operations Oversight team. This is your opportunity to use data for good — detecting fraud, strengthening controls, and influencing how they protect their customers and their business. Responsibilities; As a Senior Fraud Data Analyst, you’ll play a vital role in fraud prevention, governance, and operational risk oversight. You’ll: Lead data analysis a... ",62,https://www.reed.co.uk/jobs/senior-fraud-data-analyst/55413774
55392289,520034,Sanderson,,,Data Entry Amin/Analyst,London,,,,21/08/2025,10/07/2025,Data Entry Admin/Analyst Duration - 3 months Remote role Rate - Up to 450 per day overall assignment rate to umbrella. Sanderson are working with a leading insurance company on an exclusive basis who need a data admin/analyst to join them on a post integration project. The successful candidate will have worked in the insurance sector before and understand re-insurance. This person will be responsible for inputting re-insurance data onto specific... ,546,https://www.reed.co.uk/jobs/data-entry-amin-analyst/55392289
55413759,666859,MB Connected ,,,Interim Finance Data Analyst,WS110AJ,350.0,450.0,GBP,25/08/2025,14/07/2025,"I'm currently on the look-out for a commercial focussed Interim Finance Data Analyst to join a private equity backed business based in Cannock to help during a journey of strong business growth. They are looking for an experienced Finance Data Analyst to join forces with the IT Director &amp; finance function to provide accurate analysis, develop a database model for business reporting, deliver on historic data reconciliations and manage key rel... ",113,https://www.reed.co.uk/jobs/interim-finance-data-analyst/55413759
55501595,418809,Gleeson Recruitment Group,,,IT & Data Systems Analyst,Birmingham,,,,09/09/2025,29/07/2025,"IT &amp; Data Systems Analyst / Permanent / Birmingham / Start - ASAP / NEG We're on the lookout for someone who's part IT Support, part Data Analyst. You'll be the go to for supporting our clients internal IT function from troubleshooting laptops to spotting trends in performance data that help us improve operations, marketing, and beyond. This is a varied role where no two days are the same. You'll combine analytical skills with solid technica... ",53,https://www.reed.co.uk/jobs/it-data-systems-analyst/55501595
55369121,377106,Robert Walters,,,Senior Data Governance Analyst,London,70000.0,85000.0,GBP,18/08/2025,07/07/2025,"We are seeking a Senior Data Governance Analyst to join a newly formed and rapidly growing control centre of excellence. This is a high-impact role for an experienced data professional who will help define and drive data governance strategy across the bank. You will play a central role in enhancing regulatory reporting capabilities, supporting business alignment on data quality, and embedding robust data controls across the organisation. Key Res... ",129,https://www.reed.co.uk/jobs/senior-data-governance-analyst/55369121
55425928,575264,Reed,,,Data Analyst - Supply Chain,GL208DN,28000.0,30000.0,GBP,16/08/2025,16/07/2025,"Location: Tewkesbury, Gloucestershire Job Type: Permanent, Full-time Salary: up to 30,000 per annum (DOE) Working Hours: 35 hours per week, Monday – Friday (Hybrid working options available) Join a&nbsp;dynamic team, who embrace a sense of fun. Our client seeking an Analyst to support&nbsp;business growth and manage relationships with key partners to maximise profit and optimise stock across the business. Day-to-day of the role: Plan allocation ... ",58,https://www.reed.co.uk/jobs/data-analyst-supply-chain/55425928
55554902,662593,Tenth Revolution Group,,,Finance Data Analyst - Fareham,Bournemouth,35000.0,45000.0,GBP,18/09/2025,07/08/2025,"A growing tech company in Fareham are looking for a QA Test Analyst to join their experienced QA team, and work on both manual and automated testing for their site of software products. You'll work closely with their Software Engineering team, and be responsible for outlining test cases as early as possible in the product development lifecycle. You'll test software UI and UX across all web and software platforms, provide regular reports on testi... ",8,https://www.reed.co.uk/jobs/finance-data-analyst-fareham/55554902
55375645,409576,Talentedge,,,FP&A Analyst - Disruptive AI Scaleup,London,50000.0,60000.0,GBP,07/08/2025,08/07/2025,"FP&amp;A Analyst - Leading AI Scaleup&nbsp; Central London, Hybrid&nbsp; 55,000 bonus benefits TalentEdge are currently exclusively representing a rapid growth AI organisation on the hiring of an FP&amp;A Analyst. The company are currently going though a period of incredible growth with revenues predicted to 3x over the next 2 years. With strategic partnership with some of the leading players in the tech game, the company is going through a peri... ",85,https://www.reed.co.uk/jobs/fp-a-analyst-disruptive-ai-scaleup/55375645
55479727,520034,Sanderson,,,Data Business Analyst,London,450.0,500.0,GBP,05/09/2025,25/07/2025,Empower Transformation Through Data An exciting opportunity for a Business Analyst with strong data migration experience and a background in retail to join a strategic data transformation programme. This initiative is focused on reducing technical debt and building a trusted data foundation to support smarter decision-making across a major retail operation. Key Responsibilities: Lead the analysis and migration of complex data sets for business-c... ,201,https://www.reed.co.uk/jobs/data-business-analyst/55479727
55545793,409660,Huxley,,,Data BA,London,900.0,900.0,GBP,16/09/2025,05/08/2025,"I'm working with a client within energy trading who are looking for a Business analyst. The role will a large data warehouse implementation program. Experience working with Commodities (LNG Highly desirable) SQL, Data Mapping, Data Modelling, Data Warehousing Experience Extensive Business analysis experience. Familiarity with vessel operations, performance metrics, or LNG/product fleet management is a plus. Rate: 800 - 900 per day Via Umbrella. ... ",40,https://www.reed.co.uk/jobs/data-ba/55545793
55163240,403930,Montpellier Resourcing,,,Data Analyst (Financial Services),NG124JL,,,,29/08/2025,06/06/2025,"COMPETITIVE plus excellent bonus and benefits Hybrid Working Available - Nottingham Based Are you a detail-oriented analyst with a passion for turning complex data into clear insights? A prestigious private bank in Nottingham is seeking a Data Analyst to join its growing team. This is a fantastic opportunity to play a key role in driving data-led decision-making in a client-focused environment. The role will focus on interrogating client data , ... ",92,https://www.reed.co.uk/jobs/data-analyst-financial-services/55163240
55482457,636530,Gafoor,,,Data Analyst - Food Manufacturing,Preston,28000.0,30000.0,GBP,05/09/2025,25/07/2025,"Job Title: Data Analyst - Food Manufacturing Location: Preston, Lancashire, UK Salary: circa 28,000 - 30,000pa dependent on experience, specifically in relation to candidates with experience in the meat / poultry processing sector Job type: Full time, Permanent Gafoor is a dynamic and rapidly growing family-owned business in Preston looking for an experienced data analyst. Gafoor is a key player in their sector operating in a modern, BRC accredi... ",50,https://www.reed.co.uk/jobs/data-analyst-food-manufacturing/55482457
55439788,389954,"FS1 Recruitment - Marketing, Digital & Creative Recruitment ",,,Lead Business and Data Analyst,London,,,,29/08/2025,18/07/2025,"Our global client is currently seeking a Lead Business and Data Analyst to join their UK team on a permanent basis. The Lead Business and Data Analyst will be required to oversee a team of specialists, ensuring the seamless execution of data projects and the development of best practices. Key Responsibilities: Work within an open atmosphere with frequent collaboration between team members. Supervise a team of business and data specialists focuse... ",102,https://www.reed.co.uk/jobs/lead-business-and-data-analyst/55439788
55440644,403086,Barclay Meade,,,Supply Chain Data Analyst,Wimborne,,,,29/08/2025,18/07/2025,"A leader in the Aerospace sector is seeking an experienced Supply Chain Data Analyst to join their team in Wimborne supporting inventory optimisation and supply chain performance across multiple business areas. Duration: 12 months Location: Wimborne Working Pattern: Hybrid Pay: Competitive hourly rate As a Supply Chain Data Analyst you'll play a key role in driving data-driven decisions to improve inventory health, support operations with KPI-fo... ",40,https://www.reed.co.uk/jobs/supply-chain-data-analyst/55440644
55542367,589273,Method Resourcing,,,Senior Data Enablement Analyst,London,80000.0,80000.0,GBP,16/09/2025,05/08/2025,"Senior Data Analyst | Data Enablement | Data Quality | Remediation | SQL | London | Hybrid | 70,000 - 80,000 Method Resourcing are proud to be recruiting for one of the UK's most prestigious financial institutions, known for their heritage and forward-thinking approach to data and AI transformation. As a Senior Data Analyst within the Data Enablement team , you'll help drive AI-readiness by identifying and resolving data quality issues. You'll c... ",12,https://www.reed.co.uk/jobs/senior-data-enablement-analyst/55542367
55497209,459960,Xpertise Recruitment Ltd,,,Data Risk & Governance Analyst,EC2R5AA,90000.0,107000.0,GBP,09/09/2025,29/07/2025,"Data Risk &amp; Governance Analyst – Asset Management London | Hybrid (3 days/week in office) Up to 107,000 Bonus Pension Benefits A leading asset management organisation is seeking a Data Risk &amp; Governance Analyst to help strengthen its data governance capabilities and support the development of a robust data management framework. This is a strategic role focused on enabling the business to mature its data practices and deliver consistent, ... ",65,https://www.reed.co.uk/jobs/data-risk-governance-analyst/55497209
55399646,380203,Nicholas Howard,,,Senior Clinical Data Analyst,OX141AA,,,,22/08/2025,11/07/2025,"Nicholas Howard have are delighted to be recruiting for a Senior Clinical Data Analyst to join our client, an SME specialising in the development of software products and eCOA for the pharmaceutical and healthcare sectors. As the business continues to grow, this is an excellent opportunity to play a key and leading role within study teams across a number of client phase 1 trials, alongside a project manager, on the end to end provision on clinic... ",21,https://www.reed.co.uk/jobs/senior-clinical-data-analyst/55399646
55554576,563845,Adecco ,,,Data Input and Analyst - Planning,Hounslow,19.17,19.17,GBP,18/09/2025,07/08/2025,"Client Local Authority in Hounslow Job Title Data Input and Analyst - Planning Pay Rate 19.17 an hour PAYE Hours 36 Hours a week(Mon-Fri) Duration 6 Month Contract Location HYBRID WORKING- 2 days a week office in Hounslow House Description About the Role: Join a specifically created team, with responsibility for inputting s106 legal agreements into a bespoke planning database. S106 agreements are legally binding documents between the council and... ",27,https://www.reed.co.uk/jobs/data-input-and-analyst-planning/55554576
55352679,418809,Gleeson Recruitment Group,,,Senior Data & Insights Analyst,Wednesbury,50000.0,60000.0,GBP,15/08/2025,04/07/2025,"SENIOR DATA &amp; INSIGHTS ANALYST (Power BI) Wednesbury based - 3 days per week on site 50K - 60K based on experience Working for an ambitious organisation in the manufacturing industry, this brand new role will be play a key part in the transformation of the business. As part of a strategic shift towards a more data-driven approach, the company have invested in new systems and processes to enhance efficiency, improve decision-making, and drive... ",112,https://www.reed.co.uk/jobs/senior-data-insights-analyst/55352679
55483254,493136,Star Actuarial Futures,,,BPA Data and Technology Analyst,SK101AF,,,,05/09/2025,25/07/2025,"North-West/ hybrid 2-3dpw office-based | Leading Insurance Group Permanent | BPA Data and Administration What's in it for me? Technical role within a growing market, which looks to remain buoyant over the long term Prestige, people-oriented employer Strong forward-looking career prospects Excellent annual bonus, pension, and benefits Working for a genuinely lovely senior team The role: This is a prime opportunity for a technical specialist to se... ",22,https://www.reed.co.uk/jobs/bpa-data-and-technology-analyst/55483254
55554894,662593,Tenth Revolution Group,,,Finance Data Analyst - Fareham,Southampton,35000.0,45000.0,GBP,18/09/2025,07/08/2025,"A growing tech company in Fareham are looking for a QA Test Analyst to join their experienced QA team, and work on both manual and automated testing for their site of software products. You'll work closely with their Software Engineering team, and be responsible for outlining test cases as early as possible in the product development lifecycle. You'll test software UI and UX across all web and software platforms, provide regular reports on testi... ",5,https://www.reed.co.uk/jobs/finance-data-analyst-fareham/55554894
55077021,72731,FRS Ltd,,,Group Financial Data Analyst,NN135GD,45000.0,52000.0,GBP,27/08/2025,27/05/2025,"Group Financial Data Analyst Location: South Northamptonshire (Hybrid) My client is seeking a talented and proactive Group Data Analyst to join a leading UK provider in its sector. This rapidly growing Group, recently acquired by a Private Equity firm, operates multiple well-known brands. About the Opportunity: Reporting to the Head of FP&amp;A, this pivotal position acts as a vital bridge between finance and operational departments. It's more t... ",117,https://www.reed.co.uk/jobs/group-financial-data-analyst/55077021
55513938,563845,Adecco ,,,Transactional Data Governance Analyst,London,,,,11/09/2025,31/07/2025,"Job Title: Transactional Data Governance Analyst Contract Type: 6 Month Contract Location: London Department: EMEA Data Office: OPPD - Operations Planning &amp; Data Management Dept Purpose of Job: Our client is seeking a Transactional Data Governance Analyst to drive the implementation of robust Data Governance practises surrounding Transactional Data. The role is pivotal within the organisation, particularly within Banking International and Ca... ",64,https://www.reed.co.uk/jobs/transactional-data-governance-analyst/55513938
55554869,662593,Tenth Revolution Group,,,Finance Data Analyst - Fareham,Chichester,35000.0,45000.0,GBP,18/09/2025,07/08/2025,"A growing tech company in Fareham are looking for a QA Test Analyst to join their experienced QA team, and work on both manual and automated testing for their site of software products. You'll work closely with their Software Engineering team, and be responsible for outlining test cases as early as possible in the product development lifecycle. You'll test software UI and UX across all web and software platforms, provide regular reports on testi... ",6,https://www.reed.co.uk/jobs/finance-data-analyst-fareham/55554869
55451127,381223,Morgan Hunt Recruitment,,,Python R Data Analyst,BN11AE,41383.0,52878.0,GBP,18/08/2025,21/07/2025,"About the Role Join a dynamic team where your analytical expertise will shape regulatory strategy and drive impactful decision-making. You'll lead analytical projects, uncover key insights, and collaborate with stakeholders to support the UK pensions landscape. Essential Skills &amp; Experience Advanced qualifications - Postgraduate degree in a relevant field (e.g., statistics, mathematics, or a related discipline) or equivalent professional exp... ",50,https://www.reed.co.uk/jobs/python-r-data-analyst/55451127
55323145,610164,MSA Data Analytics Ltd,,,Apprentice / Junior Data Analyst,Redditch,24000.0,26000.0,GBP,11/08/2025,30/06/2025,"An exciting opportunity to join a leading supply chain and logistics business as part of their growing Data &amp; Analytics function. This role is ideal for someone at the early stage of their career who is eager to develop practical skills in data analysis within a fast-paced, commercially driven environment. This is a full-time, on-site position starting as a 12-month fixed-term contract , with a clear expectation of progressing into a permane... ",107,https://www.reed.co.uk/jobs/apprentice-junior-data-analyst/55323145
55375849,575264,Reed,,,Junior Finance /Data Analyst,UB77PN,16.0,19.0,GBP,09/08/2025,08/07/2025,"We are seeking an exceptionally tech savvy candidate to join a great team on a temp to perm basis.&nbsp; What You'll Do Produce management and financial reports Support statutory returns Design, build and maintain automated dashboards and reporting tools using Power BI, DAX, Power Query, and SQL Gather, validate and integrate data&nbsp;ensuring consistency and quality Deal with and resolve discrepancies Other ad hoc duties... ",117,https://www.reed.co.uk/jobs/junior-finance-data-analyst/55375849
55375850,575264,Reed,,,Junior Finance /Data Analyst,UB77PN,16.0,19.0,GBP,09/08/2025,08/07/2025,"We are seeking an exceptionally tech savvy candidate to join a great team on a temp to perm basis.&nbsp; What You'll Do Produce management and financial reports Support statutory returns Design, build and maintain automated dashboards and reporting tools using Power BI, DAX, Power Query, and SQL Gather, validate and integrate data&nbsp;ensuring consistency and quality Deal with and resolve discrepancies Other ad hoc duties... ",66,https://www.reed.co.uk/jobs/junior-finance-data-analyst/55375850
55330810,524744,Hays Specialist Recruitment Limited,,,"Business Analyst - Healthcare, Data, AI",London,,,,12/08/2025,01/07/2025,"Business Analyst - Healthcare, Data, AI Market Rate - Inside IR35 London / Hybrid - 2 days per week on site 6 months My client is an instantly recognisable Healthcare Insurer who urgently require Business Analyst expertise in Healthcare, Data and AI to join a business-critical programme. Key Requirements: Proven commercial experience working as a Business Analyst within Insurance and the Healthcare space. Experience working on large-scale Data a... ",187,https://www.reed.co.uk/jobs/business-analyst-healthcare-data-ai/55330810
55428514,617027,Think Accountancy and Finance,,,Data Analyst Billings Team,Hemel Hempstead,28000.0,36000.0,GBP,27/08/2025,16/07/2025,"Are you a natural with numbers, great with Excel, and enjoy solving puzzles hidden in data? If you love spotting trends, resolving discrepancies, and making sense of large data sets, this could be the perfect next step for you. We're working with a brilliant, growing SME in Hemel Hempstead that's known for its friendly team, collaborative culture, and genuine focus on employee wellbeing. They're looking for someone to join their Billings team, r... ",27,https://www.reed.co.uk/jobs/data-analyst-billings-team/55428514
55422641,393766,Marc Daniels,,,Data Analyst - Power BI,Staines-upon-Thames,55000.0,65000.0,GBP,26/08/2025,15/07/2025,"Data Analyst - Power BI We're looking for a skilled Data Analyst - Power BI to join a thriving technology company in Staines. This role comes with outstanding benefits and flexible hybrid working options. Responsibilities As a Data Analyst - Power BI , your main responsibilities will include: Designing, developing, and maintaining interactive Power BI dashboards and reports to deliver key financial and operational insights. Connecting to various... ",247,https://www.reed.co.uk/jobs/data-analyst-power-bi/55422641
55395215,524744,Hays Specialist Recruitment Limited,,,Specialty Lines Data Scientist / Actuarial Analyst,London,30000.0,45000.0,GBP,21/08/2025,10/07/2025,"Your new company Specialty Lines insurer (confidential) Your new role I'm working with a specialty lines insurer, who are looking for a junior data scientist / actuarial student with proficient python skills to drive process automation initiatives. This exciting role includes the opportunity for actuarial study support for those inclined towards actuarial exams. What you'll need to succeed Ideal candidates will possess c. 6-18 months of industry... ",10,https://www.reed.co.uk/jobs/specialty-lines-data-scientist-actuarial-analyst/55395215
55550873,398187,Oliver James ,,,BPA Data and Technical Analyst,Manchester,,,,17/09/2025,06/08/2025,"Oliver James is proud to be working with a major life insurer,looking for a number of pension data specialists to join their team. This is a permanent opportunity to join a business that is going through a major development of their proposition, with the opportunity to shape how the business will develop in the next coming years. Here is a brief overview of what they're looking for: - Strong retirement calculations experience for DB pensions - T... ",6,https://www.reed.co.uk/jobs/bpa-data-and-technical-analyst/55550873
55460203,659815,Newto Training,,,Data Analyst Trainee - job guarantee,United Kingdom,,,,02/09/2025,22/07/2025,"Are you ready to start a new career in Data Analysis? The demand for Data Analysts has grown by 20% annually, with experienced professionals earning salaries upwards of 58,000. In today’s digital world, data is critical to business decision-making, making the role of a Data Analyst indispensable. As skills shortages continue to grow, the demand for qualified entry-level professionals is on the rise. With our Data Analytics career programme we wi... ",13,https://www.reed.co.uk/jobs/data-analyst-trainee-job-guarantee/55460203
55460158,659815,Newto Training,,,Trainee Data Analyst - job guarantee,United Kingdom,,,,02/09/2025,22/07/2025,"Are you ready to start a new career in Data Analysis? The demand for Data Analysts has grown by 20% annually, with experienced professionals earning salaries upwards of 58,000. In today’s digital world, data is critical to business decision-making, making the role of a Data Analyst indispensable. As skills shortages continue to grow, the demand for qualified entry-level professionals is on the rise. With our Data Analytics career programme we wi... ",14,https://www.reed.co.uk/jobs/trainee-data-analyst-job-guarantee/55460158
55454514,659815,Newto Training,,,Data Analyst - No experience needed,United Kingdom,,,,01/09/2025,21/07/2025,"Are you ready to start a new career in Data Analysis? The demand for Data Analysts has grown by 20% annually, with experienced professionals earning salaries upwards of 58,000. In today’s digital world, data is critical to business decision-making, making the role of a Data Analyst indispensable. As skills shortages continue to grow, the demand for qualified entry-level professionals is on the rise. With our Data Analytics career programme we wi... ",43,https://www.reed.co.uk/jobs/data-analyst-no-experience-needed/55454514
54661749,671228,IO Sphere,,,Data Analyst London (Entry Level),E17EZ,30000.0,40000.0,GBP,02/09/2025,18/03/2025,"Are you looking to kickstart your career in data? Join iO-Sphere's unique training programme - the Data Analyst Experience Accelerator - it is designed to secure individuals their next career step and become a data analyst. ------------------------------------------------------------------------------------------------------- Apply now to join our upcoming cohorts starting on 16 June,18 August and 17 October: https://io-sphere.io/data-analytics ... ",260,https://www.reed.co.uk/jobs/data-analyst-london-entry-level/54661749
55346534,535944,BOSS Professional Services LTD,,,Azure Cloud Monitoring & Data Analyst,KT11AE,60000.0,70000.0,GBP,14/08/2025,03/07/2025,Azure Cloud Monitoring &amp; Data Analyst: O ur client is a market leading SaaS provider who due to sustained growth are seeking an Azure Cloud Monitoring &amp; Data Analyst to join their team of technical specialists. Your main duties include: To manage and monitor the Azure-based SaaS solution in order to ensure system reliability. To detect any issues in real-time and escalate to appropriate teams To follow up and ensure identified issues are... ,74,https://www.reed.co.uk/jobs/azure-cloud-monitoring-data-analyst/55346534
55508556,378407,Cedar,,,Interim Procurement Systems Data Analyst,West Midlands (Region),450.0,500.0,GBP,10/09/2025,30/07/2025,"Cedar are supporting a Local Authority, based in the Midlands, who are looking to hire an Interim Procurement Systems Data Analyst on an initial 6-month contract (potential to extend). This role will operate INSIDE IR35, offering a Day Rate from 450 up to 500. This role will primarily be Home Based but will require on-site visits c2-4 days per month for key meetings. This is an exciting opportunity to help shape and improve how the Authority use... ",17,https://www.reed.co.uk/jobs/interim-procurement-systems-data-analyst/55508556
55430591,300996,Morson Talent,,,Pension System Calculation and Data Analyst,EC4A4AB,50000.0,55000.0,GBP,27/08/2025,16/07/2025,"Pension System Calculation and Data Analyst London City Office Job purpose To support the Pension &amp; Reward Operations Manager with all aspects of the maintenance and development of the Pensions Administration System (altair). To assist in production, management and processing of all data extracts and interfaces and to provide ongoing support to pension projects. Principal accountabilities ? To support the maintenance and development of the p... ",59,https://www.reed.co.uk/jobs/pension-system-calculation-and-data-analyst/55430591
55490671,610164,MSA Data Analytics Ltd,,,Data & Insights Analyst (PT),Nottingham,350.0,400.0,GBP,25/08/2025,28/07/2025,"This is a fantastic opportunity to join a high-impact project as a Data &amp; Insight Analyst, contributing in a project capacity over an initial six-month period. You’ll take ownership of key reporting and insights that inform operational and commercial decisions at the heart of a data-led, customer-centric Energy business. You’ll be analysing how customer activity – including debt – impacts the profit &amp; loss (P&amp;L), while working with d... ",42,https://www.reed.co.uk/jobs/data-insights-analyst-pt/55490671
55512853,306957,Become,,,Risk & Finance Data Governance Analyst,London,575.0,600.0,GBP,11/09/2025,31/07/2025,"Senior Risk &amp; Finance Data Governance Analyst The Opportunity: This pivotal role sits at the heart of our EMEA BCBS239 Programme, where you will lead the implementation of data governance across Risk and Finance domains. You'll work with senior stakeholders to establish best-in-class data management practices, supporting our ambition to meet evolving regulatory requirements and embed a culture of openness, transparency, and data-driven innov... ",80,https://www.reed.co.uk/jobs/risk-finance-data-governance-analyst/55512853
55426718,431313,Sphere Digital Recruitment,,,Data/ Marketing Analyst - Media agency,London,,,,27/08/2025,16/07/2025,"Data/ Marketing Analyst- Media Agency About the Company: They are a forward thinking creative agency, part of a larger global marketing network. Their focus lies in merging data, creativity, and automation to streamline and make media campaigns more effective. The Role: We're looking for a curious and data-savvy analyst to join our analytics and insights team. This role will focus on uncovering what makes creative campaigns effective - turning p... ",89,https://www.reed.co.uk/jobs/data-marketing-analyst-media-agency/55426718
55532968,428645,Venn Group,,,Housing Needs Research and Data Analyst,London,,,,01/09/2025,04/08/2025,"Interim Housing Needs Research and Data Analyst Based in East London, hybrid working Length: 3-Months (Potential for extension) Inside IR35 We are working with a London local authority to recruit for a Housing Needs Research and Data Analyst to join their inclusive economy and housing directorate. This is a unique opportunity to apply your analytical expertise to a critical social mission. Working closely with colleagues across homelessness prev... ",45,https://www.reed.co.uk/jobs/housing-needs-research-and-data-analyst/55532968
55297165,306957,Become,,,Pension System Calculation and Data Analyst,London,,,,07/08/2025,26/06/2025,"Job Title: Pension System Calculation and Data Analyst Location: London (Primarily Home-Based) Type: Permanent Are you an experienced pensions professional with strong technical and data analysis skills? We are seeking a Pension System Calculation and Data Analyst to join our team and support the ongoing development and maintenance of our UK pension administration system (Altair). In this role, you will work closely with the Pensions &amp; Rewar... ",128,https://www.reed.co.uk/jobs/pension-system-calculation-and-data-analyst/55297165
55507683,336199,Project Recruit,,,Data Quality Assurance Analyst - Finance,London,,,,27/08/2025,30/07/2025,"Data Quality Assurance Analyst - Finance Our client, a global leader in the finance industry, is seeking a meticulous and detail-oriented individual, with a demonstratable interest in finance to join their team on a temporary contract until end of Dec 2025 (high possibility of extension) with an immediate start date. This is a remote role with initial onsite training (1-week) based in the City of London. This is an excellent opportunity for indi... ",114,https://www.reed.co.uk/jobs/data-quality-assurance-analyst-finance/55507683
55462607,398187,Oliver James ,,,Business Analyst - Data Centre,London,,,,02/09/2025,22/07/2025,"Job Title: Business Analyst - Data Centres Location: London (on-site once every two weeks - expenses covered) Contract Length: 6 months (with a view to extend into implementation) Start Date: ASAP Industry: Data Centre and Telecoms IR35 Status: Outside Overview: We are supporting a key client in the search for an experienced Business Analyst to support a CRM-related programme of work. The ideal candidate will take a strong, business-wide view an... ",120,https://www.reed.co.uk/jobs/business-analyst-data-centre/55462607
55504823,582327,ITOL Recruit,,,Data Science Trainee,SW182PU,30000.0,50000.0,GBP,10/09/2025,30/07/2025,"Artificial Intelligence is used in every industry and as artificial intelligence requires data to operate there is now a massive growing demand for Data experts. If you are detail orientated, perceptive, organised, competent, analytical and can communicate well with those around you; you could have a truly rewarding future within Data Science. We use our specialised Data Science Career programme which looks to assist, train and place qualified c... ",0,https://www.reed.co.uk/jobs/data-science-trainee/55504823
55504818,582327,ITOL Recruit,,,Data Science Trainee,SN11PX,30000.0,50000.0,GBP,10/09/2025,30/07/2025,"Artificial Intelligence is used in every industry and as artificial intelligence requires data to operate there is now a massive growing demand for Data experts. If you are detail orientated, perceptive, organised, competent, analytical and can communicate well with those around you; you could have a truly rewarding future within Data Science. We use our specialised Data Science Career programme which looks to assist, train and place qualified c... ",0,https://www.reed.co.uk/jobs/data-science-trainee/55504818
55495577,582327,ITOL Recruit,,,Data Science Trainee,OX11AA,30000.0,50000.0,GBP,09/09/2025,29/07/2025,"Artificial Intelligence is used in every industry and as artificial intelligence requires data to operate there is now a massive growing demand for Data experts. If you are detail orientated, perceptive, organised, competent, analytical and can communicate well with those around you; you could have a truly rewarding future within Data Science. We use our specialised Data Science Career programme which looks to assist, train and place qualified c... ",2,https://www.reed.co.uk/jobs/data-science-trainee/55495577
55546781,582327,ITOL Recruit,,,Data Science Trainee,SR13AA,30000.0,50000.0,GBP,17/09/2025,06/08/2025,"Artificial Intelligence is used in every industry and as artificial intelligence requires data to operate there is now a massive growing demand for Data experts. If you are detail orientated, perceptive, organised, competent, analytical and can communicate well with those around you; you could have a truly rewarding future within Data Science. We use our specialised Data Science Career programme which looks to assist, train and place qualified c... ",0,https://www.reed.co.uk/jobs/data-science-trainee/55546781
55495532,582327,ITOL Recruit,,,Data Science Trainee,NE18SF,30000.0,50000.0,GBP,09/09/2025,29/07/2025,"Artificial Intelligence is used in every industry and as artificial intelligence requires data to operate there is now a massive growing demand for Data experts. If you are detail orientated, perceptive, organised, competent, analytical and can communicate well with those around you; you could have a truly rewarding future within Data Science. We use our specialised Data Science Career programme which looks to assist, train and place qualified c... ",1,https://www.reed.co.uk/jobs/data-science-trainee/55495532
55495343,582327,ITOL Recruit,,,Data Science Trainee,KT11EU,30000.0,50000.0,GBP,09/09/2025,29/07/2025,"Artificial Intelligence is used in every industry and as artificial intelligence requires data to operate there is now a massive growing demand for Data experts. If you are detail orientated, perceptive, organised, competent, analytical and can communicate well with those around you; you could have a truly rewarding future within Data Science. We use our specialised Data Science Career programme which looks to assist, train and place qualified c... ",0,https://www.reed.co.uk/jobs/data-science-trainee/55495343
55493045,582327,ITOL Recruit,,,Data Science Trainee,EH88BG,30000.0,50000.0,GBP,08/09/2025,28/07/2025,"Artificial Intelligence is used in every industry and as artificial intelligence requires data to operate there is now a massive growing demand for Data experts. If you are detail orientated, perceptive, organised, competent, analytical and can communicate well with those around you; you could have a truly rewarding future within Data Science. We use our specialised Data Science Career programme which looks to assist, train and place qualified c... ",0,https://www.reed.co.uk/jobs/data-science-trainee/55493045
55492327,582327,ITOL Recruit,,,Data Science Trainee,HU12AA,30000.0,50000.0,GBP,08/09/2025,28/07/2025,"Artificial Intelligence is used in every industry and as artificial intelligence requires data to operate there is now a massive growing demand for Data experts. If you are detail orientated, perceptive, organised, competent, analytical and can communicate well with those around you; you could have a truly rewarding future within Data Science. We use our specialised Data Science Career programme which looks to assist, train and place qualified c... ",1,https://www.reed.co.uk/jobs/data-science-trainee/55492327
55492169,582327,ITOL Recruit,,,Data Science Trainee,E174JF,30000.0,50000.0,GBP,08/09/2025,28/07/2025,"Artificial Intelligence is used in every industry and as artificial intelligence requires data to operate there is now a massive growing demand for Data experts. If you are detail orientated, perceptive, organised, competent, analytical and can communicate well with those around you; you could have a truly rewarding future within Data Science. We use our specialised Data Science Career programme which looks to assist, train and place qualified c... ",3,https://www.reed.co.uk/jobs/data-science-trainee/55492169
55539276,582327,ITOL Recruit,,,Data Science Trainee,PE11AB,30000.0,50000.0,GBP,16/09/2025,05/08/2025,"Artificial Intelligence is used in every industry and as artificial intelligence requires data to operate there is now a massive growing demand for Data experts. If you are detail orientated, perceptive, organised, competent, analytical and can communicate well with those around you; you could have a truly rewarding future within Data Science. We use our specialised Data Science Career programme which looks to assist, train and place qualified c... ",0,https://www.reed.co.uk/jobs/data-science-trainee/55539276
55539266,582327,ITOL Recruit,,,Data Science Trainee,HA12XY,30000.0,50000.0,GBP,16/09/2025,05/08/2025,"Artificial Intelligence is used in every industry and as artificial intelligence requires data to operate there is now a massive growing demand for Data experts. If you are detail orientated, perceptive, organised, competent, analytical and can communicate well with those around you; you could have a truly rewarding future within Data Science. We use our specialised Data Science Career programme which looks to assist, train and place qualified c... ",2,https://www.reed.co.uk/jobs/data-science-trainee/55539266
55538898,582327,ITOL Recruit,,,Data Science Trainee,HD11BG,30000.0,50000.0,GBP,16/09/2025,05/08/2025,"Artificial Intelligence is used in every industry and as artificial intelligence requires data to operate there is now a massive growing demand for Data experts. If you are detail orientated, perceptive, organised, competent, analytical and can communicate well with those around you; you could have a truly rewarding future within Data Science. We use our specialised Data Science Career programme which looks to assist, train and place qualified c... ",0,https://www.reed.co.uk/jobs/data-science-trainee/55538898
55535500,582327,ITOL Recruit,,,Data Science Trainee,WS11PT,30000.0,50000.0,GBP,15/09/2025,04/08/2025,"Artificial Intelligence is used in every industry and as artificial intelligence requires data to operate there is now a massive growing demand for Data experts. If you are detail orientated, perceptive, organised, competent, analytical and can communicate well with those around you; you could have a truly rewarding future within Data Science. We use our specialised Data Science Career programme which looks to assist, train and place qualified c... ",1,https://www.reed.co.uk/jobs/data-science-trainee/55535500
55465084,582327,ITOL Recruit,,,Data Science Trainee,United Kingdom,30000.0,50000.0,GBP,03/09/2025,23/07/2025,"Artificial Intelligence is used in every industry and as artificial intelligence requires data to operate there is now a massive growing demand for Data experts. If you are detail orientated, perceptive, organised, competent, analytical and can communicate well with those around you; you could have a truly rewarding future within Data Science. We use our specialised Data Science Career programme which looks to assist, train and place qualified c... ",33,https://www.reed.co.uk/jobs/data-science-trainee/55465084
55464960,582327,ITOL Recruit,,,Data Science Trainee,SS26ER,30000.0,50000.0,GBP,03/09/2025,23/07/2025,"Artificial Intelligence is used in every industry and as artificial intelligence requires data to operate there is now a massive growing demand for Data experts. If you are detail orientated, perceptive, organised, competent, analytical and can communicate well with those around you; you could have a truly rewarding future within Data Science. We use our specialised Data Science Career programme which looks to assist, train and place qualified c... ",2,https://www.reed.co.uk/jobs/data-science-trainee/55464960
55464855,582327,ITOL Recruit,,,Data Science Trainee,IG11DD,30000.0,50000.0,GBP,03/09/2025,23/07/2025,"Artificial Intelligence is used in every industry and as artificial intelligence requires data to operate there is now a massive growing demand for Data experts. If you are detail orientated, perceptive, organised, competent, analytical and can communicate well with those around you; you could have a truly rewarding future within Data Science. We use our specialised Data Science Career programme which looks to assist, train and place qualified c... ",1,https://www.reed.co.uk/jobs/data-science-trainee/55464855
55464765,582327,ITOL Recruit,,,Data Science Trainee,E62RP,30000.0,50000.0,GBP,03/09/2025,23/07/2025,"Artificial Intelligence is used in every industry and as artificial intelligence requires data to operate there is now a massive growing demand for Data experts. If you are detail orientated, perceptive, organised, competent, analytical and can communicate well with those around you; you could have a truly rewarding future within Data Science. We use our specialised Data Science Career programme which looks to assist, train and place qualified c... ",1,https://www.reed.co.uk/jobs/data-science-trainee/55464765
55464698,582327,ITOL Recruit,,,Data Science Trainee,LE19BG,30000.0,50000.0,GBP,03/09/2025,23/07/2025,"Artificial Intelligence is used in every industry and as artificial intelligence requires data to operate there is now a massive growing demand for Data experts. If you are detail orientated, perceptive, organised, competent, analytical and can communicate well with those around you; you could have a truly rewarding future within Data Science. We use our specialised Data Science Career programme which looks to assist, train and place qualified c... ",1,https://www.reed.co.uk/jobs/data-science-trainee/55464698
55464638,582327,ITOL Recruit,,,Data Science Trainee,E81EA,30000.0,50000.0,GBP,03/09/2025,23/07/2025,"Artificial Intelligence is used in every industry and as artificial intelligence requires data to operate there is now a massive growing demand for Data experts. If you are detail orientated, perceptive, organised, competent, analytical and can communicate well with those around you; you could have a truly rewarding future within Data Science. We use our specialised Data Science Career programme which looks to assist, train and place qualified c... ",2,https://www.reed.co.uk/jobs/data-science-trainee/55464638
55464614,582327,ITOL Recruit,,,Data Science Trainee,NP201DF,30000.0,50000.0,GBP,03/09/2025,23/07/2025,"Artificial Intelligence is used in every industry and as artificial intelligence requires data to operate there is now a massive growing demand for Data experts. If you are detail orientated, perceptive, organised, competent, analytical and can communicate well with those around you; you could have a truly rewarding future within Data Science. We use our specialised Data Science Career programme which looks to assist, train and place qualified c... ",1,https://www.reed.co.uk/jobs/data-science-trainee/55464614
55464553,582327,ITOL Recruit,,,Data Science Trainee,N12UD,30000.0,50000.0,GBP,03/09/2025,23/07/2025,"Artificial Intelligence is used in every industry and as artificial intelligence requires data to operate there is now a massive growing demand for Data experts. If you are detail orientated, perceptive, organised, competent, analytical and can communicate well with those around you; you could have a truly rewarding future within Data Science. We use our specialised Data Science Career programme which looks to assist, train and place qualified c... ",1,https://www.reed.co.uk/jobs/data-science-trainee/55464553
55459932,582327,ITOL Recruit,,,Data Science Trainee,M25DB,30000.0,50000.0,GBP,02/09/2025,22/07/2025,"Artificial Intelligence is used in every industry and as artificial intelligence requires data to operate there is now a massive growing demand for Data experts. If you are detail orientated, perceptive, organised, competent, analytical and can communicate well with those around you; you could have a truly rewarding future within Data Science. We use our specialised Data Science Career programme which looks to assist, train and place qualified c... ",3,https://www.reed.co.uk/jobs/data-science-trainee/55459932
55457749,582327,ITOL Recruit,,,Data Science Trainee,CR01NX,30000.0,50000.0,GBP,02/09/2025,22/07/2025,"Artificial Intelligence is used in every industry and as artificial intelligence requires data to operate there is now a massive growing demand for Data experts. If you are detail orientated, perceptive, organised, competent, analytical and can communicate well with those around you; you could have a truly rewarding future within Data Science. We use our specialised Data Science Career programme which looks to assist, train and place qualified c... ",2,https://www.reed.co.uk/jobs/data-science-trainee/55457749
55457626,582327,ITOL Recruit,,,Data Science Trainee,B33DQ,30000.0,50000.0,GBP,02/09/2025,22/07/2025,"Artificial Intelligence is used in every industry and as artificial intelligence requires data to operate there is now a massive growing demand for Data experts. If you are detail orientated, perceptive, organised, competent, analytical and can communicate well with those around you; you could have a truly rewarding future within Data Science. We use our specialised Data Science Career programme which looks to assist, train and place qualified c... ",5,https://www.reed.co.uk/jobs/data-science-trainee/55457626
55452015,582327,ITOL Recruit,,,Data Science Trainee,Leeds,30000.0,50000.0,GBP,01/09/2025,21/07/2025,"Artificial Intelligence is used in every industry and as artificial intelligence requires data to operate there is now a massive growing demand for Data experts. If you are detail orientated, perceptive, organised, competent, analytical and can communicate well with those around you; you could have a truly rewarding future within Data Science. We use our specialised Data Science Career programme which looks to assist, train and place qualified c... ",2,https://www.reed.co.uk/jobs/data-science-trainee/55452015
55504913,582327,ITOL Recruit,,,Data Science Trainee,SN11PX,30000.0,50000.0,GBP,10/09/2025,30/07/2025,"Artificial Intelligence is used in every industry and as artificial intelligence requires data to operate there is now a massive growing demand for Data experts. If you are detail orientated, perceptive, organised, competent, analytical and can communicate well with those around you; you could have a truly rewarding future within Data Science. We use our specialised Data Science Career programme which looks to assist, train and place qualified c... ",0,https://www.reed.co.uk/jobs/data-science-trainee/55504913
55538859,582327,ITOL Recruit,,,Data Science Trainee,SE58UN,30000.0,50000.0,GBP,16/09/2025,05/08/2025,"Artificial Intelligence is used in every industry and as artificial intelligence requires data to operate there is now a massive growing demand for Data experts. If you are detail orientated, perceptive, organised, competent, analytical and can communicate well with those around you; you could have a truly rewarding future within Data Science. We use our specialised Data Science Career programme which looks to assist, train and place qualified c... ",2,https://www.reed.co.uk/jobs/data-science-trainee/55538859
55550825,107519,Circle Recruitment,,,Legal Solutions Analyst - AI Focus - London,London,50000.0,60000.0,GBP,17/09/2025,06/08/2025,"Legal Solutions Analyst - AI Focus - London Legal Solutions Analyst with a strong background in AI technologies, while working with legal technology is required to join a dynamic legal innovation team in central London. This is a fantastic opportunity to work at the intersection of law and technology, helping to shape the future of legal service delivery in a leading London-based firm. Experience Required: Proven experience in legal technology o... ",6,https://www.reed.co.uk/jobs/legal-solutions-analyst-ai-focus-london/55550825
55468907,107519,Circle Recruitment,,,Legal Solutions Analyst - AI Focus - London,London,50000.0,60000.0,GBP,03/09/2025,23/07/2025,"Legal Solutions Analyst - AI Focus - London Legal Solutions Analyst with a strong background in AI technologies, while working with legal technology is required to join a dynamic legal innovation team in central London. This is a fantastic opportunity to work at the intersection of law and technology, helping to shape the future of legal service delivery in a leading London-based firm. Experience Required: Proven experience in legal technology o... ",27,https://www.reed.co.uk/jobs/legal-solutions-analyst-ai-focus-london/55468907
55504850,582327,ITOL Recruit,,,Data Science Trainee,DY11HP,30000.0,50000.0,GBP,10/09/2025,30/07/2025,"Artificial Intelligence is used in every industry and as artificial intelligence requires data to operate there is now a massive growing demand for Data experts. If you are detail orientated, perceptive, organised, competent, analytical and can communicate well with those around you; you could have a truly rewarding future within Data Science. We use our specialised Data Science Career programme which looks to assist, train and place qualified c... ",4,https://www.reed.co.uk/jobs/data-science-trainee/55504850
55504768,582327,ITOL Recruit,,,Data Science Trainee,SW21RW,30000.0,50000.0,GBP,10/09/2025,30/07/2025,"Artificial Intelligence is used in every industry and as artificial intelligence requires data to operate there is now a massive growing demand for Data experts. If you are detail orientated, perceptive, organised, competent, analytical and can communicate well with those around you; you could have a truly rewarding future within Data Science. We use our specialised Data Science Career programme which looks to assist, train and place qualified c... ",0,https://www.reed.co.uk/jobs/data-science-trainee/55504768
55504713,582327,ITOL Recruit,,,Data Science Trainee,W69JU,30000.0,50000.0,GBP,10/09/2025,30/07/2025,"Artificial Intelligence is used in every industry and as artificial intelligence requires data to operate there is now a massive growing demand for Data experts. If you are detail orientated, perceptive, organised, competent, analytical and can communicate well with those around you; you could have a truly rewarding future within Data Science. We use our specialised Data Science Career programme which looks to assist, train and place qualified c... ",0,https://www.reed.co.uk/jobs/data-science-trainee/55504713
55495671,582327,ITOL Recruit,,,Data Science Trainee,TF31AU,30000.0,50000.0,GBP,09/09/2025,29/07/2025,"Artificial Intelligence is used in every industry and as artificial intelligence requires data to operate there is now a massive growing demand for Data experts. If you are detail orientated, perceptive, organised, competent, analytical and can communicate well with those around you; you could have a truly rewarding future within Data Science. We use our specialised Data Science Career programme which looks to assist, train and place qualified c... ",2,https://www.reed.co.uk/jobs/data-science-trainee/55495671
55495615,582327,ITOL Recruit,,,Data Science Trainee,WV11SH,30000.0,50000.0,GBP,09/09/2025,29/07/2025,"Artificial Intelligence is used in every industry and as artificial intelligence requires data to operate there is now a massive growing demand for Data experts. If you are detail orientated, perceptive, organised, competent, analytical and can communicate well with those around you; you could have a truly rewarding future within Data Science. We use our specialised Data Science Career programme which looks to assist, train and place qualified c... ",2,https://www.reed.co.uk/jobs/data-science-trainee/55495615
55495449,582327,ITOL Recruit,,,Data Science Trainee,DA14FH,30000.0,50000.0,GBP,09/09/2025,29/07/2025,"Artificial Intelligence is used in every industry and as artificial intelligence requires data to operate there is now a massive growing demand for Data experts. If you are detail orientated, perceptive, organised, competent, analytical and can communicate well with those around you; you could have a truly rewarding future within Data Science. We use our specialised Data Science Career programme which looks to assist, train and place qualified c... ",2,https://www.reed.co.uk/jobs/data-science-trainee/55495449
55495418,582327,ITOL Recruit,,,Data Science Trainee,RG11QH,30000.0,50000.0,GBP,09/09/2025,29/07/2025,"Artificial Intelligence is used in every industry and as artificial intelligence requires data to operate there is now a massive growing demand for Data experts. If you are detail orientated, perceptive, organised, competent, analytical and can communicate well with those around you; you could have a truly rewarding future within Data Science. We use our specialised Data Science Career programme which looks to assist, train and place qualified c... ",2,https://www.reed.co.uk/jobs/data-science-trainee/55495418
55495347,582327,ITOL Recruit,,,Data Science Trainee,CV15RR,30000.0,50000.0,GBP,09/09/2025,29/07/2025,"Artificial Intelligence is used in every industry and as artificial intelligence requires data to operate there is now a massive growing demand for Data experts. If you are detail orientated, perceptive, organised, competent, analytical and can communicate well with those around you; you could have a truly rewarding future within Data Science. We use our specialised Data Science Career programme which looks to assist, train and place qualified c... ",1,https://www.reed.co.uk/jobs/data-science-trainee/55495347
55493379,582327,ITOL Recruit,,,Data Science Trainee,BT15GS,30000.0,50000.0,GBP,08/09/2025,28/07/2025,"Artificial Intelligence is used in every industry and as artificial intelligence requires data to operate there is now a massive growing demand for Data experts. If you are detail orientated, perceptive, organised, competent, analytical and can communicate well with those around you; you could have a truly rewarding future within Data Science. We use our specialised Data Science Career programme which looks to assist, train and place qualified c... ",1,https://www.reed.co.uk/jobs/data-science-trainee/55493379
55493365,582327,ITOL Recruit,,,Data Science Trainee,MK93HQ,30000.0,50000.0,GBP,08/09/2025,28/07/2025,"Artificial Intelligence is used in every industry and as artificial intelligence requires data to operate there is now a massive growing demand for Data experts. If you are detail orientated, perceptive, organised, competent, analytical and can communicate well with those around you; you could have a truly rewarding future within Data Science. We use our specialised Data Science Career programme which looks to assist, train and place qualified c... ",3,https://www.reed.co.uk/jobs/data-science-trainee/55493365
55493204,582327,ITOL Recruit,,,Data Science Trainee,NG23NG,30000.0,50000.0,GBP,08/09/2025,28/07/2025,"Artificial Intelligence is used in every industry and as artificial intelligence requires data to operate there is now a massive growing demand for Data experts. If you are detail orientated, perceptive, organised, competent, analytical and can communicate well with those around you; you could have a truly rewarding future within Data Science. We use our specialised Data Science Career programme which looks to assist, train and place qualified c... ",1,https://www.reed.co.uk/jobs/data-science-trainee/55493204
55493190,582327,ITOL Recruit,,,Data Science Trainee,W52BJ,30000.0,50000.0,GBP,08/09/2025,28/07/2025,"Artificial Intelligence is used in every industry and as artificial intelligence requires data to operate there is now a massive growing demand for Data experts. If you are detail orientated, perceptive, organised, competent, analytical and can communicate well with those around you; you could have a truly rewarding future within Data Science. We use our specialised Data Science Career programme which looks to assist, train and place qualified c... ",2,https://www.reed.co.uk/jobs/data-science-trainee/55493190
55492322,582327,ITOL Recruit,,,Data Science Trainee,PR12RL,30000.0,50000.0,GBP,08/09/2025,28/07/2025,"Artificial Intelligence is used in every industry and as artificial intelligence requires data to operate there is now a massive growing demand for Data experts. If you are detail orientated, perceptive, organised, competent, analytical and can communicate well with those around you; you could have a truly rewarding future within Data Science. We use our specialised Data Science Career programme which looks to assist, train and place qualified c... ",3,https://www.reed.co.uk/jobs/data-science-trainee/55492322
55492043,582327,ITOL Recruit,,,Data Science Trainee,DN11AB,30000.0,50000.0,GBP,08/09/2025,28/07/2025,"Artificial Intelligence is used in every industry and as artificial intelligence requires data to operate there is now a massive growing demand for Data experts. If you are detail orientated, perceptive, organised, competent, analytical and can communicate well with those around you; you could have a truly rewarding future within Data Science. We use our specialised Data Science Career programme which looks to assist, train and place qualified c... ",1,https://www.reed.co.uk/jobs/data-science-trainee/55492043
55539157,582327,ITOL Recruit,,,Data Science Trainee,GL11AN,30000.0,50000.0,GBP,16/09/2025,05/08/2025,"Artificial Intelligence is used in every industry and as artificial intelligence requires data to operate there is now a massive growing demand for Data experts. If you are detail orientated, perceptive, organised, competent, analytical and can communicate well with those around you; you could have a truly rewarding future within Data Science. We use our specialised Data Science Career programme which looks to assist, train and place qualified c... ",2,https://www.reed.co.uk/jobs/data-science-trainee/55539157
55539085,582327,ITOL Recruit,,,Data Science Trainee,SK110HE,30000.0,50000.0,GBP,16/09/2025,05/08/2025,"Artificial Intelligence is used in every industry and as artificial intelligence requires data to operate there is now a massive growing demand for Data experts. If you are detail orientated, perceptive, organised, competent, analytical and can communicate well with those around you; you could have a truly rewarding future within Data Science. We use our specialised Data Science Career programme which looks to assist, train and place qualified c... ",0,https://www.reed.co.uk/jobs/data-science-trainee/55539085
55538950,582327,ITOL Recruit,,,Data Science Trainee,IP11DH,30000.0,50000.0,GBP,16/09/2025,05/08/2025,"Artificial Intelligence is used in every industry and as artificial intelligence requires data to operate there is now a massive growing demand for Data experts. If you are detail orientated, perceptive, organised, competent, analytical and can communicate well with those around you; you could have a truly rewarding future within Data Science. We use our specialised Data Science Career programme which looks to assist, train and place qualified c... ",0,https://www.reed.co.uk/jobs/data-science-trainee/55538950
55538917,582327,ITOL Recruit,,,Data Science Trainee,B742PN,30000.0,50000.0,GBP,16/09/2025,05/08/2025,"Artificial Intelligence is used in every industry and as artificial intelligence requires data to operate there is now a massive growing demand for Data experts. If you are detail orientated, perceptive, organised, competent, analytical and can communicate well with those around you; you could have a truly rewarding future within Data Science. We use our specialised Data Science Career programme which looks to assist, train and place qualified c... ",1,https://www.reed.co.uk/jobs/data-science-trainee/55538917
55538778,582327,ITOL Recruit,,,Data Science Trainee,BN11AA,30000.0,50000.0,GBP,16/09/2025,05/08/2025,"Artificial Intelligence is used in every industry and as artificial intelligence requires data to operate there is now a massive growing demand for Data experts. If you are detail orientated, perceptive, organised, competent, analytical and can communicate well with those around you; you could have a truly rewarding future within Data Science. We use our specialised Data Science Career programme which looks to assist, train and place qualified c... ",0,https://www.reed.co.uk/jobs/data-science-trainee/55538778
55538610,582327,ITOL Recruit,,,Data Science Trainee,NG181AE,30000.0,50000.0,GBP,16/09/2025,05/08/2025,"Artificial Intelligence is used in every industry and as artificial intelligence requires data to operate there is now a massive growing demand for Data experts. If you are detail orientated, perceptive, organised, competent, analytical and can communicate well with those around you; you could have a truly rewarding future within Data Science. We use our specialised Data Science Career programme which looks to assist, train and place qualified c... ",0,https://www.reed.co.uk/jobs/data-science-trainee/55538610
55535539,582327,ITOL Recruit,,,Data Science Trainee,RH101UZ,30000.0,50000.0,GBP,15/09/2025,04/08/2025,"Artificial Intelligence is used in every industry and as artificial intelligence requires data to operate there is now a massive growing demand for Data experts. If you are detail orientated, perceptive, organised, competent, analytical and can communicate well with those around you; you could have a truly rewarding future within Data Science. We use our specialised Data Science Career programme which looks to assist, train and place qualified c... ",0,https://www.reed.co.uk/jobs/data-science-trainee/55535539
55457749,582327,ITOL Recruit,,,Data Science Trainee,CR01NX,30000.0,50000.0,GBP,02/09/2025,22/07/2025,"Artificial Intelligence is used in every industry and as artificial intelligence requires data to operate there is now a massive growing demand for Data experts. If you are detail orientated, perceptive, organised, competent, analytical and can communicate well with those around you; you could have a truly rewarding future within Data Science. We use our specialised Data Science Career programme which looks to assist, train and place qualified c... ",2,https://www.reed.co.uk/jobs/data-science-trainee/55457749
55457626,582327,ITOL Recruit,,,Data Science Trainee,B33DQ,30000.0,50000.0,GBP,02/09/2025,22/07/2025,"Artificial Intelligence is used in every industry and as artificial intelligence requires data to operate there is now a massive growing demand for Data experts. If you are detail orientated, perceptive, organised, competent, analytical and can communicate well with those around you; you could have a truly rewarding future within Data Science. We use our specialised Data Science Career programme which looks to assist, train and place qualified c... ",5,https://www.reed.co.uk/jobs/data-science-trainee/55457626
55452015,582327,ITOL Recruit,,,Data Science Trainee,Leeds,30000.0,50000.0,GBP,01/09/2025,21/07/2025,"Artificial Intelligence is used in every industry and as artificial intelligence requires data to operate there is now a massive growing demand for Data experts. If you are detail orientated, perceptive, organised, competent, analytical and can communicate well with those around you; you could have a truly rewarding future within Data Science. We use our specialised Data Science Career programme which looks to assist, train and place qualified c... ",2,https://www.reed.co.uk/jobs/data-science-trainee/55452015
55504913,582327,ITOL Recruit,,,Data Science Trainee,SN11PX,30000.0,50000.0,GBP,10/09/2025,30/07/2025,"Artificial Intelligence is used in every industry and as artificial intelligence requires data to operate there is now a massive growing demand for Data experts. If you are detail orientated, perceptive, organised, competent, analytical and can communicate well with those around you; you could have a truly rewarding future within Data Science. We use our specialised Data Science Career programme which looks to assist, train and place qualified c... ",0,https://www.reed.co.uk/jobs/data-science-trainee/55504913
55538859,582327,ITOL Recruit,,,Data Science Trainee,SE58UN,30000.0,50000.0,GBP,16/09/2025,05/08/2025,"Artificial Intelligence is used in every industry and as artificial intelligence requires data to operate there is now a massive growing demand for Data experts. If you are detail orientated, perceptive, organised, competent, analytical and can communicate well with those around you; you could have a truly rewarding future within Data Science. We use our specialised Data Science Career programme which looks to assist, train and place qualified c... ",2,https://www.reed.co.uk/jobs/data-science-trainee/55538859
55504850,582327,ITOL Recruit,,,Data Science Trainee,DY11HP,30000.0,50000.0,GBP,10/09/2025,30/07/2025,"Artificial Intelligence is used in every industry and as artificial intelligence requires data to operate there is now a massive growing demand for Data experts. If you are detail orientated, perceptive, organised, competent, analytical and can communicate well with those around you; you could have a truly rewarding future within Data Science. We use our specialised Data Science Career programme which looks to assist, train and place qualified c... ",4,https://www.reed.co.uk/jobs/data-science-trainee/55504850
55504768,582327,ITOL Recruit,,,Data Science Trainee,SW21RW,30000.0,50000.0,GBP,10/09/2025,30/07/2025,"Artificial Intelligence is used in every industry and as artificial intelligence requires data to operate there is now a massive growing demand for Data experts. If you are detail orientated, perceptive, organised, competent, analytical and can communicate well with those around you; you could have a truly rewarding future within Data Science. We use our specialised Data Science Career programme which looks to assist, train and place qualified c... ",0,https://www.reed.co.uk/jobs/data-science-trainee/55504768
55504713,582327,ITOL Recruit,,,Data Science Trainee,W69JU,30000.0,50000.0,GBP,10/09/2025,30/07/2025,"Artificial Intelligence is used in every industry and as artificial intelligence requires data to operate there is now a massive growing demand for Data experts. If you are detail orientated, perceptive, organised, competent, analytical and can communicate well with those around you; you could have a truly rewarding future within Data Science. We use our specialised Data Science Career programme which looks to assist, train and place qualified c... ",0,https://www.reed.co.uk/jobs/data-science-trainee/55504713
55495671,582327,ITOL Recruit,,,Data Science Trainee,TF31AU,30000.0,50000.0,GBP,09/09/2025,29/07/2025,"Artificial Intelligence is used in every industry and as artificial intelligence requires data to operate there is now a massive growing demand for Data experts. If you are detail orientated, perceptive, organised, competent, analytical and can communicate well with those around you; you could have a truly rewarding future within Data Science. We use our specialised Data Science Career programme which looks to assist, train and place qualified c... ",2,https://www.reed.co.uk/jobs/data-science-trainee/55495671
55495615,582327,ITOL Recruit,,,Data Science Trainee,WV11SH,30000.0,50000.0,GBP,09/09/2025,29/07/2025,"Artificial Intelligence is used in every industry and as artificial intelligence requires data to operate there is now a massive growing demand for Data experts. If you are detail orientated, perceptive, organised, competent, analytical and can communicate well with those around you; you could have a truly rewarding future within Data Science. We use our specialised Data Science Career programme which looks to assist, train and place qualified c... ",2,https://www.reed.co.uk/jobs/data-science-trainee/55495615
55495449,582327,ITOL Recruit,,,Data Science Trainee,DA14FH,30000.0,50000.0,GBP,09/09/2025,29/07/2025,"Artificial Intelligence is used in every industry and as artificial intelligence requires data to operate there is now a massive growing demand for Data experts. If you are detail orientated, perceptive, organised, competent, analytical and can communicate well with those around you; you could have a truly rewarding future within Data Science. We use our specialised Data Science Career programme which looks to assist, train and place qualified c... ",2,https://www.reed.co.uk/jobs/data-science-trainee/55495449
55495418,582327,ITOL Recruit,,,Data Science Trainee,RG11QH,30000.0,50000.0,GBP,09/09/2025,29/07/2025,"Artificial Intelligence is used in every industry and as artificial intelligence requires data to operate there is now a massive growing demand for Data experts. If you are detail orientated, perceptive, organised, competent, analytical and can communicate well with those around you; you could have a truly rewarding future within Data Science. We use our specialised Data Science Career programme which looks to assist, train and place qualified c... ",2,https://www.reed.co.uk/jobs/data-science-trainee/55495418
55495347,582327,ITOL Recruit,,,Data Science Trainee,CV15RR,30000.0,50000.0,GBP,09/09/2025,29/07/2025,"Artificial Intelligence is used in every industry and as artificial intelligence requires data to operate there is now a massive growing demand for Data experts. If you are detail orientated, perceptive, organised, competent, analytical and can communicate well with those around you; you could have a truly rewarding future within Data Science. We use our specialised Data Science Career programme which looks to assist, train and place qualified c... ",1,https://www.reed.co.uk/jobs/data-science-trainee/55495347
55493379,582327,ITOL Recruit,,,Data Science Trainee,BT15GS,30000.0,50000.0,GBP,08/09/2025,28/07/2025,"Artificial Intelligence is used in every industry and as artificial intelligence requires data to operate there is now a massive growing demand for Data experts. If you are detail orientated, perceptive, organised, competent, analytical and can communicate well with those around you; you could have a truly rewarding future within Data Science. We use our specialised Data Science Career programme which looks to assist, train and place qualified c... ",1,https://www.reed.co.uk/jobs/data-science-trainee/55493379
55493365,582327,ITOL Recruit,,,Data Science Trainee,MK93HQ,30000.0,50000.0,GBP,08/09/2025,28/07/2025,"Artificial Intelligence is used in every industry and as artificial intelligence requires data to operate there is now a massive growing demand for Data experts. If you are detail orientated, perceptive, organised, competent, analytical and can communicate well with those around you; you could have a truly rewarding future within Data Science. We use our specialised Data Science Career programme which looks to assist, train and place qualified c... ",3,https://www.reed.co.uk/jobs/data-science-trainee/55493365
55493204,582327,ITOL Recruit,,,Data Science Trainee,NG23NG,30000.0,50000.0,GBP,08/09/2025,28/07/2025,"Artificial Intelligence is used in every industry and as artificial intelligence requires data to operate there is now a massive growing demand for Data experts. If you are detail orientated, perceptive, organised, competent, analytical and can communicate well with those around you; you could have a truly rewarding future within Data Science. We use our specialised Data Science Career programme which looks to assist, train and place qualified c... ",1,https://www.reed.co.uk/jobs/data-science-trainee/55493204
55493190,582327,ITOL Recruit,,,Data Science Trainee,W52BJ,30000.0,50000.0,GBP,08/09/2025,28/07/2025,"Artificial Intelligence is used in every industry and as artificial intelligence requires data to operate there is now a massive growing demand for Data experts. If you are detail orientated, perceptive, organised, competent, analytical and can communicate well with those around you; you could have a truly rewarding future within Data Science. We use our specialised Data Science Career programme which looks to assist, train and place qualified c... ",2,https://www.reed.co.uk/jobs/data-science-trainee/55493190
55492322,582327,ITOL Recruit,,,Data Science Trainee,PR12RL,30000.0,50000.0,GBP,08/09/2025,28/07/2025,"Artificial Intelligence is used in every industry and as artificial intelligence requires data to operate there is now a massive growing demand for Data experts. If you are detail orientated, perceptive, organised, competent, analytical and can communicate well with those around you; you could have a truly rewarding future within Data Science. We use our specialised Data Science Career programme which looks to assist, train and place qualified c... ",3,https://www.reed.co.uk/jobs/data-science-trainee/55492322
55492043,582327,ITOL Recruit,,,Data Science Trainee,DN11AB,30000.0,50000.0,GBP,08/09/2025,28/07/2025,"Artificial Intelligence is used in every industry and as artificial intelligence requires data to operate there is now a massive growing demand for Data experts. If you are detail orientated, perceptive, organised, competent, analytical and can communicate well with those around you; you could have a truly rewarding future within Data Science. We use our specialised Data Science Career programme which looks to assist, train and place qualified c... ",1,https://www.reed.co.uk/jobs/data-science-trainee/55492043
55539157,582327,ITOL Recruit,,,Data Science Trainee,GL11AN,30000.0,50000.0,GBP,16/09/2025,05/08/2025,"Artificial Intelligence is used in every industry and as artificial intelligence requires data to operate there is now a massive growing demand for Data experts. If you are detail orientated, perceptive, organised, competent, analytical and can communicate well with those around you; you could have a truly rewarding future within Data Science. We use our specialised Data Science Career programme which looks to assist, train and place qualified c... ",2,https://www.reed.co.uk/jobs/data-science-trainee/55539157
55539085,582327,ITOL Recruit,,,Data Science Trainee,SK110HE,30000.0,50000.0,GBP,16/09/2025,05/08/2025,"Artificial Intelligence is used in every industry and as artificial intelligence requires data to operate there is now a massive growing demand for Data experts. If you are detail orientated, perceptive, organised, competent, analytical and can communicate well with those around you; you could have a truly rewarding future within Data Science. We use our specialised Data Science Career programme which looks to assist, train and place qualified c... ",0,https://www.reed.co.uk/jobs/data-science-trainee/55539085
55538950,582327,ITOL Recruit,,,Data Science Trainee,IP11DH,30000.0,50000.0,GBP,16/09/2025,05/08/2025,"Artificial Intelligence is used in every industry and as artificial intelligence requires data to operate there is now a massive growing demand for Data experts. If you are detail orientated, perceptive, organised, competent, analytical and can communicate well with those around you; you could have a truly rewarding future within Data Science. We use our specialised Data Science Career programme which looks to assist, train and place qualified c... ",0,https://www.reed.co.uk/jobs/data-science-trainee/55538950
55538917,582327,ITOL Recruit,,,Data Science Trainee,B742PN,30000.0,50000.0,GBP,16/09/2025,05/08/2025,"Artificial Intelligence is used in every industry and as artificial intelligence requires data to operate there is now a massive growing demand for Data experts. If you are detail orientated, perceptive, organised, competent, analytical and can communicate well with those around you; you could have a truly rewarding future within Data Science. We use our specialised Data Science Career programme which looks to assist, train and place qualified c... ",1,https://www.reed.co.uk/jobs/data-science-trainee/55538917
55538778,582327,ITOL Recruit,,,Data Science Trainee,BN11AA,30000.0,50000.0,GBP,16/09/2025,05/08/2025,"Artificial Intelligence is used in every industry and as artificial intelligence requires data to operate there is now a massive growing demand for Data experts. If you are detail orientated, perceptive, organised, competent, analytical and can communicate well with those around you; you could have a truly rewarding future within Data Science. We use our specialised Data Science Career programme which looks to assist, train and place qualified c... ",0,https://www.reed.co.uk/jobs/data-science-trainee/55538778
55538610,582327,ITOL Recruit,,,Data Science Trainee,NG181AE,30000.0,50000.0,GBP,16/09/2025,05/08/2025,"Artificial Intelligence is used in every industry and as artificial intelligence requires data to operate there is now a massive growing demand for Data experts. If you are detail orientated, perceptive, organised, competent, analytical and can communicate well with those around you; you could have a truly rewarding future within Data Science. We use our specialised Data Science Career programme which looks to assist, train and place qualified c... ",0,https://www.reed.co.uk/jobs/data-science-trainee/55538610
55535539,582327,ITOL Recruit,,,Data Science Trainee,RH101UZ,30000.0,50000.0,GBP,15/09/2025,04/08/2025,"Artificial Intelligence is used in every industry and as artificial intelligence requires data to operate there is now a massive growing demand for Data experts. If you are detail orientated, perceptive, organised, competent, analytical and can communicate well with those around you; you could have a truly rewarding future within Data Science. We use our specialised Data Science Career programme which looks to assist, train and place qualified c... ",0,https://www.reed.co.uk/jobs/data-science-trainee/55535539
55535068,582327,ITOL Recruit,,,Data Science Trainee,W87AD,30000.0,50000.0,GBP,15/09/2025,04/08/2025,"Artificial Intelligence is used in every industry and as artificial intelligence requires data to operate there is now a massive growing demand for Data experts. If you are detail orientated, perceptive, organised, competent, analytical and can communicate well with those around you; you could have a truly rewarding future within Data Science. We use our specialised Data Science Career programme which looks to assist, train and place qualified c... ",0,https://www.reed.co.uk/jobs/data-science-trainee/55535068
55465052,582327,ITOL Recruit,,,Data Science Trainee,United Kingdom,30000.0,50000.0,GBP,03/09/2025,23/07/2025,"Artificial Intelligence is used in every industry and as artificial intelligence requires data to operate there is now a massive growing demand for Data experts. If you are detail orientated, perceptive, organised, competent, analytical and can communicate well with those around you; you could have a truly rewarding future within Data Science. We use our specialised Data Science Career programme which looks to assist, train and place qualified c... ",21,https://www.reed.co.uk/jobs/data-science-trainee/55465052
55464932,582327,ITOL Recruit,,,Data Science Trainee,L23SW,30000.0,50000.0,GBP,03/09/2025,23/07/2025,"Artificial Intelligence is used in every industry and as artificial intelligence requires data to operate there is now a massive growing demand for Data experts. If you are detail orientated, perceptive, organised, competent, analytical and can communicate well with those around you; you could have a truly rewarding future within Data Science. We use our specialised Data Science Career programme which looks to assist, train and place qualified c... ",1,https://www.reed.co.uk/jobs/data-science-trainee/55464932
55464675,582327,ITOL Recruit,,,Data Science Trainee,LS13AD,30000.0,50000.0,GBP,03/09/2025,23/07/2025,"Artificial Intelligence is used in every industry and as artificial intelligence requires data to operate there is now a massive growing demand for Data experts. If you are detail orientated, perceptive, organised, competent, analytical and can communicate well with those around you; you could have a truly rewarding future within Data Science. We use our specialised Data Science Career programme which looks to assist, train and place qualified c... ",0,https://www.reed.co.uk/jobs/data-science-trainee/55464675
55464635,582327,ITOL Recruit,,,Data Science Trainee,CF101AA,30000.0,50000.0,GBP,03/09/2025,23/07/2025,"Artificial Intelligence is used in every industry and as artificial intelligence requires data to operate there is now a massive growing demand for Data experts. If you are detail orientated, perceptive, organised, competent, analytical and can communicate well with those around you; you could have a truly rewarding future within Data Science. We use our specialised Data Science Career programme which looks to assist, train and place qualified c... ",0,https://www.reed.co.uk/jobs/data-science-trainee/55464635
55464572,582327,ITOL Recruit,,,Data Science Trainee,SE186HQ,30000.0,50000.0,GBP,03/09/2025,23/07/2025,"Artificial Intelligence is used in every industry and as artificial intelligence requires data to operate there is now a massive growing demand for Data experts. If you are detail orientated, perceptive, organised, competent, analytical and can communicate well with those around you; you could have a truly rewarding future within Data Science. We use our specialised Data Science Career programme which looks to assist, train and place qualified c... ",1,https://www.reed.co.uk/jobs/data-science-trainee/55464572
55464533,582327,ITOL Recruit,,,Data Science Trainee,BS15TR,30000.0,50000.0,GBP,03/09/2025,23/07/2025,"Artificial Intelligence is used in every industry and as artificial intelligence requires data to operate there is now a massive growing demand for Data experts. If you are detail orientated, perceptive, organised, competent, analytical and can communicate well with those around you; you could have a truly rewarding future within Data Science. We use our specialised Data Science Career programme which looks to assist, train and place qualified c... ",0,https://www.reed.co.uk/jobs/data-science-trainee/55464533
55464481,582327,ITOL Recruit,,,Data Science Trainee,NW44BG,30000.0,50000.0,GBP,03/09/2025,23/07/2025,"Artificial Intelligence is used in every industry and as artificial intelligence requires data to operate there is now a massive growing demand for Data experts. If you are detail orientated, perceptive, organised, competent, analytical and can communicate well with those around you; you could have a truly rewarding future within Data Science. We use our specialised Data Science Career programme which looks to assist, train and place qualified c... ",1,https://www.reed.co.uk/jobs/data-science-trainee/55464481
55464474,582327,ITOL Recruit,,,Data Science Trainee,SA13SN,30000.0,50000.0,GBP,03/09/2025,23/07/2025,"Artificial Intelligence is used in every industry and as artificial intelligence requires data to operate there is now a massive growing demand for Data experts. If you are detail orientated, perceptive, organised, competent, analytical and can communicate well with those around you; you could have a truly rewarding future within Data Science. We use our specialised Data Science Career programme which looks to assist, train and place qualified c... ",0,https://www.reed.co.uk/jobs/data-science-trainee/55464474
55459983,582327,ITOL Recruit,,,Data Science Trainee,NN11DE,30000.0,50000.0,GBP,02/09/2025,22/07/2025,"Artificial Intelligence is used in every industry and as artificial intelligence requires data to operate there is now a massive growing demand for Data experts. If you are detail orientated, perceptive, organised, competent, analytical and can communicate well with those around you; you could have a truly rewarding future within Data Science. We use our specialised Data Science Career programme which looks to assist, train and place qualified c... ",3,https://www.reed.co.uk/jobs/data-science-trainee/55459983
55409367,582327,ITOL Recruit,,,Data Science Trainee,AB115BU,30000.0,50000.0,GBP,25/08/2025,14/07/2025,"Artificial Intelligence is used in every industry and as artificial intelligence requires data to operate there is now a massive growing demand for Data experts. If you are detail orientated, perceptive, organised, competent, analytical and can communicate well with those around you; you could have a truly rewarding future within Data Science. We use our specialised Data Science Career programme which looks to assist, train and place qualified c... ",3,https://www.reed.co.uk/jobs/data-science-trainee/55409367
55547239,582327,ITOL Recruit,,,Data Science Trainee,UB81UW,30000.0,50000.0,GBP,17/09/2025,06/08/2025,"Artificial Intelligence is used in every industry and as artificial intelligence requires data to operate there is now a massive growing demand for Data experts. If you are detail orientated, perceptive, organised, competent, analytical and can communicate well with those around you; you could have a truly rewarding future within Data Science. We use our specialised Data Science Career programme which looks to assist, train and place qualified c... ",0,https://www.reed.co.uk/jobs/data-science-trainee/55547239
55535499,582327,ITOL Recruit,,,Data Science Trainee,W52BJ,30000.0,50000.0,GBP,15/09/2025,04/08/2025,"Artificial Intelligence is used in every industry and as artificial intelligence requires data to operate there is now a massive growing demand for Data experts. If you are detail orientated, perceptive, organised, competent, analytical and can communicate well with those around you; you could have a truly rewarding future within Data Science. We use our specialised Data Science Career programme which looks to assist, train and place qualified c... ",0,https://www.reed.co.uk/jobs/data-science-trainee/55535499
55504975,582327,ITOL Recruit,,,Data Science Trainee,HA90AD,30000.0,50000.0,GBP,10/09/2025,30/07/2025,"Artificial Intelligence is used in every industry and as artificial intelligence requires data to operate there is now a massive growing demand for Data experts. If you are detail orientated, perceptive, organised, competent, analytical and can communicate well with those around you; you could have a truly rewarding future within Data Science. We use our specialised Data Science Career programme which looks to assist, train and place qualified c... ",3,https://www.reed.co.uk/jobs/data-science-trainee/55504975
55504817,582327,ITOL Recruit,,,Data Science Trainee,M25DB,30000.0,50000.0,GBP,10/09/2025,30/07/2025,"Artificial Intelligence is used in every industry and as artificial intelligence requires data to operate there is now a massive growing demand for Data experts. If you are detail orientated, perceptive, organised, competent, analytical and can communicate well with those around you; you could have a truly rewarding future within Data Science. We use our specialised Data Science Career programme which looks to assist, train and place qualified c... ",3,https://www.reed.co.uk/jobs/data-science-trainee/55504817
55538737,582327,ITOL Recruit,,,Data Science Trainee,BB111AE,30000.0,50000.0,GBP,16/09/2025,05/08/2025,"Artificial Intelligence is used in every industry and as artificial intelligence requires data to operate there is now a massive growing demand for Data experts. If you are detail orientated, perceptive, organised, competent, analytical and can communicate well with those around you; you could have a truly rewarding future within Data Science. We use our specialised Data Science Career programme which looks to assist, train and place qualified c... ",0,https://www.reed.co.uk/jobs/data-science-trainee/55538737
55454475,659815,Newto Training,,,Junior Data Scientist,United Kingdom,,,,01/09/2025,21/07/2025,"Are you ready to start a new career in Data Analysis? The demand for Data Analysts has grown by 20% annually, with experienced professionals earning salaries upwards of 58,000. In today’s digital world, data is critical to business decision-making, making the role of a Data Analyst indispensable. As skills shortages continue to grow, the demand for qualified entry-level professionals is on the rise. With our Data Analytics career programme we wi... ",18,https://www.reed.co.uk/jobs/junior-data-scientist/55454475
55550825,107519,Circle Recruitment,,,Legal Solutions Analyst - AI Focus - London,London,50000.0,60000.0,GBP,17/09/2025,06/08/2025,"Legal Solutions Analyst - AI Focus - London Legal Solutions Analyst with a strong background in AI technologies, while working with legal technology is required to join a dynamic legal innovation team in central London. This is a fantastic opportunity to work at the intersection of law and technology, helping to shape the future of legal service delivery in a leading London-based firm. Experience Required: Proven experience in legal technology o... ",6,https://www.reed.co.uk/jobs/legal-solutions-analyst-ai-focus-london/55550825
55468907,107519,Circle Recruitment,,,Legal Solutions Analyst - AI Focus - London,London,50000.0,60000.0,GBP,03/09/2025,23/07/2025,"Legal Solutions Analyst - AI Focus - London Legal Solutions Analyst with a strong background in AI technologies, while working with legal technology is required to join a dynamic legal innovation team in central London. This is a fantastic opportunity to work at the intersection of law and technology, helping to shape the future of legal service delivery in a leading London-based firm. Experience Required: Proven experience in legal technology o... ",27,https://www.reed.co.uk/jobs/legal-solutions-analyst-ai-focus-london/55468907
55460559,659815,Newto Training,,,Trainee Data Analyst Associate - job guarantee,United Kingdom,,,,02/09/2025,22/07/2025,"Are you ready to start a new career in Data Analysis? The demand for Data Analysts has grown by 20% annually, with experienced professionals earning salaries upwards of 58,000. In today’s digital world, data is critical to business decision-making, making the role of a Data Analyst indispensable. As skills shortages continue to grow, the demand for qualified entry-level professionals is on the rise. With our Data Analytics career programme we wi... ",20,https://www.reed.co.uk/jobs/trainee-data-analyst-associate-job-guarantee/55460559
55420923,381982,AWD online,,,Public Health Intelligence Manager / Data Analyst,RG401AA,57179.0,62667.0,GBP,26/08/2025,15/07/2025,"Public Health Intelligence Manager / Data Analyst with advanced knowledge, skills and expertise in Public Health / Epidemiology / Data Analysis or a Health related field and experience in a senior data analysis, data management or intelligence role, is required for well-established organisation based in Wokingham, Berkshire. SALARY: 57,179 - 62,667 per annum Benefits LOCATION: Hybrid split between working from home and the office in Wokingham (R... ",14,https://www.reed.co.uk/jobs/public-health-intelligence-manager-data-analyst/55420923
55496881,544143,Harmonic Group Ltd,,,"Data Analyst, TV/Film, London/Hybrid",London,30000.0,37000.0,GBP,09/09/2025,29/07/2025,"Data Analyst | Global Broadcasting Business | London/Hybrid Our client is a world-leading TV and Film broadcasting business with a global presence, managing several subsidiaries with a focus on factual and documentary programming. The business has a strong streaming and online presence and continues to grow despite ongoing challenges in the wider TV and Film industry, with a keen, adaptive eye on the market and delivering what consumers are look... ",95,https://www.reed.co.uk/jobs/data-analyst-tv-film-london-hybrid/55496881
55298316,647470,	 Finlay Jude Associates Limited,,,Data Administrator,OX51RB,25000.0,27000.0,GBP,07/08/2025,26/06/2025,"FJA are recruiting on behalf of a leading service provider in the utilities industry for a Data Administrator/ Junior Data Analyst This role is perfect for a graduate, junior Analyst or strong administrator with an interest in Data Analytics. Location: Kidlington Benefits Competitive salary Career development opportunities Company pension Data Administrator responsibilities: Data capture tasks Ensure the precise collection of data to achieve rep... ",68,https://www.reed.co.uk/jobs/data-administrator/55298316
55436079,464685,Lorien,,,Data Analyst Excel & Power BI,Edinburgh,0.0,0.0,GBP,28/08/2025,17/07/2025,"Data Analyst Edinburgh 6 Month Contract Via Umbrella Our UK leading banking client are looking for a Data Analyst to join their team on an initial 6-month contract. Key Skills: Power BI Excel Data Mapping Financial services If you find this opportunity intriguing and aligning with your skill set, we welcome the submission of your CV without delay. Carbon60, Lorien &amp; SRG - The Impellam Group STEM Portfolio are acting as an Employment Business... ",119,https://www.reed.co.uk/jobs/data-analyst-excel-power-bi/55436079
55472253,402975,Marks Sattin,,,User Researcher / Business Analyst - Ai,London,400.0,450.0,GBP,04/09/2025,24/07/2025,"Our global media client are looking for a User Researcher / Business Analyst to help with their Pilot Ai Platform programme. The User Researcher / Business Analyst will lead the research that will help understand how the teams engage with the Ai platform, and how Ai agents influence workflows and what's required to drive deeper adoption and long-term behaviour change. There will be various Business Analyst responsibilities such as collecting dat... ",98,https://www.reed.co.uk/jobs/user-researcher-business-analyst-ai/55472253
55454750,659815,Newto Training,,,Data Analyst Associate - no experience necessary,United Kingdom,,,,01/09/2025,21/07/2025,"Are you ready to start a new career in Data Analysis? The demand for Data Analysts has grown by 20% annually, with experienced professionals earning salaries upwards of 58,000. In today’s digital world, data is critical to business decision-making, making the role of a Data Analyst indispensable. As skills shortages continue to grow, the demand for qualified entry-level professionals is on the rise. With our Data Analytics career programme we wi... ",15,https://www.reed.co.uk/jobs/data-analyst-associate-no-experience-necessary/55454750
55385152,606909,Beam Recruit,,,Data Analsyt,CH650AA,35000.0,45000.0,GBP,20/08/2025,09/07/2025,Data Analyst 35-45k 8.30am-5.00pm (flexibility with start and finish times) Wirral- Own transport essential due to location. UK &amp; European travel 4/5 times a year Hybrid working after training period Company Culture An innovative and data-driven organisation operating at the forefront of manufacturing/supply chain. An organisation investing heavily in digital transformation and are seeking a talented Data Analyst . This is a great opportunit... ,41,https://www.reed.co.uk/jobs/data-analsyt/55385152
55478136,606909,Beam Recruit,,,Data Analsyt,CH650AA,35000.0,45000.0,GBP,05/09/2025,25/07/2025,Data Analyst 35-45k 8.30am-5.00pm (flexibility with start and finish times) Wirral- Own transport essential due to location. UK &amp; European travel 4/5 times a year Hybrid working after training period Company Culture An innovative and data-driven organisation operating at the forefront of manufacturing/supply chain. An organisation investing heavily in digital transformation and are seeking a talented Data Analyst . This is a great opportunit... ,71,https://www.reed.co.uk/jobs/data-analsyt/55478136
55376741,436122,Salt Search,,,SEND Data & Performance Analyst - Local Authority,N41RE,400.0,400.0,GBP,19/08/2025,08/07/2025,"SEND Data &amp; Performance Analyst 400 per day | Inside IR35 | 3-month contract | Hybrid (1-2 days per week onsite in North London) Start date: 21st July 2025 | Deadline: Wednesday 10th July at 17:00 Salt is working with a North London local authority to recruit a skilled SEND Data &amp; Performance Analyst for an initial 3-month contract. This role sits within the People department and focuses on performance monitoring, statutory reporting, an... ",86,https://www.reed.co.uk/jobs/send-data-performance-analyst-local-authority/55376741
50742159,1990,Gregory Martin International Limited,,,Analyst,SO238TJ,30000.0,60000.0,GBP,12/09/2025,30/06/2023,"Analyst and Senior Analyst - Operational Analysis, Python, Modelling, Software Design Salary - 35K- 60K plus excellent benefits Location - Winchester Hants, Hybrid role Our client has an exciting opportunity to join our growing management consultancy, with an enviable reputation and senior level client base. They have a strong track record in UK MOD and government. You will have strong data analysis skills, Advanced Excel , including VBA They va... ",439,https://www.reed.co.uk/jobs/analyst/50742159
55391291,595947,Avencia Consulting,,,Data Analyst Insurance - 12 month FTC,London,40000.0,47000.0,GBP,21/08/2025,10/07/2025,"Data Analyst - Underwriting - London Hybrid 2 days office , 3 from home 47,000 5% bonus Initially a 12 Month FTC A Fortune 500 company with over 60 offices in 20 countries, a holding company for insurance, reinsurance, specialist advisory and investment operations around the world is looking for a Data Analyst to join their team initially on a 12 month FTC. This role isnt just about processing data, there is a breadth of activities happening her... ",48,https://www.reed.co.uk/jobs/data-analyst-insurance-12-month-ftc/55391291
55533519,563988,Pontoon,,,Business Analyst Gen AI - KYC,London,,,,15/09/2025,04/08/2025,"Job Title: Business Analyst (Gen AI - KYC) Contract Length: 6 Months Location: London (3 days a week onsite) Working Pattern: Full Time (40 Hours per Week) Rate: Highly competitive rate available for suitable candidates About Us: Join a dynamic and forward-thinking organisation in the financial services sector! We specialise in commercial and investment banking, delivering expert insights and innovative solutions to our clients. Our Innovation T... ",87,https://www.reed.co.uk/jobs/business-analyst-gen-ai-kyc/55533519
55387620,464685,Lorien,,,Technology and Cyber Data Analytics & Reporting Analyst,London,,,,20/08/2025,09/07/2025,"Technology and Cyber Data Analytics &amp; Reporting Analyst- Insurance We are recruiting for an Analytics and Reporting Analyst to join one of our Insurance clients on a 12-month contract. Inside IR35 Hybrid Responsibilities: Analyze large datasets to identify trends, anomalies, and emerging risks across technology and cyber domains. Support governance and risk forums with timely and accurate reporting on key risk indicators (KRIs), control effe... ",58,https://www.reed.co.uk/jobs/technology-and-cyber-data-analytics-reporting-analyst/55387620
55523008,440270,Transparent Recruitment Solutions Ltd,,,Analyst,CM20AA,35000.0,45000.0,GBP,12/09/2025,01/08/2025,Are you a degree holder with an analytical bias? Would you like to join a dynamic and forward-thinking business on a permanent basis? Transparent is proud to partner with this impressive and well-established organisation in this piece of recruitment and would like to hear from relevant candidates. The role of Group Reporting Analyst would suit someone with previous experience in a similar capacity/around 3-5 years’ work experience post-graduatio... ,14,https://www.reed.co.uk/jobs/analyst/55523008
55425261,514443,Tina Lacey Recruitment,,,Data and AI Curriculum Product Manager,DL93AP,65000.0,75000.0,GBP,16/09/2025,16/07/2025,"Data Analyst and AI Curriculum &amp; Product Manager Hybrid/NorthEast based minimum 2 days a week based at HQ Durham Up to 75k Permanent 4.5 day week, 25 days leave, support, Are you passionate about transforming learning into real-world impact? Do you thrive at the intersection of education, innovation, and strategy ? Our client are on the lookout for a visionary Curriculum &amp; Product Manager to shape the future of their apprenticeship progr... ",21,https://www.reed.co.uk/jobs/data-and-ai-curriculum-product-manager/55425261
55481960,662593,Tenth Revolution Group,,,Senior Business Analyst - Data & Technology,Guildford,60000.0,68000.0,GBP,05/09/2025,25/07/2025,"A leading business technology provider is undergoing a major enterprise-wide transformation - and they're looking for a Senior Business Analyst to help shape the future of their data and technology landscape. The role can be hybrid or mainly remote, and is therefore open to candidates across the UK, with some travel to their Head Office near Brighton. This is a new role, with a primary focus on a major data transformation project - the aim is to... ",40,https://www.reed.co.uk/jobs/senior-business-analyst-data-technology/55481960
55505826,520034,Sanderson,,,Data Modeller,London,,,,10/09/2025,30/07/2025,"Data Modeller Rate - up to 625 per day overall assignment rate to umbrella Location - London - 2/3 times per week on site Contract length - Initial 6-months Role Description. In this role, you will play a pivotal part in the data modelling pipeline. You will be the point of contact between the wider business and the development team to ensure that all models are in line with business requirements. Your main role will be to gather requirements fo... ",26,https://www.reed.co.uk/jobs/data-modeller/55505826
55216147,662593,Tenth Revolution Group,,,Senior Business Analyst Data & Technology,Crawley,50000.0,68000.0,GBP,29/08/2025,13/06/2025,"A leading business technology provider is undergoing a major enterprise-wide transformation - and they're looking for a Senior Business Analyst to help shape the future of their data and technology landscape. The role is remote, and is therefore open to candidates across the UK, with infrequent travel to their Head Office near Brighton around once per month (expenses covered). This is a new role, with a primary focus on a major data transformati... ",92,https://www.reed.co.uk/jobs/senior-business-analyst-data-technology/55216147
55216146,662593,Tenth Revolution Group,,,Senior Business Analyst Data & Technology,Reading,50000.0,68000.0,GBP,29/08/2025,13/06/2025,"A leading business technology provider is undergoing a major enterprise-wide transformation - and they're looking for a Senior Business Analyst to help shape the future of their data and technology landscape. The role is remote, and is therefore open to candidates across the UK, with infrequent travel to their Head Office near Brighton around once per month (expenses covered). This is a new role, with a primary focus on a major data transformati... ",117,https://www.reed.co.uk/jobs/senior-business-analyst-data-technology/55216146
55443880,662593,Tenth Revolution Group,,,Senior Business Analyst - Data focused,London,50000.0,68000.0,GBP,29/08/2025,18/07/2025,"A leading business technology provider is undergoing a major enterprise-wide transformation - and they're looking for a Senior Business Analyst to help shape the future of their data and technology landscape. The role is remote, and is therefore open to candidates across the UK, with infrequent travel to their Head Office near Brighton around once per month (expenses covered). This is a new role, with a primary focus on a major data transformati... ",114,https://www.reed.co.uk/jobs/senior-business-analyst-data-focused/55443880
55544952,677664,Bloomberg,,,Senior Data Management Professional - Data Product Owner - Data AI,London,,,,16/09/2025,05/08/2025,"Senior Data Management Professional - Data Product Owner - Data AI Location London Business Area Data Ref # 10044399 Description &amp; Requirements Bloomberg runs on data. Our products are fueled by powerful information. We combine data and context to paint the whole picture for our clients, around the clock - from around the world. In Data, we are responsible for delivering this data, news and analytics through innovative technology - quickly a... ",3,https://www.reed.co.uk/jobs/senior-data-management-professional-data-product-owner-data-ai/55544952
55515413,524744,Hays Specialist Recruitment Limited,,,Senior Business Analyst / Data Lead,Edinburgh,45000.0,65000.0,GBP,11/09/2025,31/07/2025,"Your New Company Hays is proud to be partnering with a well-established and respected financial services organisation based in Edinburgh. With a strong presence in the market and a reputation for excellence, this company offers a collaborative and forward-thinking environment where innovation and continuous improvement are encouraged. Your New Role As a Data Analyst within the finance team, you will play a key role in supporting financial operat... ",24,https://www.reed.co.uk/jobs/senior-business-analyst-data-lead/55515413
55519419,647594,NFP People LTD,,,Data Officer,SE18HA,27405.0,32480.0,GBP,18/08/2025,01/08/2025,"Data Officer We are seeking a passionate and skilled Data Officer to support a high-impact fostering programme through accurate data management and meaningful insights. Position: Data Officer Salary: 27,405 – 32,480 per annum (plus London weighting if applicable) Location: Home based Hours: Full time, 35 hours per week Contract: Fixed-term, 6 months (potential for extension) Closing date: Monday 18 August 2025 at 12 noon Interview dates: Tuesday... ",70,https://www.reed.co.uk/jobs/data-officer/55519419
55458136,524744,Hays Specialist Recruitment Limited,,,Interim Senior HR Systems and Data Analyst,Watford,200.0,300.0,GBP,02/09/2025,22/07/2025,"Your new company You will be joining a leading organisation with a strong commitment to digital transformation within HR. Based at their Hertfordshire head office, this company is focused on creating a more data-driven and digitally enabled HR function. They are known for fostering innovation, inclusivity, and continuous improvement across their teams. Your new role As a Senior HR Systems Specialist, you will act as a superuser and subject-matte... ",24,https://www.reed.co.uk/jobs/interim-senior-hr-systems-and-data-analyst/55458136
55460151,659815,Newto Training,,,Data Analyst - No experience needed - job guarantee,United Kingdom,,,,02/09/2025,22/07/2025,"Are you ready to start a new career in Data Analysis? The demand for Data Analysts has grown by 20% annually, with experienced professionals earning salaries upwards of 58,000. In today’s digital world, data is critical to business decision-making, making the role of a Data Analyst indispensable. As skills shortages continue to grow, the demand for qualified entry-level professionals is on the rise. With our Data Analytics career programme we wi... ",20,https://www.reed.co.uk/jobs/data-analyst-no-experience-needed-job-guarantee/55460151
55541498,520034,Sanderson,,,Business Analyst GDPR and Data Protection,Bristol,55000.0,60000.0,GBP,16/09/2025,05/08/2025,"Business Analyst - Data Protection and GDPR Location: Bristol Type: 6 Month Fixed Term Contract Salary: 55,000 - 60,000 bonus benefits The Role This role sits within the Data Protection team and supports the continuous improvement of data protection services. You will act as a critical friend to the business - building trust with stakeholders and translating complex regulatory requirements into clear, actionable business processes and controls. ... ",27,https://www.reed.co.uk/jobs/business-analyst-gdpr-and-data-protection/55541498
55514015,15774,Quest Search and Selection Ltd,,,Data Scientist-Category Management,London,70000.0,75000.0,GBP,11/09/2025,31/07/2025,"Quest Search &amp; Selection are currently partnering with a leading tech eCommerce platform specialised in consumer goods and delivery. This business offers an extensive range of products including household essentials, medication, office supplies, groceries, and even fresh prepared food! The Data Scientist- Category Management, will develop decision support systems, analyse large datasets, and share insights to optimise category performance. Y... ",26,https://www.reed.co.uk/jobs/data-scientist-category-management/55514015
55483247,662593,Tenth Revolution Group,,,Senior Business Analyst - Data & Technology,London,60000.0,68000.0,GBP,05/09/2025,25/07/2025,"A leading business technology provider is undergoing a major enterprise-wide transformation - and they're looking for a Senior Business Analyst to help shape the future of their data and technology landscape. The role is remote, and is therefore open to candidates across the UK, with some travel to their Head Office near Brighton. This is a new role, with a primary focus on a major data transformation project - the aim is to transition the busin... ",121,https://www.reed.co.uk/jobs/senior-business-analyst-data-technology/55483247
55481948,662593,Tenth Revolution Group,,,Senior Business Analyst - Data & Technology,Maidstone,60000.0,68000.0,GBP,05/09/2025,25/07/2025,"A leading business technology provider is undergoing a major enterprise-wide transformation - and they're looking for a Senior Business Analyst to help shape the future of their data and technology landscape. The role is remote, and is therefore open to candidates across the UK, with some travel to their Head Office near Brighton. This is a new role, with a primary focus on a major data transformation project - the aim is to transition the busin... ",40,https://www.reed.co.uk/jobs/senior-business-analyst-data-technology/55481948
55322947,331522,Harnham - Data & Analytics Recruitment,,,Technical Business Analyst/Data Technician,London,45000.0,50000.0,GBP,11/08/2025,30/06/2025,"Technical Business Analyst / Data Technician ?? Location: London (Hybrid) ?? Type: Full-time, Permanent ?? Salary: Competitive Excellent Benefits Bonus I'm working with a leading travel company that's currently building out a new data capability as part of a strategic transformation initiative. As part of this, they're looking to bring on a Technical Business Analyst / Data Technician to join their newly formed commercial data team. This is a fa... ",136,https://www.reed.co.uk/jobs/technical-business-analyst-data-technician/55322947
55443883,662593,Tenth Revolution Group,,,Senior Business Analyst - Data focused,Crawley,50000.0,68000.0,GBP,29/08/2025,18/07/2025,"A leading business technology provider is undergoing a major enterprise-wide transformation - and they're looking for a Senior Business Analyst to help shape the future of their data and technology landscape. The role is remote, and is therefore open to candidates across the UK, with infrequent travel to their Head Office near Brighton around once per month (expenses covered). This is a new role, with a primary focus on a major data transformati... ",70,https://www.reed.co.uk/jobs/senior-business-analyst-data-focused/55443883
55443881,662593,Tenth Revolution Group,,,Senior Business Analyst - Data focused,Bournemouth,50000.0,68000.0,GBP,29/08/2025,18/07/2025,"A leading business technology provider is undergoing a major enterprise-wide transformation - and they're looking for a Senior Business Analyst to help shape the future of their data and technology landscape. The role is remote, and is therefore open to candidates across the UK, with infrequent travel to their Head Office near Brighton around once per month (expenses covered). This is a new role, with a primary focus on a major data transformati... ",61,https://www.reed.co.uk/jobs/senior-business-analyst-data-focused/55443881
55483246,662593,Tenth Revolution Group,,,Senior Business Analyst - Data & Technology,Hastings,60000.0,68000.0,GBP,05/09/2025,25/07/2025,"A leading business technology provider is undergoing a major enterprise-wide transformation - and they're looking for a Senior Business Analyst to help shape the future of their data and technology landscape. The role is remote, and is therefore open to candidates across the UK, with some travel to their Head Office near Brighton. This is a new role, with a primary focus on a major data transformation project - the aim is to transition the busin... ",44,https://www.reed.co.uk/jobs/senior-business-analyst-data-technology/55483246
55395086,664120,Robert Half,,,Technical Systems Analyst - Data & Reporting Finance Systems,SN56NX,35000.0,38000.0,GBP,21/08/2025,10/07/2025,"Robert Half are looking for a Technical Systems Analyst to support and enhance our internal and customer-facing systems, with a focus on financial platforms and data reporting. This is a 12 months fixed term contract based in Swindon. You will play a key role in maintaining system performance, building robust reports, and delivering technical support as part of a collaborative shared services team. Key Responsibilities Develop, maintain, and enh... ",18,https://www.reed.co.uk/jobs/technical-systems-analyst-data-reporting-finance-systems/55395086
55429433,336199,Project Recruit,,,Financial Data Analyst- Global Equity Index Product,London,,,,27/08/2025,16/07/2025,"Financial Data Analyst- Global Equity Index Product Our client, a leading organization in finance, technology, and financial news sector, is looking for a diligent and highly motivated individual to join their dynamic team. This is a 12 month temporary contract with an immediate start date. This is a great opportunity for graduates to begin their career within a leading organisation in the technology and finance industry. Successful applicants w... ",75,https://www.reed.co.uk/jobs/financial-data-analyst-global-equity-index-product/55429433
55216145,662593,Tenth Revolution Group,,,Senior Business Analyst Data & Technology,Maidstone,50000.0,68000.0,GBP,29/08/2025,13/06/2025,"A leading business technology provider is undergoing a major enterprise-wide transformation - and they're looking for a Senior Business Analyst to help shape the future of their data and technology landscape. The role is remote, and is therefore open to candidates across the UK, with infrequent travel to their Head Office near Brighton around once per month (expenses covered). This is a new role, with a primary focus on a major data transformati... ",95,https://www.reed.co.uk/jobs/senior-business-analyst-data-technology/55216145
55216144,662593,Tenth Revolution Group,,,Senior Business Analyst Data & Tech,Redhill,50000.0,68000.0,GBP,29/08/2025,13/06/2025,"A leading business technology provider is undergoing a major enterprise-wide transformation - and they're looking for a Senior Business Analyst to help shape the future of their data and technology landscape. The role is remote, and is therefore open to candidates across the UK, with infrequent travel to their Head Office near Brighton around once per month (expenses covered). This is a new role, with a primary focus on a major data transformati... ",93,https://www.reed.co.uk/jobs/senior-business-analyst-data-tech/55216144
55216143,662593,Tenth Revolution Group,,,Senior Business Analyst - Data focused,Brighton,50000.0,68000.0,GBP,29/08/2025,13/06/2025,"A leading business technology provider is undergoing a major enterprise-wide transformation - and they're looking for a Senior Business Analyst to help shape the future of their data and technology landscape. The role is remote, and is therefore open to candidates across the UK, with infrequent travel to their Head Office near Brighton around once per month (expenses covered). This is a new role, with a primary focus on a major data transformati... ",94,https://www.reed.co.uk/jobs/senior-business-analyst-data-focused/55216143
55469248,664120,Robert Half,,,AI Engineer,London,,,,03/09/2025,23/07/2025,"Robert Half Technology are assisting a market leading financial services (fintech) organisation to recruit a AI Engineer on a contract basis - Hybrid working - London based The AI Engineer will join a cross-functional data team to design, develop, and deploy AI/ML models that tackle real business problems - from prediction and automation to customer personalisation and decision intelligence. You'll play a hands-on role in taking models from conc... ",76,https://www.reed.co.uk/jobs/ai-engineer/55469248
55473972,680762,Meritus Talent,,,Data Scientist,London,50000.0,75000.0,GBP,21/08/2025,24/07/2025,"MERITUS Talent are working with a national security consultancy who are in need of a Data Scientist to join their London customer site on a full-time, permanent basis. This incumbent of this role will need to hold an active SC Clearance, and be willing to be on site 5 days a week, with a salary on offer up to 75,000 per annum. Job Title: Data Scientist Location: London (Onsite, 5 days per week) Clearance Required: SC Clearance About the Role We ... ",75,https://www.reed.co.uk/jobs/data-scientist/55473972
55454471,659815,Newto Training,,,Data Scientist No experience necessary,United Kingdom,,,,01/09/2025,21/07/2025,"Are you ready to start a new career in Data Analysis? The demand for Data Analysts has grown by 20% annually, with experienced professionals earning salaries upwards of 58,000. In today’s digital world, data is critical to business decision-making, making the role of a Data Analyst indispensable. As skills shortages continue to grow, the demand for qualified entry-level professionals is on the rise. With our Data Analytics career programme we wi... ",6,https://www.reed.co.uk/jobs/data-scientist-no-experience-necessary/55454471
55522458,575264,Reed,,,Operations Analyst,EC4N7BL,16.0,20.0,GBP,01/09/2025,01/08/2025,"Static Data Analyst – Short-Term Contract Contract Type: &nbsp;Temporary Assignment Start Date: &nbsp;ASAP &nbsp; We are currently partnering with a leading&nbsp; international bank &nbsp;to recruit a&nbsp; Static Data Analyst &nbsp;for a&nbsp; short-term project &nbsp;within their wider operations function. This is an exciting opportunity to contribute to a high-impact initiative, supporting the rollout of a system change. The Role: As a Static... ",60,https://www.reed.co.uk/jobs/operations-analyst/55522458
55453205,432282,Oscar Technology,,,BI Analyst,Oxford,35000.0,50000.0,GBP,01/09/2025,21/07/2025,"Job Title: Business Intelligence (BI) Analyst Location: Oxford (2 days on-site) Salary: 35,000 - 50,000 DOE Bonus About Us We're a fast-growing data consultancy helping forward-thinking clients transform their customer engagement through intelligent use of CRM platforms and AI. We specialise in building integrated data ecosystems that drive smarter business decisions, better customer insights, and measurable ROI. Our clients range from scaling S... ",88,https://www.reed.co.uk/jobs/bi-analyst/55453205
50798739,1990,Gregory Martin International Limited,,,Senior Analyst,SO238TJ,35000.0,60000.0,GBP,15/09/2025,10/07/2023,"Senior Analyst &amp; Analyst- Operational Analysis, Python, Modelling, Software Design, Advanced VBA &amp; Excel, Power BI Salary - 35K- 60K plus excellent benefits Location - Winchester Hants, Hybrid role Our client has an exciting opportunity to join our growing management consultancy, with an enviable reputation and senior level client base. They have a strong track record in UK MOD and government. They value their people and believe in build... ",150,https://www.reed.co.uk/jobs/senior-analyst/50798739
55551568,419161,Clearwater People Solutions Ltd,,,Reporting Analyst,ME194TA,30000.0,32000.0,GBP,17/09/2025,06/08/2025,"Are you an ambitious Excel specialist? We are excited to be supporting a growing organisation to recruit for a Reporting Analyst on a full time permanent basis. This role will join a newly established team with a focus on optimising the collection and use of their data to make commercial decision and improve customer experience. This role is based near Maidstone and is 3 days on site, 2 days working from home once training is complete. Key Respo... ",2,https://www.reed.co.uk/jobs/reporting-analyst/55551568
55320936,377106,Robert Walters,,,Insights Analyst,Birmingham,,,,11/08/2025,30/06/2025,"Insights Analyst Birmingham (hybrid) 40,000 to 50,000 per annum Permanent I am currently recruiting for an Insights Analyst to join a growing team in the Midlands. You will be responsible for delivering detailed customer and product insights. Your role will involve using advanced statistical methods to solve complex business problems and enhance decision-making processes. Insights Analyst - What will you be doing? * Delivering customer analysis ... ",101,https://www.reed.co.uk/jobs/insights-analyst/55320936
55303794,331522,Harnham - Data & Analytics Recruitment,,,Digital Analyst,Burton-on-Trent,40000.0,50000.0,GBP,08/08/2025,27/06/2025,"Digital Analyst Burton Upon Trent 40,000- 50,000 THE COMPANY A leading UK hospitality brand is seeking a Digital Analyst to join their Analytics &amp; Data Science division! THE ROLE As the Digital Analyst, you will use GA4 to deep-dive on cross-platform customer journeys in order to analys &amp; optimise these. You will also use SQL to synergise offline and online data sets together to enable more sophisticated analysis. YOUR SKILLS AND EXPERIE... ",44,https://www.reed.co.uk/jobs/digital-analyst/55303794
55533053,405210,Cathcart Technology,,,Qlik Analyst,Glasgow,35000.0,50000.0,GBP,01/09/2025,04/08/2025,"A well established organisation is looking to bring on a Qlik Analyst to support their growing business intelligence function in Glasgow (hybrid) . This is a great opportunity for someone with strong Qlik experience, a passion for building insightful dashboards and an interest in shaping how data is used across the business. This role is ideal for a Qlik Analyst who enjoys blending data skills with stakeholder collaboration and who is looking to... ",9,https://www.reed.co.uk/jobs/qlik-analyst/55533053
55387267,392757,Elevation Recruitment Group,,,Sales Analyst,Watford,50000.0,60000.0,GBP,20/08/2025,09/07/2025,"Sales Analyst Watford – 1-2 days a week on site 55,000 - 58,000 bonus, PHC, excellent pension &amp; much more! Elevation IT, Tech &amp; Data are exclusively recruiting on behalf of a well-established international business for a Sales Analyst with a strong focus on Salesforce optimisation and sales performance through technology and data. This role is central to executing local and regional commercial strategies by improving salesforce processes... ",65,https://www.reed.co.uk/jobs/sales-analyst/55387267
55443264,378407,Cedar,,,Procurement Analyst,Surrey,50000.0,50000.0,GBP,29/08/2025,18/07/2025,"Cedar are supporting a Private Sector client based in Surrey who are looking to hire a Procurement Analyst for their Indirect Procurement Function. This is a permanent job opportunity, operating on a hybrid working basis, offering a salary up to 50,000 plus a great range of benefits. The successful candidate will be responsible for collecting, cleaning and enriching large amounts of procurement data to help the business achieve more value from a... ",29,https://www.reed.co.uk/jobs/procurement-analyst/55443264
55387476,432293,MERJE Ltd,,,Pricing Analyst,Manchester,45000.0,50000.0,GBP,20/08/2025,09/07/2025,MERJE are hiring a Pricing Analyst for a General Insurance company in the North West. Key Responsibilities: Building and developing technical pricing models around the requirements of the business and communicating effectively. Provide detailed and accurate forecasts and models to aid decision-making for business change activities and action planning. Working with the Underwriting/Data team to develop and implement strategic changes to new and e... ,44,https://www.reed.co.uk/jobs/pricing-analyst/55387476
55555056,15757,C&M Travel Recruitment,,,Commercial Analyst,Greater Manchester,35000.0,35000.0,GBP,04/09/2025,07/08/2025,"Commercial Analyst A well respected company are looking for a Commercial Analyst to join their expanding commercial team based in Manchester. The role will be responsible for the delivery of timely and accurate reporting, regular pricing availability updates &amp; co-ordination of promotional activity from a pricing/discount perspective, whilst keeping up to date with competitors pricing. Commercial Analyst – Role &amp; Responsibilities: Provide... ",3,https://www.reed.co.uk/jobs/commercial-analyst/55555056
55462510,331522,Harnham - Data & Analytics Recruitment,,,Senior Analyst,London,65000.0,85000.0,GBP,02/09/2025,22/07/2025,"Senior Analyst - Data &amp; Logistics | 65k- 85k London - 3 days in the office We're working with a high-growth logistics tech platform on the hunt for a commercially-minded Senior Analyst to join their data team. This is a fantastic opportunity to step into a fast-paced, mission-driven business that's reinventing how large-scale transport works across the UK and Europe. As the company continues to scale, they need someone who's not just great w... ",67,https://www.reed.co.uk/jobs/senior-analyst/55462510
55506271,344195,Frazer Jones,,,Reward Analyst,Manchester,48900.0,50000.0,GBP,10/09/2025,30/07/2025,"Reward Analyst Salary Indicator: 50,000 Bonus &amp; Benefits Hybrid Working Location: Manchester Department: Human Resources - Compensation &amp; Benefits Reports to: Global Head of Rewards and Reward Manager Overview We're seeking a detail-oriented and analytical Global Reward Analyst to join our international HR team. This critical role blends expertise in both Compensation and Benefits, with a heavy emphasis on compensation strategy, benchmar... ",20,https://www.reed.co.uk/jobs/reward-analyst/55506271
55441950,331522,Harnham - Data & Analytics Recruitment,,,Product Analyst,London,35000.0,45000.0,GBP,29/08/2025,18/07/2025,"Data Analyst - Subscription &amp; Growth Remote First Up to 45,000 *Please note, this company is unable to offer sponsorship and you must reside in the UK to apply* The Company: The client is a well-known, multi-brand media group undergoing an exciting digital transformation. This particular role sits within their genealogy and family tree brand - a product-centred, subscription-based business that's investing heavily in experimentation and grow... ",115,https://www.reed.co.uk/jobs/product-analyst/55441950
55539523,351143,Utility People,,,Metering Analyst,Bury,27000.0,27000.0,GBP,16/09/2025,05/08/2025,"Our client, an independent&nbsp; B2B energy supplier , is looking for a Metering Analyst to join their team. As a Metering Analyst, you'll manage the&nbsp; metering portfolio , resolve meter and data issues, and&nbsp; collaborate with Meter Asset Managers (MAMs ) and a range of stakeholders. The ideal candidate will have&nbsp; energy industry experience&nbsp; (specifically within&nbsp; Metering ), thrive under pressure, demonstrate excellent&nbs... ",7,https://www.reed.co.uk/jobs/metering-analyst/55539523
55516848,331522,Harnham - Data & Analytics Recruitment,,,Insight Analyst,Manchester,31000.0,50000.0,GBP,11/09/2025,31/07/2025,"Learning Analyst Location: Hybrid - 2x per week in Manchester Salary: Up to 51,000 The Company This is an opportunity to join one of the world's largest and most recognised education providers. Operating in over 30 countries, this organisation is on a mission to improve learner outcomes through innovation, data, and evidence-based practices. As part of their ongoing transformation through &quot;Education 4.0,&quot; they're using data to personal... ",35,https://www.reed.co.uk/jobs/insight-analyst/55516848
55300910,331522,Harnham - Data & Analytics Recruitment,,,Web Analyst,Derby,40000.0,45000.0,GBP,07/08/2025,26/06/2025,"Web Analyst - Hybrid This is a leading name in the UK hospitality space undergoing a major digital and data transformation. With millions of customer touchpoints across web, app, and physical locations, they're investing heavily in building a best-in-class analytics function to better understand and optimise the full customer experience. The Role As Digital Analyst, you'll sit at the intersection of digital and customer data-owning the analysis ... ",30,https://www.reed.co.uk/jobs/web-analyst/55300910
55412797,331522,Harnham - Data & Analytics Recruitment,,,Lead Analyst,London,60000.0,90000.0,GBP,25/08/2025,14/07/2025,"LEAD ANALYST - SUPPLY &amp; OPERATIONS 60,000-90,000 BONUS BENEFITS LONDON - HYBRID (2 DAYS IN OFFICE) THE COMPANY This is a brilliant opportunity to join a purpose-led organisation with a sustainability mission at its core. This business has grown rapidly over the past two decades and operates across multiple regions, offering innovative services in e-commerce, resale, and tech solutions. They're known for using data to power their operations, ... ",51,https://www.reed.co.uk/jobs/lead-analyst/55412797
55557864,418809,Gleeson Recruitment Group,,,Finance Analyst,Birmingham,30000.0,35000.0,GBP,18/09/2025,07/08/2025,"We're Hiring: Commercial Finance Analyst Location: Birmingham City Centre Type: Full-time Salary: Up to 35,000 Benefits On behalf of a leading organisation in Birmingham City Centre, we're looking for a Commercial Finance Analyst to join a high-performing, forward-thinking team. If you're a finance professional with a strong commercial mindset and a passion for data-led decision-making, this could be your next big move. This is an exciting oppor... ",0,https://www.reed.co.uk/jobs/finance-analyst/55557864
55531915,390934,Jonathan Lee Recruitment,,,CAD Analyst,CV350BJ,27.3,27.3,GBP,15/09/2025,04/08/2025,"CAD Analyst - 36259315 - Gaydon - 27.30/hr - Inside IR35 Do you have experience managing Engineering BoMs from CAD, ensuring CAD data quality, and using the 3DEXPERIENCE (3DX) platform to review designs? As a CAD Analyst, you'll play a pivotal role in bridging the virtual and physical worlds of product development, ensuring that every detail is perfect for prototype build readiness. If you're passionate about precision, collaboration, and drivin... ",2,https://www.reed.co.uk/jobs/cad-analyst/55531915
55374388,80599,Sellick Partnership,,,Pricing Analyst,London,35000.0,40000.0,GBP,19/08/2025,08/07/2025,Pricing Analyst sought by a leading insurer . This is a great opportunity for a numerically focused analyst to join a data-driven pricing team. The role is based in London with hybrid working available. Responsibilities of the Pricing Analyst: Support development of pricing tools and techniques Work with large datasets to draw insights and inform strategy Help design models that forecast business performance Contribute to initiatives that improv... ,97,https://www.reed.co.uk/jobs/pricing-analyst/55374388
55522457,575264,Reed,,,Operations Analyst,EC4N7BL,16.0,20.0,GBP,01/09/2025,01/08/2025,"Static Data Analyst – Short-Term Contract Contract Type: &nbsp;Temporary Assignment Start Date: &nbsp;ASAP &nbsp; We are currently partnering with a leading&nbsp; international bank &nbsp;to recruit a&nbsp; Static Data Analyst &nbsp;for a&nbsp; short-term project &nbsp;within their wider operations function. This is an exciting opportunity to contribute to a high-impact initiative, supporting the rollout of a system change. The Role: As a Static... ",47,https://www.reed.co.uk/jobs/operations-analyst/55522457
55452042,432282,Oscar Technology,,,BI Analyst,Bristol,35000.0,50000.0,GBP,18/08/2025,21/07/2025,"Job Title: Business Intelligence (BI) Analyst Location: Bristol (2 days on-site) Salary: 35,000 - 50,000 DOE Bonus About Us We're a fast-growing data consultancy helping forward-thinking clients transform their customer engagement through intelligent use of CRM platforms and AI. We specialise in building integrated data ecosystems that drive smarter business decisions, better customer insights, and measurable ROI. Our clients range from scaling ... ",81,https://www.reed.co.uk/jobs/bi-analyst/55452042
55466020,409536,Halliday Marx,,,Finance Analyst,London,350.0,375.0,GBP,03/09/2025,23/07/2025,"Halliday Marx have partnered with a well respected media firm to hire a Finance Analyst on an interim basis for 9 months. This role could extend longer. Hybrid working (2 days in the office, 3 from home) Responsibilities Partner with FP&amp;A and business stakeholders to provide analytical support and financial insight on business performance, revenue streams, and cost centres. Support budgeting, forecasting, and monthly variance analysis across... ",123,https://www.reed.co.uk/jobs/finance-analyst/55466020
55330259,409536,Halliday Marx,,,Finance Analyst,London,375.0,400.0,GBP,01/09/2025,01/07/2025,"Halliday Marx have partnered with a well respected media firm to hire a Finance Analyst on an interim basis for 9 months. This role could extend longer. Hybrid working (2 days in the office, 3 from home) Responsibilities Partner with FP&amp;A and business stakeholders to provide analytical support and financial insight on business performance, revenue streams, and cost centres. Support budgeting, forecasting, and monthly variance analysis across... ",171,https://www.reed.co.uk/jobs/finance-analyst/55330259
55522458,575264,Reed,,,Operations Analyst,EC4N7BL,16.0,20.0,GBP,01/09/2025,01/08/2025,"Static Data Analyst – Short-Term Contract Contract Type: &nbsp;Temporary Assignment Start Date: &nbsp;ASAP &nbsp; We are currently partnering with a leading&nbsp; international bank &nbsp;to recruit a&nbsp; Static Data Analyst &nbsp;for a&nbsp; short-term project &nbsp;within their wider operations function. This is an exciting opportunity to contribute to a high-impact initiative, supporting the rollout of a system change. The Role: As a Static... ",60,https://www.reed.co.uk/jobs/operations-analyst/55522458
55420646,575264,Reed,,,Finance Analyst,M307RT,38000.0,42000.0,GBP,15/08/2025,15/07/2025,"Commercial Finance Analyst Eccles, Manchester Hybrid 3 days office / 2 days home Salary: 42,000 per annum plus excellent benefits Are you a commercially focused analyst looking to make a real impact? My client is looking for an experienced Commercial Finance Analyst &nbsp;to join a small Finance team and support a wide range of operational cost areas, including payroll, delivery, and property. This is a key role where your insights will help dri... ",51,https://www.reed.co.uk/jobs/finance-analyst/55420646
55453205,432282,Oscar Technology,,,BI Analyst,Oxford,35000.0,50000.0,GBP,01/09/2025,21/07/2025,"Job Title: Business Intelligence (BI) Analyst Location: Oxford (2 days on-site) Salary: 35,000 - 50,000 DOE Bonus About Us We're a fast-growing data consultancy helping forward-thinking clients transform their customer engagement through intelligent use of CRM platforms and AI. We specialise in building integrated data ecosystems that drive smarter business decisions, better customer insights, and measurable ROI. Our clients range from scaling S... ",88,https://www.reed.co.uk/jobs/bi-analyst/55453205
55353627,617027,Think Accountancy and Finance,,,Billings Analyst,Hemel Hempstead,28000.0,35000.0,GBP,15/08/2025,04/07/2025,"Billing Analyst - Data-Driven, Detail-Focused Hemel Hempstead | Hybrid | 28,000 - 35,0000 (DOE) Bonus Benefits Are you an analytical thinker who thrives on digging into data, spotting trends, and solving financial puzzles? Whether you're currently in a pricing, revenue or billing analyst role or working in finance or commercial operations with a passion for numbers and process this could be your next step. Think Accountancy &amp; Finance are pro... ",25,https://www.reed.co.uk/jobs/billings-analyst/55353627
55454471,659815,Newto Training,,,Data Scientist No experience necessary,United Kingdom,,,,01/09/2025,21/07/2025,"Are you ready to start a new career in Data Analysis? The demand for Data Analysts has grown by 20% annually, with experienced professionals earning salaries upwards of 58,000. In today’s digital world, data is critical to business decision-making, making the role of a Data Analyst indispensable. As skills shortages continue to grow, the demand for qualified entry-level professionals is on the rise. With our Data Analytics career programme we wi... ",6,https://www.reed.co.uk/jobs/data-scientist-no-experience-necessary/55454471
50798739,1990,Gregory Martin International Limited,,,Senior Analyst,SO238TJ,35000.0,60000.0,GBP,15/09/2025,10/07/2023,"Senior Analyst &amp; Analyst- Operational Analysis, Python, Modelling, Software Design, Advanced VBA &amp; Excel, Power BI Salary - 35K- 60K plus excellent benefits Location - Winchester Hants, Hybrid role Our client has an exciting opportunity to join our growing management consultancy, with an enviable reputation and senior level client base. They have a strong track record in UK MOD and government. They value their people and believe in build... ",150,https://www.reed.co.uk/jobs/senior-analyst/50798739
55551568,419161,Clearwater People Solutions Ltd,,,Reporting Analyst,ME194TA,30000.0,32000.0,GBP,17/09/2025,06/08/2025,"Are you an ambitious Excel specialist? We are excited to be supporting a growing organisation to recruit for a Reporting Analyst on a full time permanent basis. This role will join a newly established team with a focus on optimising the collection and use of their data to make commercial decision and improve customer experience. This role is based near Maidstone and is 3 days on site, 2 days working from home once training is complete. Key Respo... ",2,https://www.reed.co.uk/jobs/reporting-analyst/55551568
55473339,477350,Michael Page Finance,,,Pricing Analyst,Cardiff,50000.0,60000.0,GBP,07/08/2025,24/07/2025,"The Pricing Analyst role within the Technology &amp; Telecoms industry is an excellent opportunity to leverage your expertise in accounting and finance to drive pricing strategies and improve profitability. Based in Cardiff, this permanent position offers a rewarding career path for professionals who enjoy working with data and financial analysis. Client Details This role is with a well-established, medium-sized organisation operating within the... ",20,https://www.reed.co.uk/jobs/pricing-analyst/55473339
55353810,664120,Robert Half,,,Financial Analyst,SE19SG,60000.0,70000.0,GBP,15/08/2025,04/07/2025,"Robert Half Financial Services has partnered with a large financial services firm, based in the City of London, to hire a Finance Analyst. The Finance Analyst will work in a Small team to provide comprehensive analytical and commercial support to the team and the business. The Person The successful Finance Analyst for this large financial services firm, based in the City of London will have 2-5 years of experience working with large data sets an... ",223,https://www.reed.co.uk/jobs/financial-analyst/55353810
55493805,432282,Oscar Technology,,,BI Analyst,Bristol,35000.0,45000.0,GBP,18/08/2025,28/07/2025,"Job Title: BI Analyst Location: Bristol (Hybrid 2/3 days a week onsite) Salary: 35,000 - 45,000 DOE Role Profile We are seeking a strategic and commercially-minded Data Analyst to lead the data strategy, elevate our reporting capabilities, and deliver impactful insights that influence executive decision-making and drive performance across the organisation. This role sits at the heart of our transformation journey - reporting directly to the Chie... ",52,https://www.reed.co.uk/jobs/bi-analyst/55493805
55553726,664120,Robert Half,,,Financial Analyst,Bridgwater,40000.0,45000.0,GBP,04/09/2025,07/08/2025,"Robert Half is recruiting for a proactive and commercially minded Finance Analyst to join a high-performing team in Bridgwater. This is a permanent, full-time opportunity offering a salary between 40,000 45,000, with an on-site presence required 3 days per week. As a Finance Analyst, you will play a vital role in supporting financial governance across a major infrastructure programme, contributing to financial planning, performance reporting, an... ",7,https://www.reed.co.uk/jobs/financial-analyst/55553726
55457475,662593,Tenth Revolution Group,,,Finance Analyst,Southampton,35000.0,45000.0,GBP,02/09/2025,22/07/2025,"A dynamic tech company in Fareham are looking for a Finance Analyst with skills in SQL to join their FP&amp;A team, and support decision-making through financial analysis and reporting. You'll work with large, complex data sets to uncover key trends and inform critical business strategies, with the opportunity to get involved in high-level financial planning. This will include developing financial models and forecasting tools to predict the impa... ",31,https://www.reed.co.uk/jobs/finance-analyst/55457475
55457892,313599,Harrison Holgate,,,Pricing Analyst,London,,,,02/09/2025,22/07/2025,"Pricing Analyst London/Hybrid (2 days per week) | Full-Time My client is looking for a Pricing Analyst to join their growing Underwriting &amp; Pricing team, where you'll help shape innovative insurance solutions with data at the heart of decision-making. What You'll Do * Develop and enhance pricing models to optimise product performance and profitability. * Deliver deep-dive statistical analysis to inform business and underwriting decisions. * ... ",36,https://www.reed.co.uk/jobs/pricing-analyst/55457892
55442082,524744,Hays Specialist Recruitment Limited,,,Financial Analyst,Chelmsford,50000.0,65000.0,GBP,29/08/2025,18/07/2025,"Your new company We are working in partnership with a well-established and forward-thinking international group to recruit a Financial Analyst with strong IT &amp; data management expertise and preferably a background in accounting/audit. This is a key role within the business, offering the chance to work closely with senior stakeholders and contribute to high-level decision-making through the delivery of robust financial analysis and reporting.... ",49,https://www.reed.co.uk/jobs/financial-analyst/55442082
55349606,437409,Castlefield Recruitment,,,ECG Analyst,PL68BG,0.0,0.0,GBP,14/08/2025,03/07/2025,"ECG Analyst | South West (on site) | 32,719pa Castlefield Recruitment is delighted to be working with an established Healthcare Provider, who are committed to delivering the highest quality healthcare. The successful Cardiac Physiologist will be have direct experience with comprehensive cardiac investigations, data analysis, and perform the following duties: Accurately investigate, analyse, interpret, and measure ECG data in line with study prot... ",10,https://www.reed.co.uk/jobs/ecg-analyst/55349606
55320936,377106,Robert Walters,,,Insights Analyst,Birmingham,,,,11/08/2025,30/06/2025,"Insights Analyst Birmingham (hybrid) 40,000 to 50,000 per annum Permanent I am currently recruiting for an Insights Analyst to join a growing team in the Midlands. You will be responsible for delivering detailed customer and product insights. Your role will involve using advanced statistical methods to solve complex business problems and enhance decision-making processes. Insights Analyst - What will you be doing? * Delivering customer analysis ... ",101,https://www.reed.co.uk/jobs/insights-analyst/55320936
55303794,331522,Harnham - Data & Analytics Recruitment,,,Digital Analyst,Burton-on-Trent,40000.0,50000.0,GBP,08/08/2025,27/06/2025,"Digital Analyst Burton Upon Trent 40,000- 50,000 THE COMPANY A leading UK hospitality brand is seeking a Digital Analyst to join their Analytics &amp; Data Science division! THE ROLE As the Digital Analyst, you will use GA4 to deep-dive on cross-platform customer journeys in order to analys &amp; optimise these. You will also use SQL to synergise offline and online data sets together to enable more sophisticated analysis. YOUR SKILLS AND EXPERIE... ",44,https://www.reed.co.uk/jobs/digital-analyst/55303794
55533053,405210,Cathcart Technology,,,Qlik Analyst,Glasgow,35000.0,50000.0,GBP,01/09/2025,04/08/2025,"A well established organisation is looking to bring on a Qlik Analyst to support their growing business intelligence function in Glasgow (hybrid) . This is a great opportunity for someone with strong Qlik experience, a passion for building insightful dashboards and an interest in shaping how data is used across the business. This role is ideal for a Qlik Analyst who enjoys blending data skills with stakeholder collaboration and who is looking to... ",9,https://www.reed.co.uk/jobs/qlik-analyst/55533053
55441961,351143,Utility People,,,Bureau Analyst,Newton-le-Willows,,,,29/08/2025,18/07/2025,"Summary: Our client, a leading energy consultancy, is looking for a Bureau Analyst to join their team. As the Bureau Analyst you will be responsible for bill validation , reporting on client’s energy bills and reconciling statements with energy suppliers . If you have experience in the energy sector , particularly in bill and invoice validation, energy reporting, and reconciliation , and have intermediate Excel skills - apply today!! Key respons... ",13,https://www.reed.co.uk/jobs/bureau-analyst/55441961
55392466,685223,Onecom,,,Billing Analyst,GL34FA,,,,21/08/2025,10/07/2025,"Join our Team as a Billing Analyst! Location: Brockworth,&nbsp;Gloucester Salary: 25,100 Per Annum Hours:&nbsp;Monday- Friday&nbsp;09:00-17:30&nbsp; About the role:&nbsp; Are you detail-driven, analytical, and ready to make a real impact in a fast-paced billing environment? As a Billing Analyst, you’ll play a key role in ensuring accurate and timely billing across all divisions by managing call and line data records, resolving billing issues, an... ",3,https://www.reed.co.uk/jobs/billing-analyst/55392466
55423526,575264,Reed,,,Finance Analyst,TW62UA,42000.0,47475.0,GBP,15/08/2025,15/07/2025,"Financial Data Analyst - maternity cover Job Type: 18-month FTC (Maternity Cover) Salary: 42,200 - 47,475 per annum Location: Hybrid (3 days in office, 2 days from home (after about a month and once established in role) Working Hours: Monday to Friday, 9am to 5:30pm A returning client of mine is seeking to recruit a Financial Data Analyst to focus on Revenue and Business Performance and will be the responsible gatekeeper of revenue and all contr... ",43,https://www.reed.co.uk/jobs/finance-analyst/55423526
55387267,392757,Elevation Recruitment Group,,,Sales Analyst,Watford,50000.0,60000.0,GBP,20/08/2025,09/07/2025,"Sales Analyst Watford – 1-2 days a week on site 55,000 - 58,000 bonus, PHC, excellent pension &amp; much more! Elevation IT, Tech &amp; Data are exclusively recruiting on behalf of a well-established international business for a Sales Analyst with a strong focus on Salesforce optimisation and sales performance through technology and data. This role is central to executing local and regional commercial strategies by improving salesforce processes... ",65,https://www.reed.co.uk/jobs/sales-analyst/55387267
55443264,378407,Cedar,,,Procurement Analyst,Surrey,50000.0,50000.0,GBP,29/08/2025,18/07/2025,"Cedar are supporting a Private Sector client based in Surrey who are looking to hire a Procurement Analyst for their Indirect Procurement Function. This is a permanent job opportunity, operating on a hybrid working basis, offering a salary up to 50,000 plus a great range of benefits. The successful candidate will be responsible for collecting, cleaning and enriching large amounts of procurement data to help the business achieve more value from a... ",29,https://www.reed.co.uk/jobs/procurement-analyst/55443264
55489596,377106,Robert Walters,,,Pricing Analyst,London,55000.0,65000.0,GBP,08/09/2025,28/07/2025,"Salary: 55 - 60 000 Location: London, UK An exciting opportunity has arisen for a Pricing Analyst to join a highly respected international law firm in London, offering a competitive salary and the benefit of hybrid working. This role is perfect for someone who thrives in a collaborative environment and is passionate about supporting business growth through data-driven insights and pricing strategies. Responsibilities of the role: Assist in devel... ",42,https://www.reed.co.uk/jobs/pricing-analyst/55489596
55387476,432293,MERJE Ltd,,,Pricing Analyst,Manchester,45000.0,50000.0,GBP,20/08/2025,09/07/2025,MERJE are hiring a Pricing Analyst for a General Insurance company in the North West. Key Responsibilities: Building and developing technical pricing models around the requirements of the business and communicating effectively. Provide detailed and accurate forecasts and models to aid decision-making for business change activities and action planning. Working with the Underwriting/Data team to develop and implement strategic changes to new and e... ,44,https://www.reed.co.uk/jobs/pricing-analyst/55387476
55451801,563845,Adecco ,,,Quality Analyst,Nottinghamshire,12.6,12.6,GBP,01/09/2025,21/07/2025,"Quality Analyst Location: Nottingham Department: QC Lab Employment Type: Full-Time Hours of work- Monday- Friday 8AM: 4PM Pay Rate- 12.60 per hour Job Summary: We are seeking a detail-oriented and skilled Quality Analyst to join our packaging team. The Quality Analyst will be responsible for conducting quality testing, analysing data, and reporting findings. This role requires adherence to strict quality standards to ensure accurate and reliable... ",44,https://www.reed.co.uk/jobs/quality-analyst/55451801
55555056,15757,C&M Travel Recruitment,,,Commercial Analyst,Greater Manchester,35000.0,35000.0,GBP,04/09/2025,07/08/2025,"Commercial Analyst A well respected company are looking for a Commercial Analyst to join their expanding commercial team based in Manchester. The role will be responsible for the delivery of timely and accurate reporting, regular pricing availability updates &amp; co-ordination of promotional activity from a pricing/discount perspective, whilst keeping up to date with competitors pricing. Commercial Analyst – Role &amp; Responsibilities: Provide... ",3,https://www.reed.co.uk/jobs/commercial-analyst/55555056
55322325,397873,Forward Role,,,Campaign Analyst,Manchester,,,,11/08/2025,30/06/2025,Campaign Analyst - Retail | Greater Manchester | Hybrid Ready to drive customer loyalty through data-driven insights at a leading retail brand? Want to unlock the secrets of customer behaviour using cutting-edge analytics? Looking to transform complex data into strategies that boost customer retention and revenue? We're exclusively representing a major UK retailer with significant market presence who are looking for a Campaign Analyst to join th... ,43,https://www.reed.co.uk/jobs/campaign-analyst/55322325
55397693,664120,Robert Half,,,Finance Analyst,SE19SG,300.0,350.0,GBP,08/08/2025,11/07/2025,"Role: Our client is looking for immediate, temporary, Finance Analyst to assist them for 3 months. You be will be responsible for following duties: Lead budgeting, forecasting, and long-term financial planning processes. Deliver variance analysis and commentary to senior management. Build and maintain dynamic financial models to support decision-making. Act as a finance business partner to operational and commercial teams. Provide financial inpu... ",198,https://www.reed.co.uk/jobs/finance-analyst/55397693
55462510,331522,Harnham - Data & Analytics Recruitment,,,Senior Analyst,London,65000.0,85000.0,GBP,02/09/2025,22/07/2025,"Senior Analyst - Data &amp; Logistics | 65k- 85k London - 3 days in the office We're working with a high-growth logistics tech platform on the hunt for a commercially-minded Senior Analyst to join their data team. This is a fantastic opportunity to step into a fast-paced, mission-driven business that's reinventing how large-scale transport works across the UK and Europe. As the company continues to scale, they need someone who's not just great w... ",67,https://www.reed.co.uk/jobs/senior-analyst/55462510
55506271,344195,Frazer Jones,,,Reward Analyst,Manchester,48900.0,50000.0,GBP,10/09/2025,30/07/2025,"Reward Analyst Salary Indicator: 50,000 Bonus &amp; Benefits Hybrid Working Location: Manchester Department: Human Resources - Compensation &amp; Benefits Reports to: Global Head of Rewards and Reward Manager Overview We're seeking a detail-oriented and analytical Global Reward Analyst to join our international HR team. This critical role blends expertise in both Compensation and Benefits, with a heavy emphasis on compensation strategy, benchmar... ",20,https://www.reed.co.uk/jobs/reward-analyst/55506271
55546754,136884,TPP Recruitment,,,Insights Analyst,London,42000.0,42000.0,GBP,13/08/2025,06/08/2025,"We’re working with a leading health charity looking for an experienced Insight Analyst to join their team on a 3-month fixed-term contract . This role offers the opportunity to drive data-led decision making across supporter engagement and fundraising activity. About the Role: You’ll be part of a small but high-impact insight and digital performance team, delivering accessible and actionable insight through advanced SQL and Power BI reportin g. ... ",34,https://www.reed.co.uk/jobs/insights-analyst/55546754
55531903,608143,The Niche Partnership,,,Finance Analyst,Southampton,15.0,20.98,GBP,01/09/2025,04/08/2025,"Looking for a role where your analysis drives meaningful decisions? As a Finance Analyst in this large public sector organisation, you’ll be part of a collaborative and purpose-led team that values insight, rigour and public impact. Over the course of this four-month temp role, you'll play a key role in providing both strategic and operational financial support – influencing everything from service planning to risk evaluation and long-term forec... ",19,https://www.reed.co.uk/jobs/finance-analyst/55531903
55301832,408531,Aspire Data Recruitment,,,BI Analyst,NG21AB,,,,07/08/2025,26/06/2025,"BI Analyst Nottingham Negotiable The role focuses on interpreting data and presenting it to support strategic decision-making and supporting internal reporting automation using tools such as VBA, Power Query, and other scripting-based process improvements. The job. Design, build, and maintain Power BI dashboards for business users. Use DAX to develop calculated fields, KPIs, and metrics. Understand and navigate SQL-based data structures and sche... ",127,https://www.reed.co.uk/jobs/bi-analyst/55301832
55522011,595877,Nxtgen Recruitment,,,Finance Analyst,Biggleswade,38000.0,42000.0,GBP,12/09/2025,01/08/2025,"NXTGEN are delighted to be supporting a high-profile, global business in their search for a Finance Analyst. This is a brilliant opportunity for someone at the beginning of their career in Finance &amp; Accountancy, or for those with 1-2 years' experience now looking to accelerate their progression in a more commercially focused, analytical role. This Finance Analyst vacancy has come about due to an internal promotion - a clear reflection of the... ",22,https://www.reed.co.uk/jobs/finance-analyst/55522011
55454482,659815,Newto Training,,,Junior Data Admin,United Kingdom,,,,01/09/2025,21/07/2025,"Are you ready to start a new career in Data Analysis? The demand for Data Analysts has grown by 20% annually, with experienced professionals earning salaries upwards of 58,000. In today’s digital world, data is critical to business decision-making, making the role of a Data Analyst indispensable. As skills shortages continue to grow, the demand for qualified entry-level professionals is on the rise. With our Data Analytics career programme we wi... ",33,https://www.reed.co.uk/jobs/junior-data-admin/55454482
55474649,278941,Greenwell Gleeson,,,Finance Analyst,Birmingham,30000.0,40000.0,GBP,04/09/2025,24/07/2025,"FINANCE ANALYST - 30-40Kpa - BIRMINGHAM - HYBRID 3 DAYS WFH - PERM The Finance Analyst role focusses on all areas of financial management and reporting within the corporate function. This role is to educate and competently challenge the corporate functions regarding commercial awareness and business appraisal, ensuring delivery in all areas of the profit and loss account. This analyst will provide proactive support to the Lead Finance Analyst an... ",62,https://www.reed.co.uk/jobs/finance-analyst/55474649
55420644,575264,Reed,,,Finance Analyst,M307RT,38000.0,42000.0,GBP,15/08/2025,15/07/2025,"Commercial Finance Analyst Eccles, Manchester Hybrid 3 days office / 2 days home Salary: 42,000 per annum plus excellent benefits Are you a commercially focused analyst looking to make a real impact? My client is looking for an experienced Commercial Finance Analyst &nbsp;to join a small Finance team and support a wide range of operational cost areas, including payroll, delivery, and property. This is a key role where your insights will help dri... ",59,https://www.reed.co.uk/jobs/finance-analyst/55420644
55376820,416896,Mitchell Adam,,,Finance Analyst,Wolverhampton,150.0,250.0,GBP,19/08/2025,08/07/2025,"Mitchell Adam are partnering with an established manufacturing business based in Wolverhampton in their search for an Interim Finance Analyst to join their Finance team. This critical role will support the manufacturing finance function by mapping the ERP process to the physical production flow and ensuring compliance with corporate accounting policies. In this role you will be responsible for partnering with all areas of the business, including... ",43,https://www.reed.co.uk/jobs/finance-analyst/55376820
55461409,585419,Interquest ,,,GIS analyst,South West England,300.0,350.0,GBP,02/09/2025,22/07/2025,"Interquest have a need for an experienced GIS Analyst to provide interim support for the maintenance and development of our Geographic Information Systems (GIS) infrastructure. This role is essential in ensuring the smooth operation of our GIS services, supporting a wide range of internal stakeholders through the IT helpdesk. You’ll be working with the ESRI ArcGIS suite, including ArcGIS Pro, ArcGIS Enterprise, and ArcGIS Online, to develop and ... ",25,https://www.reed.co.uk/jobs/gis-analyst/55461409
55411377,7802,Macildowie Recruitment and Retention,,,Finance Analyst,Wellingborough,35000.0,45000.0,GBP,11/08/2025,14/07/2025,"Are you a numbers-driven professional looking to join a high-performing finance team in a dynamic business environment? We're currently looking for a Finance Analyst to support our client based in Wellingborough . You will be involved in strategic decision-making and deliver insightful financial reporting. As a Finance Analyst , you'll play a key role in analysing performance, forecasting future outcomes, and partnering with key stakeholders to ... ",50,https://www.reed.co.uk/jobs/finance-analyst/55411377
55512919,388111,Avanti,,,Financial Analyst,EC2A1AF,60000.0,80000.0,GBP,11/09/2025,31/07/2025,"Avanti Recruitment are currently working with a FinTech company based in London that works within the PropTech sector and is looking to expand the Analytics team by hiring a Financial Analyst, with experience in Cash Flow Modelling and data analysis. The company operates in a hybrid manner, and you will be required in the office two days a week (Tuesday/Wednesday). You will find yourself joining a small company, with expanding business and blue-... ",37,https://www.reed.co.uk/jobs/financial-analyst/55512919
55420645,575264,Reed,,,Finance Analyst,M307RT,38000.0,42000.0,GBP,15/08/2025,15/07/2025,"Commercial Finance Analyst Eccles, Manchester Hybrid 3 days office / 2 days home Salary: 42,000 per annum plus excellent benefits Are you a commercially focused analyst looking to make a real impact? My client is looking for an experienced Commercial Finance Analyst &nbsp;to join a small Finance team and support a wide range of operational cost areas, including payroll, delivery, and property. This is a key role where your insights will help dri... ",58,https://www.reed.co.uk/jobs/finance-analyst/55420645
55461476,416896,Mitchell Adam,,,Finance Analyst,Solihull,32000.0,36000.0,GBP,02/09/2025,22/07/2025,"Overview An exciting and unique opportunity is now available for an ambitious Finance Analyst with a passion for problem-solving. This role offers excellent exposure and the chance to accelerate your career by working closely with senior qualified finance professionals. You'll play a key role in analysing data, producing insightful commentary, and advising on strategies to drive profit growth and cost efficiency. The primary focus of this Financ... ",59,https://www.reed.co.uk/jobs/finance-analyst/55461476
55457698,313599,Harrison Holgate,,,Pricing Analyst,London,,,,02/09/2025,22/07/2025,"Pricing Analyst London/Hybrid (2 days per week) | Full-Time My client are looking for a Pricing Analyst to join their growing Underwriting &amp; Pricing team, where you'll help shape innovative insurance solutions with data at the heart of decision-making. What You'll Do * Develop and enhance pricing models to optimise product performance and profitability. * Deliver deep-dive statistical analysis to inform business and underwriting decisions. *... ",31,https://www.reed.co.uk/jobs/pricing-analyst/55457698
55506871,477350,Michael Page Finance,,,Finance Analyst,Loughborough,45000.0,45000.0,GBP,13/08/2025,30/07/2025,"The Finance Analyst will play a vital role in optimising financial processes and operational procedures. You will measure the performance against the commercial plan and strategy, identifying and providing useful and relevant insight and analysis. Client Details My client is a medium-sized business operating within the media and agency industry. Known for its innovative approach, the company supports its clients with creative and data-driven sol... ",40,https://www.reed.co.uk/jobs/finance-analyst/55506871
55457459,662593,Tenth Revolution Group,,,Finance Analyst,Fareham,35000.0,45000.0,GBP,02/09/2025,22/07/2025,"A dynamic tech company in Fareham are looking for a Finance Analyst with skills in SQL to join their FP&amp;A team, and support decision-making through financial analysis and reporting. You'll work with large, complex data sets to uncover key trends and inform critical business strategies, with the opportunity to get involved in high-level financial planning. This will include developing financial models and forecasting tools to predict the impa... ",30,https://www.reed.co.uk/jobs/finance-analyst/55457459
55326053,563988,Pontoon,,,Finance Analyst,Warwick,,,,12/08/2025,01/07/2025,"Job Title: Finance Analyst Location: Warwick (Hybrid - 3 days in-office per week, occasional travel to Hams Lane site) Day Rate: Up to 450 per day (Inside IR35) Contract Length: 6 Months (potential to extend) Are you ready to make a significant impact in the world of finance and infrastructure delivery? Our client, a leading organisation in the energy sector, is seeking a proactive and detail-oriented Finance Analyst to join their team on a cont... ",69,https://www.reed.co.uk/jobs/finance-analyst/55326053
55458024,313599,Harrison Holgate,,,Pricing Analyst,London,,,,02/09/2025,22/07/2025,"Pricing Analyst London/Hybrid (2 days per week) | Full-Time My client is looking for a Pricing Analyst to join their growing Underwriting &amp; Pricing team, where you'll help shape innovative insurance solutions with data at the heart of decision-making. What You'll Do * Develop and enhance pricing models to optimise product performance and profitability. * Deliver deep-dive statistical analysis to inform business and underwriting decisions. * ... ",38,https://www.reed.co.uk/jobs/pricing-analyst/55458024
55557791,264165,IPS Group,,,Commercial Analyst,LS31LT,42000.0,50000.0,GBP,18/09/2025,07/08/2025,"A privately owned supplier to blue chip clients with a turnover of 250m is looking to recruit a Commercial Analyst. This role offers the opportunity to work closely with Operations, Sales, and Finance to drive insight, performance, and smarter decision-making across the business. This is a great opportunity for an analytically minded, Excel-savvy professional who enjoys turning complex data into actionable insight—and is confident building and m... ",0,https://www.reed.co.uk/jobs/commercial-analyst/55557791
55399657,331522,Harnham - Data & Analytics Recruitment,,,Senior Analyst,London,80000.0,90000.0,GBP,22/08/2025,11/07/2025,"SENIOR ANALYST UP TO 90,000 LONDON - 2X A WEEK *Please note, this company is unable to sponsor, and you must be a UK resident to apply* THE COMPANY This is a leading business in the circular economy, focused on giving used books a new life. Through a combination of technology, sustainability, and global logistics, they collect, sort, and resell millions of pre-owned books each year via various online channels. Their mission is to make quality bo... ",109,https://www.reed.co.uk/jobs/senior-analyst/55399657
55422292,429606,Harper May Ltd,,,Finance Analyst,City of London,60000.0,65000.0,GBP,26/08/2025,15/07/2025,"Harper May is collaborating with a leading financial services firm known for its innovation and commitment to client satisfaction. In line with their ambitious growth plans, they are actively seeking a talented Finance Analyst to join their dynamic team and contribute to their ongoing success. About the Company: At the forefront of the financial services industry, our client is renowned for their innovative solutions and client-focused approach.... ",134,https://www.reed.co.uk/jobs/finance-analyst/55422292
55548297,344195,Frazer Jones,,,Compensation Analyst,London,65000.0,75000.0,GBP,17/09/2025,06/08/2025,"Salary: 65,000 - 75,000 Bonus Comprehensive Benefits Package About the Company Our client is a progressive, high-performing organization based in the heart of London. Known for its commitment to employee engagement and strategic growth, the company is seeking a talented Compensation Analyst to join its HR function. This is a unique opportunity to shape reward strategies in a business that values innovation, fairness, and market competitiveness. ... ",15,https://www.reed.co.uk/jobs/compensation-analyst/55548297
55356557,264165,IPS Group,,,Reinsurance Data Specialist,London,75000.0,75000.0,GBP,15/08/2025,04/07/2025,"A Global Insurer requires an experienced London market Reinsurance Data Analyst to join their Reinsurance Division.&nbsp; You will be tasked with the delivery of the Outwards Reinsurance placing information, collaborating with senior internal stakeholders to resolve queries and support business planning requirements.&nbsp; You will also be responsible for the optimisation of data presentation for reinsurers, continuously challenging the current ... ",31,https://www.reed.co.uk/jobs/reinsurance-data-specialist/55356557
55508838,680904,Right Pear,,,Pricing Analyst,GL75TQ,45000.0,55000.0,GBP,10/09/2025,30/07/2025,"Pricing Analyst ?? Hybrid | Cirencester | Salary c. 45,000- 55,000 Benefits ?? Full-Time | Permanent | Flexible Working Available Are you a detail-driven analyst with experience in pricing or product insight? We're looking for a Pricing Analyst to join a values-led, purpose-driven organisation that offers best-in-class services to its growing membership base. This is a fantastic opportunity to take a key analytical role at the heart of pricing a... ",18,https://www.reed.co.uk/jobs/pricing-analyst/55508838
55397296,627382,REV & REGS LIMITED,,,Compliance Analyst,TN131AN,30000.0,33000.0,GBP,22/08/2025,11/07/2025,"Rev &amp; Regs are recruiting for a Compliance Analyst position for a well-established, and reputable law firm in Sevenoaks. With a friendly and warm team, they are one of the most highly regarded firms in the area. Responsibilities: The successful Compliance Analyst will undertake listed analysis - financial data, system tasks etc. Work closely with team members to complete compliance administration. Providing support to business areas on how t... ",47,https://www.reed.co.uk/jobs/compliance-analyst/55397296
55394275,424664,Larbey Evans,,,Application Analyst,SE18NW,,,,21/08/2025,10/07/2025,"Application Analyst Larbey Evans is partnering with a top UK law firm to recruit an Application Analyst to report into their Head of Business Intelligence &amp; Systems in their London office. Competitive salary Office based – weekly shift pattern between the hours of 8am – 7pm Excellent employee benefits to include 27 days annual leave, wellbeing programme, sabbatical, and long service financial award, and more! This role will carry-out essenti... ",96,https://www.reed.co.uk/jobs/application-analyst/55394275
55375085,378407,Cedar,,,Finance Analyst,Bradford,58000.0,58000.0,GBP,19/08/2025,08/07/2025,"Finance Analyst Level: ACCA/CIMA/ACA Qualified Location: Normanton, West Yorkshire Salary: Up to 58,000 8% bonus Reports to: Senior Manager, Operations &amp; Supply Chain Finance Direct Reports: 1 Assistant Management Accountant Cedar is recruiting on behalf of a global manufacturing group for a Finance Analyst to join their Operational Finance team based in Normanton. This is a high-impact role, responsible for delivering insightful analysis, s... ",65,https://www.reed.co.uk/jobs/finance-analyst/55375085
55379210,429606,Harper May Ltd,,,Finance Analyst,Soho,45000.0,50000.0,GBP,19/08/2025,08/07/2025,"Harper May is partnering exclusively with a leading entertainment group who is seeking a commercially minded Finance Analyst to join their growing finance team. This is a fantastic opportunity to join a vibrant, fast-evolving organisation and contribute to financial performance during an exciting phase of growth. Role Overview: Working closely with the CFO and senior leadership, the Finance Analyst will provide meaningful financial insights, sup... ",176,https://www.reed.co.uk/jobs/finance-analyst/55379210
55401986,563902,Office Angels,,,Transportation Analyst,Bracknell,32000.0,35000.0,GBP,22/08/2025,11/07/2025,"Office Angels are currently recruiting for a Transportation Analyst for our client based in Bracknell. Role: Transportation Analyst Location: Bracknell, hybrid working Salary: 32,000 - 35,000 (depending on experience) As a Transportation Analyst, your primary purpose will be to ensure the smooth operation of customs processes and optimise transportation strategies. You will play a crucial role in maintaining compliance while driving efficiency a... ",22,https://www.reed.co.uk/jobs/transportation-analyst/55401986
55436797,608143,The Niche Partnership,,,Finance Analyst,Southampton,15.0,20.98,GBP,14/08/2025,17/07/2025,"Looking for a role where your analysis drives meaningful decisions? As a Finance Analyst in this large public sector organisation, you’ll be part of a collaborative and purpose-led team that values insight, rigour and public impact. Over the course of this four-month temp role, you'll play a key role in providing both strategic and operational financial support – influencing everything from service planning to risk evaluation and long-term forec... ",33,https://www.reed.co.uk/jobs/finance-analyst/55436797
55436329,556239,In2 Consult,,,Finance Analyst,Hounslow,40000.0,45000.0,GBP,28/08/2025,17/07/2025,"Finance Analyst / Hounslow / 18 Months FTC / 40k- 45k Overview My client in the aviation industry have a dynamic opportunity for a commercially driven Commercial finance proffesional with expereince in Revenue &amp; Business Performance analysis&nbsp;to join a high-performing finance team within a large, operationally complex organisation. This role is integral to supporting financial and operational performance improvements across the business ... ",96,https://www.reed.co.uk/jobs/finance-analyst/55436329
55510182,477350,Michael Page Finance,,,Finance Analyst,Milton Keynes,45000.0,60000.0,GBP,13/08/2025,30/07/2025,The Finance Analyst will play a pivotal role in supporting the Accounting &amp; Finance department by analysing financial data and contributing to strategic decision-making processes. This role in Milton Keynes is ideal for a detail-oriented professional with a passion for numbers and financial insights. Client Details This opportunity is with a medium-sized company in the IT industry that specialises in delivering cutting-edge solutions. The or... ,45,https://www.reed.co.uk/jobs/finance-analyst/55510182
55493870,537028,Resourcery Group,,,Commercial Analyst,CH13DR,48000.0,54000.0,GBP,08/09/2025,28/07/2025,"Commercial Analyst | 48,000 - 54,000 Bonus | Chester A brilliant opportunity has arisen to join a growing business based in Chester in a highly visible role within the group, you will be working closely with the commercial teams (sales) and providing senior stakeholders with real time MI to aid decision making. Main duties include; Play a key role in influencing strategic decisions by delivering data-driven insights that directly enhance profita... ",27,https://www.reed.co.uk/jobs/commercial-analyst/55493870
55375774,418809,Gleeson Recruitment Group,,,Billing Analyst,Leicester,28000.0,32000.0,GBP,19/08/2025,08/07/2025,"Organisation requires a Billing Specialist to join to their team near Leicester. The role of Billing Analyst will focus will work across all ledgers, ensuring all invoices go are sent accurately in a timely manner. Responsibilities include: To work as part of the billing team responsible for the generation of all invoicing across the group Maintain and update all customer information across multiple internal systems. Ensure accuracy of billing d... ",3,https://www.reed.co.uk/jobs/billing-analyst/55375774
55539189,429606,Harper May Ltd,,,Finance Analyst,Camden Town,45000.0,55000.0,GBP,16/09/2025,05/08/2025,"Harper May is partnering with a fast-growing cosmetics brand renowned for its trend-driven products and strong multi-channel presence. With continued expansion across retail and e-commerce, the business is seeking a Finance Analyst to join their commercial finance team and provide critical insight to support performance and strategic planning. Role Overview: The Finance Analyst will play a key role in delivering high-quality financial analysis, ... ",60,https://www.reed.co.uk/jobs/finance-analyst/55539189
55342498,565510,FryerMiles Recruitment,,,Graduate Analyst,City of London,,,,14/08/2025,03/07/2025,"Graduate Analyst (Accounting &amp; Finance)&nbsp;- Central London A dynamic and entrepreneurial commodity trading / supply chain services company are looking for highly motivated graduate finance analysts. &nbsp; This is a great opportunity to join a dynamic and exciting team of professionals, who are building a company with great potential. Duties: Supporting the review, reconciliation, and analysis of the net revenue stream of the business. Re... ",219,https://www.reed.co.uk/jobs/graduate-analyst/55342498
55370691,418809,Gleeson Recruitment Group,,,Billing Analyst,Kingswinford,27000.0,27000.0,GBP,18/08/2025,07/07/2025,"Organisation requires a Billing Specialist to join to their team in Kingswinford. The role of Billing Analyst will focus will work across all ledgers, ensuring all invoices go are sent accurately in a timely manner. Responsibilities include: To work as part of the billing team responsible for the generation of all invoicing across the group Maintain and update all customer information across multiple internal systems. Ensure accuracy of billing ... ",10,https://www.reed.co.uk/jobs/billing-analyst/55370691
55495664,431313,Sphere Digital Recruitment,,,CRO Analyst,London,35000.0,45000.0,GBP,09/09/2025,29/07/2025,"CRO Analyst - Digital Experience &amp; Optimisation Brighton or London (hybrid flexibility) 35,000 - 45,000 Bonus Unlimited Holiday Training Budget The Opportunity A fast-growing, entrepreneurial digital business is looking for a Conversion Rate Optimisation (CRO) Analyst to join its high-performing team. Working across a broad portfolio of ambitious brands, you'll take ownership of developing and executing impactful CRO strategies that drive me... ",24,https://www.reed.co.uk/jobs/cro-analyst/55495664
55538237,591484,Ripple Recruitment Ltd,,,Commercial Analyst,RG401AA,30000.0,35000.0,GBP,16/09/2025,05/08/2025,"On behalf of our client, a global leader in specialised technical services, we are seeking a talented and meticulous Commercial Analyst to join their dedicated team in Wokingham. This is a fantastic opportunity for a commercially-minded individual with exceptional analytical skills to play a pivotal role in a department focused on maximising revenues and delivering significant cost savings. You will be the go-to expert for technical issues, prov... ",8,https://www.reed.co.uk/jobs/commercial-analyst/55538237
55482275,145339,Halmer Recruit,,,Procurement Analyst,TW122HT,35000.0,39000.0,GBP,05/09/2025,25/07/2025,"Procurement Analyst Location: Fully Office-based, Monday - Friday with no hybrid working Hours: Flexible between 8:00am - 4:30pm Salary: 35,000 - 39,000 Benefits: Excellent company benefits package Please note- do only apply if you live within a commutable distance of Hampton under 40 mins each way Job Summary: We are looking for a proactive and detail-driven Procurement Officer with 3 to 5 years of experience to manage purchasing activities acr... ",13,https://www.reed.co.uk/jobs/procurement-analyst/55482275
55426550,591500,PIB Group,,,Salesforce Analyst,Lincoln,,,,27/08/2025,16/07/2025,"We’re hiring!&nbsp; Join our team of innovators and game changers….. Are you looking for a role where your skills are valued, your ideas matter and your development and growth is priority?&nbsp; At HomeLet, we are on a mission….to revolutionise the tenant referencing landscape and create unforgettable customer experiences for all the right reasons. We need talented passionate people who care about customers to make that happen. With over 30 year... ",20,https://www.reed.co.uk/jobs/salesforce-analyst/55426550
55536477,7802,Macildowie Recruitment and Retention,,,Finance Analyst,Leicestershire,150.0,200.0,GBP,15/09/2025,04/08/2025,"Macildowie are working with a highly successful client based in Leicestershire who are looking for a temporary Finance Analyst. This role will be reporting into an experienced Finance Manager within a Finance team of three. Day Rate: 150-200 per day Employment type: Temporary assignment (likely 3 to 6 months) Working arrangement: Full-time, office-based initially with ability to work 2 days from home after training. Key responsibilities include:... ",23,https://www.reed.co.uk/jobs/finance-analyst/55536477
55496247,409536,Halliday Marx,,,Finance Analyst,London,80000.0,85000.0,GBP,21/10/2025,29/07/2025,"Halliday Marx are partnering on a retained basis with an outstanding Telecommunications business to hire an FP&amp;A Analyst on a permanent basis. Hybrid working (2 days in the office, 3 from home) Responsibilities Assist in developing comprehensive financial models to forecast future financial performance Annual budgeting with strategic objectives and operational goals Develop rolling forecasts to provide updated financial projections and ident... ",36,https://www.reed.co.uk/jobs/finance-analyst/55496247
55467735,537028,Resourcery Group,,,BI Analyst,CH624UE,50000.0,60000.0,GBP,03/09/2025,23/07/2025,"Bi Analyst | Wirral | 50,000 - 60,000 An opportunity to join a fast growing business based on the Wirral, currently experiencing YoY double digit growth in a highly competitive market. This is a newly created role that will work closely with the Finance Director and Commercial Finance team in order to provide top quality MI in order to aid with decision making. Main duties will include; Develop clear, insightful Power BI dashboards and reports t... ",72,https://www.reed.co.uk/jobs/bi-analyst/55467735
55417229,331522,Harnham - Data & Analytics Recruitment,,,Digital Analyst,Leicester,35000.0,45000.0,GBP,26/08/2025,15/07/2025,"Web Analyst Up to 45,000 Hybrid Structure - Birmingham (1x day per week) THE COMPANY I'm excited to share an opportunity for a Digital Analyst to join a leading hospitality organisation with locations across the UK. THE ROLE This is the perfect opportunity for an experienced Digital Analyst with skills in SQL, GA4 and Power BI. In this role, you will be responsible for digital data reporting and producing end-to-end reports and insights across o... ",46,https://www.reed.co.uk/jobs/digital-analyst/55417229
55495640,431313,Sphere Digital Recruitment,,,CRO Analyst,Brighton,35000.0,45000.0,GBP,09/09/2025,29/07/2025,"CRO Analyst - Digital Experience &amp; Optimisation Brighton or London (hybrid flexibility) 35,000 - 45,000 Bonus Unlimited Holiday Training Budget The Opportunity A fast-growing, entrepreneurial digital business is looking for a Conversion Rate Optimisation (CRO) Analyst to join its high-performing team. Working across a broad portfolio of ambitious brands, you'll take ownership of developing and executing impactful CRO strategies that drive me... ",8,https://www.reed.co.uk/jobs/cro-analyst/55495640
55305972,134670,Penguin Recruitment Ltd,,,Asbestos Analyst,South Yorkshire,30000.0,37000.0,GBP,08/08/2025,27/06/2025,"Asbestos Analyst Office based in Yorkshire Salary: 30,000, 37,000 (Experience Dependant) Travel: North The company are nearing 40 years of experience within the industry, solely focused on the entire testing and analysis process from start to finish. They have state-of-the-are mobile and in-house testing laboratories! Operating off a wide variety of commercial and domestic clients! My client is also in the market for an Asbestos Surveyor or Asbe... ",9,https://www.reed.co.uk/jobs/asbestos-analyst/55305972
55321049,316266,Get Recruited (UK) Ltd,,,Finance Analyst,W69YD,45000.0,50000.0,GBP,11/08/2025,30/06/2025,"FINANCE ANALYST *HOSPITALITY INDUSTRY* LONDON | HYBRID 2/3 DAYS OFFICE UP TO 50,000 STUDY SUPPORT BONUS BENEFITS THE COMPANY: We proud to be partnering with a leading hospitality group based in London that experiencing exponential growth and for that reason, they seek a Commercial Analyst / Finance Analyst to join the team. As Commercial Analyst / Finance Analyst, you'll be working closely with the Finance Business Partner, where you'll play a k... ",385,https://www.reed.co.uk/jobs/finance-analyst/55321049
55443343,575264,Reed,,,Finance Analyst,B113RE,35000.0,40000.0,GBP,18/08/2025,18/07/2025,"Job Title: Finance Analyst Location: Remote but must be located in the West Midlands Salary: 35,000 - 40,000 Top of the salary range will be offered to a candidate with vast, relative experience from the Logistics industry. We are currently recruiting for a Finance Analyst on behalf of our fabulous and growing client! They are West Midlands based but operate on a remote basis. The successful candidate must be based in the West Midlands, as there... ",146,https://www.reed.co.uk/jobs/finance-analyst/55443343
55402109,416896,Mitchell Adam,,,Finance Analyst,Birmingham,32000.0,35000.0,GBP,22/08/2025,11/07/2025,"Overview Mitchell Adam are recruiting a dynamic and experienced Finance Analyst on behalf of our forward-thinking Retail client based in Solihull. With a unique product offering and thriving market trends, the business is undergoing rapid growth. A recent restructure has created the need for a commercially-minded Finance Analyst to join their expert and high-performing team. In this role, the Finance Analyst will be integral to the team, deliver... ",88,https://www.reed.co.uk/jobs/finance-analyst/55402109
55468912,429606,Harper May Ltd,,,Finance Analyst,Mayfair,60000.0,65000.0,GBP,03/09/2025,23/07/2025,"Harper May is exclusively partnering with a leading property and construction company currently entering a significant phase of growth. To support this expansion, the business is seeking an ambitious and commercially minded Finance Analyst to join its finance team. Working closely with the CFO and senior finance leadership, this role offers strong exposure to both operational and strategic finance. Role Overview: The Finance Analyst will play a ... ",119,https://www.reed.co.uk/jobs/finance-analyst/55468912
55557565,429606,Harper May Ltd,,,Finance Analyst,City of London,45000.0,50000.0,GBP,18/09/2025,07/08/2025,"Harper May is delighted to partner with a forward-thinking manufacturing business that’s redefining quality and innovation in the consumer durables space. With a strong emphasis on design, sustainability, and customer satisfaction, the company is expanding rapidly and now seeks a talented Finance Analyst to join its growing finance function. Role Overview: As Finance Analyst, you’ll support strategic planning through detailed financial analysis,... ",1,https://www.reed.co.uk/jobs/finance-analyst/55557565
55335338,520034,Sanderson,,,Test Analyst,Bristol,250.0,300.0,GBP,13/08/2025,02/07/2025,"Test Analyst 3-month initial contract Bristol based - Hybrid 300 per day - umbrella engagement I am currently working with a client who is seeking a Test Analyst with a strong background in Network or Infrastructure projects. The successful candidate will play a key role in planning, executing, and reporting on User Acceptance Testing (UAT) and end-user device testing, ensuring minimal disruption to users across the organisation. Key Requirement... ",178,https://www.reed.co.uk/jobs/test-analyst/55335338
55326872,35771,March Recruitment,,,VAT Analyst,KT160PS,,,,12/08/2025,01/07/2025,"Position: VAT Analyst Location: Chertsey Salary: On Application Duration: Ongoing Hours: Monday-Friday, 9am-5:30pm Overview of a VAT Analyst As a VAT Analyst, you will support the Corporate Tax and VAT function within a larger Financial Control team. This role focuses on ensuring VAT compliance across UK and Irish operations, supporting process improvements, and maintaining the accuracy of tax reporting. You’ll work in a collaborative and profes... ",16,https://www.reed.co.uk/jobs/vat-analyst/55326872
55473168,666122,Atom Bank,,,Junior BI Engineer - 12m FTC,NE13PD,27000.0,33000.0,GBP,21/08/2025,24/07/2025,"What will your typical day look like? Different that’s for sure… Atom Bank is at the forefront of the fintech revolution, constantly redefining banking. We're making significant investments in our data model and management, and our growing Business Intelligence team is central to achieving our ambitious Data Strategy. We're looking for a talented and proactive Junior BI Engineer to join us on a 12-month Fixed Term Contract within our Lending Val... ",25,https://www.reed.co.uk/jobs/junior-bi-engineer-12m-ftc/55473168
55385059,344195,Frazer Jones,,,Reward Analyst,London,43000.0,47000.0,GBP,20/08/2025,09/07/2025,"About the Opportunity We are delighted to be retained by one of the world's leading broadcast media companies, whose output spans multi-award-winning shows across both the small and big screen. With a trophy cabinet brimming with Emmys, BAFTAs, NTAs, and more, this is a rare opportunity to join a truly iconic brand at the forefront of global entertainment. They are now keen to recruit a Reward Analyst to join their central HR team in London. Rol... ",55,https://www.reed.co.uk/jobs/reward-analyst/55385059
55482714,377106,Robert Walters,,,VAT Analyst,London,37000.0,39000.0,GBP,05/09/2025,25/07/2025,"An exciting opportunity has arisen for a VAT Analyst to join a highly respected Tax and Financial Control team. This role offers you the chance to become an integral part of a collaborative and supportive environment where your expertise will directly contribute to ensuring the business remains a responsible and compliant taxpayer. What you'll do: As a VAT Analyst, you will play a pivotal role in supporting the Corporate Tax and VAT function wit... ",32,https://www.reed.co.uk/jobs/vat-analyst/55482714
55442082,524744,Hays Specialist Recruitment Limited,,,Financial Analyst,Chelmsford,50000.0,65000.0,GBP,29/08/2025,18/07/2025,"Your new company We are working in partnership with a well-established and forward-thinking international group to recruit a Financial Analyst with strong IT &amp; data management expertise and preferably a background in accounting/audit. This is a key role within the business, offering the chance to work closely with senior stakeholders and contribute to high-level decision-making through the delivery of robust financial analysis and reporting.... ",49,https://www.reed.co.uk/jobs/financial-analyst/55442082
55454769,408457,Trace - Expert Accountancy Recruitment,,,FP&A Analyst,WC2A1HR,65000.0,70000.0,GBP,21/08/2025,21/07/2025,"FP&amp;A Analyst, Media, 6 Month FTC, Central London, 65-70,000 &nbsp; I have a fantastic opportunity for an FP&amp;A Analyst to join a PE backed Media business. Working closely with the Head of FP&amp;A and working in a lean team of four, you’ll get a lot of exposure to the Senior Leadership Team as well as the PE firm. The first 6 months will be all hands to the deck and supporting where needed which could lead to an extension or even a perman... ",71,https://www.reed.co.uk/jobs/fp-a-analyst/55454769
55441961,351143,Utility People,,,Bureau Analyst,Newton-le-Willows,,,,29/08/2025,18/07/2025,"Summary: Our client, a leading energy consultancy, is looking for a Bureau Analyst to join their team. As the Bureau Analyst you will be responsible for bill validation , reporting on client’s energy bills and reconciling statements with energy suppliers . If you have experience in the energy sector , particularly in bill and invoice validation, energy reporting, and reconciliation , and have intermediate Excel skills - apply today!! Key respons... ",13,https://www.reed.co.uk/jobs/bureau-analyst/55441961
55542696,634570,cer Financial Ltd,,,Product Analyst,EC2M2AT,406.0,690.0,GBP,16/09/2025,05/08/2025,"Product Analyst City of London Hybrid (3 days a week in office) Permanent 406 - 690 per day (via Umbrella) cer Financial are working alongside an international bank who are based in the City of London. They are seeking a Product Analyst to work with them on a contract. I am seeking a Product Analyst with deep expertise in the Banking and Finance domain, specifically in Interest Rate Derivatives. The candidate will be working with the Front Offic... ",24,https://www.reed.co.uk/jobs/product-analyst/55542696
55392466,685223,Onecom,,,Billing Analyst,GL34FA,,,,21/08/2025,10/07/2025,"Join our Team as a Billing Analyst! Location: Brockworth,&nbsp;Gloucester Salary: 25,100 Per Annum Hours:&nbsp;Monday- Friday&nbsp;09:00-17:30&nbsp; About the role:&nbsp; Are you detail-driven, analytical, and ready to make a real impact in a fast-paced billing environment? As a Billing Analyst, you’ll play a key role in ensuring accurate and timely billing across all divisions by managing call and line data records, resolving billing issues, an... ",3,https://www.reed.co.uk/jobs/billing-analyst/55392466
55489596,377106,Robert Walters,,,Pricing Analyst,London,55000.0,65000.0,GBP,08/09/2025,28/07/2025,"Salary: 55 - 60 000 Location: London, UK An exciting opportunity has arisen for a Pricing Analyst to join a highly respected international law firm in London, offering a competitive salary and the benefit of hybrid working. This role is perfect for someone who thrives in a collaborative environment and is passionate about supporting business growth through data-driven insights and pricing strategies. Responsibilities of the role: Assist in devel... ",42,https://www.reed.co.uk/jobs/pricing-analyst/55489596
55356625,429606,Harper May Ltd,,,Finance Analyst,Soho,45000.0,50000.0,GBP,15/08/2025,04/07/2025,"Harper May is delighted to partner with a forward-thinking manufacturing business that’s redefining quality and innovation in the consumer durables space. With a strong emphasis on design, sustainability, and customer satisfaction, the company is expanding rapidly and now seeks a talented Finance Analyst to join its growing finance function. Role Overview: As Finance Analyst, you’ll support strategic planning through detailed financial analysis,... ",145,https://www.reed.co.uk/jobs/finance-analyst/55356625
55531903,608143,The Niche Partnership,,,Finance Analyst,Southampton,15.0,20.98,GBP,01/09/2025,04/08/2025,"Looking for a role where your analysis drives meaningful decisions? As a Finance Analyst in this large public sector organisation, you’ll be part of a collaborative and purpose-led team that values insight, rigour and public impact. Over the course of this four-month temp role, you'll play a key role in providing both strategic and operational financial support – influencing everything from service planning to risk evaluation and long-term forec... ",19,https://www.reed.co.uk/jobs/finance-analyst/55531903
55457467,662593,Tenth Revolution Group,,,FP&A Analyst,Fareham,35000.0,45000.0,GBP,02/09/2025,22/07/2025,"A dynamic tech company in Fareham are looking for a Finance Analyst with skills in SQL to join their FP&amp;A team, and support decision-making through financial analysis and reporting. You'll work with large, complex data sets to uncover key trends and inform critical business strategies, with the opportunity to get involved in high-level financial planning. This will include developing financial models and forecasting tools to predict the impa... ",16,https://www.reed.co.uk/jobs/fp-a-analyst/55457467
55321689,664120,Robert Half,,,Financial Analyst,Milton Keynes,45000.0,60000.0,GBP,11/08/2025,30/06/2025,"The Permanent Division of Robert Half is currently recruiting for a Financial Analyst on behalf of a specialist Sales and Service business with offices in Milton Keynes. The Role As Financial Analyst you will support commercial reporting, financial planning and reporting for the UK and European business. Day to day duties will consist of: Financial Planning and forecasting and variance analysis for the European region Providing financial insight... ",82,https://www.reed.co.uk/jobs/financial-analyst/55321689
55521592,264165,IPS Group,,,Financial Analyst,LS12LE,43000.0,45000.0,GBP,12/09/2025,01/08/2025,"A fast-growing, private equity-backed specialist professional services firm is looking for a Finance Analyst to join its expanding Commercial Finance team. This is not your typical finance role. The firm prides itself on being people-focused, collaborative, and forward-looking. The successful candidate will work closely with finance and the wider business to help shape smarter, faster decision-making through high-quality insight and analysis. Ke... ",29,https://www.reed.co.uk/jobs/financial-analyst/55521592
55474649,278941,Greenwell Gleeson,,,Finance Analyst,Birmingham,30000.0,40000.0,GBP,04/09/2025,24/07/2025,"FINANCE ANALYST - 30-40Kpa - BIRMINGHAM - HYBRID 3 DAYS WFH - PERM The Finance Analyst role focusses on all areas of financial management and reporting within the corporate function. This role is to educate and competently challenge the corporate functions regarding commercial awareness and business appraisal, ensuring delivery in all areas of the profit and loss account. This analyst will provide proactive support to the Lead Finance Analyst an... ",62,https://www.reed.co.uk/jobs/finance-analyst/55474649
55429406,524744,Hays Specialist Recruitment Limited,,,Systems Analyst,Farnborough,500.0,500.0,GBP,27/08/2025,16/07/2025,"Systems Analyst - 500 per day inside IR35 - 2 days per week in Farnborough, Hampshire I am working with a key client who have a requirement for a number of Systems Analysts to work on IT projects within their Financial Services section. As a Systems Analyst within you'll be responsible for undertaking complex research and analysis to define solutions, and support design and development. You'll create key Agile artefacts including user stories, c... ",19,https://www.reed.co.uk/jobs/systems-analyst/55429406
55426746,524744,Hays Specialist Recruitment Limited,,,Systems Analyst,Farnborough,500.0,500.0,GBP,27/08/2025,16/07/2025,"Systems Analyst - 500 per day inside IR35 - 2 days per week in Farnborough, Hampshire I am working with a key client who have a requirement for a number of Systems Analysts to work on IT projects within their Financial Services section. As a Systems Analyst within you'll be responsible for undertaking complex research and analysis to define solutions, and support design and development. You'll create key Agile artefacts including user stories, c... ",15,https://www.reed.co.uk/jobs/systems-analyst/55426746
55345308,71810,Park Street People,,,Finance Analyst,Reading,32.0,34.0,GBP,14/08/2025,03/07/2025,"Ready to take your financial acumen to the next level in a dynamic, global environment? We’re looking for a highly skilled Financial Analyst to join our client's EMEA Finance team on a temporary contract until the end of 2025 and help bring clarity and insight to business performance. As a Financial Analyst, you will play a vital role in the month-end close process. From preparing journal entries to delivering sharp P&amp;L and balance sheet ana... ",41,https://www.reed.co.uk/jobs/finance-analyst/55345308
55376820,416896,Mitchell Adam,,,Finance Analyst,Wolverhampton,150.0,250.0,GBP,19/08/2025,08/07/2025,"Mitchell Adam are partnering with an established manufacturing business based in Wolverhampton in their search for an Interim Finance Analyst to join their Finance team. This critical role will support the manufacturing finance function by mapping the ERP process to the physical production flow and ensuring compliance with corporate accounting policies. In this role you will be responsible for partnering with all areas of the business, including... ",43,https://www.reed.co.uk/jobs/finance-analyst/55376820
55539454,539853,James Frank Associates,,,Test Analyst,Kings Hill,28000.0,30000.0,GBP,16/09/2025,05/08/2025,"Our client, a leading business in the Financial Services industry is seeking a Test Analyst to join their team. Due to an exciting period of growth our client is looking for a Test Analyst to join their Operations team, where you will work as part of the team and wider department do assist in delivering user acceptance testing, playing a key role in ensuring the financial systems, applications and processes meet business requirements. This is th... ",25,https://www.reed.co.uk/jobs/test-analyst/55539454
55370248,362364,BettingJobs,,,Treasury Analyst,London,40000.0,50000.0,GBP,18/08/2025,07/07/2025,"BettingJobs is working with a well-established iGaming group seeking to expand their senior team with the addition of a Treasury Analyst to their team in the UK . Responsibilities: Completion of daily / weekly / monthly Treasury deliverables, including cash flow forecast, crypto dashboard and stakeholder reporting. Maintain accurate listings (to include periodic review) of banking relationships, bank account details and user accesses Own, stream... ",93,https://www.reed.co.uk/jobs/treasury-analyst/55370248
55320599,243967,The One Group,,,Finance Analyst,Peterborough,40000.0,45000.0,GBP,11/08/2025,30/06/2025,"The ONE Group are delighted to be partnering with one of the UK's most impressive organisations, who are part of a globally renowned group. The business is on the lookout for an ambitious, part qualified Finance Analyst. This opportunity is tailor made for someone who is driven by data analysis and making recommendations for improvements. You will be leading the full period end and forecasting cycle, with a short to medium term goal of becoming ... ",37,https://www.reed.co.uk/jobs/finance-analyst/55320599
55300172,15774,Quest Search and Selection Ltd,,,Lead Data Scientist-Category Management,London,70000.0,80000.0,GBP,07/08/2025,26/06/2025,"Quest Search &amp; Selection are currently partnering with a leading tech eCommerce platform specialised in consumer goods and delivery. This business offers an extensive range of products including household essentials, medication, office supplies, groceries, and even fresh prepared food! The Lead Data Scientist- Category Management, will develop decision support systems, analyse large datasets, and share insights to optimise category performan... ",36,https://www.reed.co.uk/jobs/lead-data-scientist-category-management/55300172
55476771,419149,James Andrew Recruitment Solutions (JAR Solutions),,,HR Data Administrator,CV11DD,175.0,200.0,GBP,04/09/2025,24/07/2025,"Role:HR Data Administrator/Analyst Location:Coventry Contract: 6 Months (3 Days A Week) Day Rate: Up to 200/day (All in) Support Smarter HR Systems with One of Europe’s Leading Distributors We’re working with a major European distributor undergoing a transformation of their HR systems and processes. They’re now looking for a part-time HR Data Administrator/Analyst to support the HR Systems team with data management, reporting, and compliance. Th... ",83,https://www.reed.co.uk/jobs/hr-data-administrator/55476771
55427752,402975,Marks Sattin,,,Finance Analyst,Ipswich,35000.0,45000.0,GBP,27/08/2025,16/07/2025,"Finance Analyst We are working with an exciting FMCG client looking for a Finance Analyst in Ipswich to ensure precise handling of financial and administrative tasks, supporting regulatory compliance and reporting needs, while enhancing the overall efficiency of finance and HR operations. Location: Ipswich - Hybrid Salary: 35,000 - 45,000 Industry: FMCG Duties: Perform routine accounting tasks with accurate financial entries and regulatory compl... ",45,https://www.reed.co.uk/jobs/finance-analyst/55427752
55520109,477350,Michael Page Finance,,,Financial Analyst,London,40000.0,55000.0,GBP,15/08/2025,01/08/2025,"The role of Financial Analyst within the property industry involves providing insightful financial analysis and supporting decision -making processes. Based in London, this temp-permanent position offers an excellent opportunity to develop expertise in accounting and finance. Client Details The hiring company is a well-established organisation within the property asset-management industry, known for its professional approach to delivering result... ",80,https://www.reed.co.uk/jobs/financial-analyst/55520109
55299523,177752,KCR Solutions,,,Finance Analyst,Gateshead,35000.0,42000.0,GBP,07/08/2025,26/06/2025,"KCR Solutions are working in partnership with a leading manufacturing organisation to recruit a driven and dynamic Finance Analyst. This is a prime opportunity for an AAT-qualified individual actively pursuing or planning to pursue CIMA, eager to grow within a forward-thinking and supportive environment. Key Responsibilities: Conduct in-depth financial analysis to inform strategic and operational decision-making Extract, interpret, and present d... ",26,https://www.reed.co.uk/jobs/finance-analyst/55299523
55479080,432293,MERJE Ltd,,,Compliance Analyst,Southampton,35000.0,45000.0,GBP,05/09/2025,25/07/2025,"MERJE is seeking a highly skilled Compliance Analyst for a leading consumer lending company. This role offers an exciting opportunity to work in a fast-paced, collaborative environment, supporting regulatory compliance and operational risk management. The ideal candidate will have strong analytical skills and a keen interest in financial regulations. Location: London or Southampton (Hybrid) The Company This company is a purpose-led fintech in th... ",47,https://www.reed.co.uk/jobs/compliance-analyst/55479080
55461476,416896,Mitchell Adam,,,Finance Analyst,Solihull,32000.0,36000.0,GBP,02/09/2025,22/07/2025,"Overview An exciting and unique opportunity is now available for an ambitious Finance Analyst with a passion for problem-solving. This role offers excellent exposure and the chance to accelerate your career by working closely with senior qualified finance professionals. You'll play a key role in analysing data, producing insightful commentary, and advising on strategies to drive profit growth and cost efficiency. The primary focus of this Financ... ",59,https://www.reed.co.uk/jobs/finance-analyst/55461476
55413649,393766,Marc Daniels,,,Support Analyst,Maidenhead,28000.0,32000.0,GBP,25/08/2025,14/07/2025,"We are looking for a Support Analyst to join a market-leading listed company based in Maidenhead. This award-winning company is well known for its exciting, enjoyable environment. This role offers several benefits, including flexible working hours and the option to work remotely 2 days a week. Key Responsibilities: Act as the first point of contact for all queries via phone, email, and ticketing system Provide 1st line technical support for the ... ",87,https://www.reed.co.uk/jobs/support-analyst/55413649
55356557,264165,IPS Group,,,Reinsurance Data Specialist,London,75000.0,75000.0,GBP,15/08/2025,04/07/2025,"A Global Insurer requires an experienced London market Reinsurance Data Analyst to join their Reinsurance Division.&nbsp; You will be tasked with the delivery of the Outwards Reinsurance placing information, collaborating with senior internal stakeholders to resolve queries and support business planning requirements.&nbsp; You will also be responsible for the optimisation of data presentation for reinsurers, continuously challenging the current ... ",31,https://www.reed.co.uk/jobs/reinsurance-data-specialist/55356557
55508563,316614,Faith Recruitment,,,Finance Analyst,Weybridge,40000.0,50000.0,GBP,27/08/2025,30/07/2025,"Benefits Include: Competitive basic salary (DOE) 25 days annual leave Performance-based bonus (post-probation) Pension: up to 4% employee / 8.5% employer Permanent Health Insurance Group Life Assurance Flexible benefits - Dental, travel, gym, holiday buy/sell Role Overview: We are looking for a detail-oriented Financial Analyst responsible for managing and analysing financial data across projects and business operations. The role includes financ... ",73,https://www.reed.co.uk/jobs/finance-analyst/55508563
55459756,527940,Context Recruitment Limited,,,Workday Analyst,London,55000.0,65000.0,GBP,02/09/2025,22/07/2025,"Workday Analyst - London 55,000 - 65,000 PA A well-established organisation undergoing a major HR systems transformation is seeking an experienced Workday Analyst to join their team. This is a key role within the business's digital transformation strategy, focused on the configuration and optimisation of Workday to meet evolving business needs. The successful candidate will work closely with HR and IT stakeholders to design, configure and enhanc... ",58,https://www.reed.co.uk/jobs/workday-analyst/55459756
55478404,477350,Michael Page Finance,,,Commercial analyst,Derbyshire,55000.0,60000.0,GBP,08/08/2025,25/07/2025,"High profile role working closely with various teams, including sales, marketing, and senior management, to ensure the business is on track to meet financial goals and profitability targets. Client Details International, multi-site manufacturing business with UK HQ in Alfreton Description Financial Analysis: Provide detailed financial analysis on revenue, costs, and profitability. Analyse sales data, pricing strategies, and product performance t... ",25,https://www.reed.co.uk/jobs/commercial-analyst/55478404
55401938,429606,Harper May Ltd,,,Finance Analyst,Covent Garden,55000.0,60000.0,GBP,22/08/2025,11/07/2025,"Harper May is partnering exclusively with a leading technology company that is seeking an experienced Financial Analyst to join its finance team. Operating at the forefront of the sector and poised for further expansion, the business offers a dynamic, innovative environment with excellent opportunities for growth and career progression. About the Company: Known for its cutting-edge solutions and market leadership, the company is experiencing rap... ",142,https://www.reed.co.uk/jobs/finance-analyst/55401938
55330123,418633,Shorterm Group,,,Network Analyst,Maidstone,28000.0,32000.0,GBP,12/08/2025,01/07/2025,"Role: Network Analyst Location: Maidstone - Onsite Salary: 28,000 - 32,000 DOE We are looking for a proactive and detail-oriented Network Analyst to support clean-water network operations by creating investigation packs, scheduling tasks, and coordinating the work of field crews and office-based technical teams. You will use GIS tools to compile accurate asset-investigation documentation, secure site access, and arrange traffic-management or roa... ",22,https://www.reed.co.uk/jobs/network-analyst/55330123
55501164,591484,Ripple Recruitment Ltd,,,QA Analyst,Wokingham,30000.0,35000.0,GBP,09/09/2025,29/07/2025,We are partnering with a well-established organisation seeking a skilled QA Analyst to join their dynamic IT team for a 6-month fixed-term contract. Location - Wokingham (min 3 days per week onsite) Duration - 6 Month Fixed Term Contract Responsibilities Develop and document test plans for software solutions produced by IT Software Development department. Experience with authoring test cases and executing them via Azure DevOps or any other test ... ,51,https://www.reed.co.uk/jobs/qa-analyst/55501164
55338517,331522,Harnham - Data & Analytics Recruitment,,,Digital Analyst,London,35000.0,45000.0,GBP,17/09/2025,02/07/2025,"DIGITAL ANALYST 35,000 - 45,000 LONDON - 3 DAYS A WEEK *Please note, this company is unable to sponsor, and you must be a UK resident to apply* THE COMPANY This health and beauty retailer is rapidly growing and is expanding in the Customer Digital Analytics team! This role is for someone roughly a year into their career, looking to become a Digital Ecommerce expert and learn from a really strong Digital team. THE ROLE You'll analyse the onsite c... ",99,https://www.reed.co.uk/jobs/digital-analyst/55338517
55469262,183792,Axon Moore Group Ltd,,,Commercial Analyst,Bolton,40000.0,45000.0,GBP,20/08/2025,23/07/2025,"Commercial Analyst | 40,000- 45,000 | Bolton |Hybrid and Flexible Working |&nbsp; Fast-growing, PE-backed business | Great team and working culture Axon Moore are exclusively partnering a rapidly-growing, PE-backed organisation in Bolton as they recruit for a Commercial Analyst. Reporting directly to the CFO, this role offers a unique opportunity to make a real impact by driving improvements across the business while being a value business partn... ",29,https://www.reed.co.uk/jobs/commercial-analyst/55469262
55397296,627382,REV & REGS LIMITED,,,Compliance Analyst,TN131AN,30000.0,33000.0,GBP,22/08/2025,11/07/2025,"Rev &amp; Regs are recruiting for a Compliance Analyst position for a well-established, and reputable law firm in Sevenoaks. With a friendly and warm team, they are one of the most highly regarded firms in the area. Responsibilities: The successful Compliance Analyst will undertake listed analysis - financial data, system tasks etc. Work closely with team members to complete compliance administration. Providing support to business areas on how t... ",47,https://www.reed.co.uk/jobs/compliance-analyst/55397296
55554151,485021,MLC Partners ,,,Income Analyst,London,64156.0,71148.0,GBP,04/09/2025,07/08/2025,"We’re looking for a detail-driven and strategic Income Analyst to join a dynamic NHS finance team. In this pivotal role, you’ll ensure all patient activity is accurately recorded and priced in line with the National Tariff Payment System (NTPS). Your analysis and insight will support senior decision-making, contributing directly to the delivery of high-quality care. If you enjoy working with complex datasets, resolving discrepancies, and deliver... ",9,https://www.reed.co.uk/jobs/income-analyst/55554151
55482730,477350,Michael Page Finance,,,FP&A Analyst,London,60000.0,75000.0,GBP,08/08/2025,25/07/2025,"The FP&amp;A Analyst role within the infrastructure industry offers an excellent opportunity to provide financial insights and support decision-making processes. This permanent position based in London is ideal for an individual with a strong background in FP&amp;A or Advisory. Client Details This organisation is recognised for its strategic importance in the sector. As a medium-sized company, it offers a professional and structured environment,... ",90,https://www.reed.co.uk/jobs/fp-a-analyst/55482730
55497425,664120,Robert Half,,,Valuation Analyst,Manchester,50000.0,55000.0,GBP,09/09/2025,29/07/2025,"Robert Half is working with a financial services firm to recruit a Valuations Analyst to join their growing Fund Finance team. This Manchester city centre based opportunity is ideal for someone with a financial services background or a practice professional who has audited financial services clients, looking to step into a dynamic, collaborative role within the investment management space.This is a hybrid role with 2 days in the office and 3 day... ",31,https://www.reed.co.uk/jobs/valuation-analyst/55497425
55455475,524744,Hays Specialist Recruitment Limited,,,Data Analytics Manager,Trowbridge,,,,18/08/2025,21/07/2025,"Hays are supporting a business in Wiltshire who are recruiting a permanent Data Analytics Manager. The salary on offer is c55k and hybrid working typically 2 or 3 days per week on site. In the role, you will support shaping business strategy through data and analytics and insights. You'll work closely with non-technical stakeholders across the organisation and specifically in marketing / sales. The role will be split between hands-on data analys... ",21,https://www.reed.co.uk/jobs/data-analytics-manager/55455475
55474603,55429,CMA Recruitment Group,,,FP&A Analyst,BH88AQ,45000.0,65000.0,GBP,04/09/2025,24/07/2025,"CMA Recruitment Group is partnering with a group of businesses in Bournemouth, Dorset, to hire an experienced FP&amp;A Analyst to support financial planning and analysis across multiple business units. The successful candidate will deliver accurate insights, reporting, and forecasting to enable data-driven decisions and help achieve financial targets. Initially this role will be responsible for one business unit, generating profits of 3-4m per y... ",12,https://www.reed.co.uk/jobs/fp-a-analyst/55474603
55513641,477350,Michael Page Finance,,,Finance Analyst,Market Harborough,40000.0,40000.0,GBP,14/08/2025,31/07/2025,"This is an excellent opportunity for a commercial Finance professional to join a thriving company based in Market Harborough. This role is pivotal in the Commercial planning process, contributing by drawing out insights by investigate and exploratory analysis to influence the business and improve performance. Client Details This business operates within the hospitality sector and is recognised for its commitment to innovation and growth. Part of... ",25,https://www.reed.co.uk/jobs/finance-analyst/55513641
55465172,645745,Matched Group,,,QA Analyst,EC4M5SB,55000.0,60000.0,GBP,03/09/2025,23/07/2025,"QA Analyst iOS, Android, Manual and Automated Testing Experience Required Why? start-up financial services, revolutionising the industry Location: Hybrid - 2 days in the office (Central London) Salary : 55,000 - 60,000 benefits Our Client A new UK-based financial services provider is launching credit card, personal loans and insurance offerings aimed at delivering fair, flexible, and user-friendly financial products to consumers. The organisatio... ",213,https://www.reed.co.uk/jobs/qa-analyst/55465172
55534979,664120,Robert Half,,,Financial Analyst,SE19SG,225.0,300.0,GBP,01/09/2025,04/08/2025,"Role: Our client is looking for immediate, temporary, Finance Analyst to assist them for 6 months. You be will be responsible for following duties: Be a business partner to the EMEA organisation, supporting them with financial analyses and insights that enables the team to make sound business decisions Clear understanding of the regional/channel P&amp;Ls, explaining growth drivers and deviations from budget to the regional leadership team and dr... ",82,https://www.reed.co.uk/jobs/financial-analyst/55534979
55548589,410852,Accountable Recruitment,,,Commercial Analyst,St. Helens,35000.0,35000.0,GBP,17/09/2025,06/08/2025,"Commercial Analyst Haydock 35,000 Are you someone who loves spotting trends, and finding ways to make things work better (and more profitably)? If you've got a commercial mindset and enjoy turning data into real-world results, this role could be right up your street. We're looking for someone who doesn't just crunch numbers but can also ask the right questions, challenge how things are done, and help us keep moving forward. Sound like you The Ro... ",7,https://www.reed.co.uk/jobs/commercial-analyst/55548589
55439866,368819,Positive Employment,,,Finance Analyst,Southampton,26.63,26.63,GBP,29/08/2025,18/07/2025,"Positive Employment is currently recruiting for a Finance Analyst for our client a local government organisation in Southampton. The successful candidate will support senior finance staff in providing strategic financial advice to the organisation. This will include the provision of business modelling, analysis of financial risk and financial management information in support of strong financial performance. The post provides insightful analysis... ",35,https://www.reed.co.uk/jobs/finance-analyst/55439866
55548982,432282,Oscar Technology,,,Pricing Analyst,Oldham,27000.0,30000.0,GBP,17/09/2025,06/08/2025,"Job Role: Pricing Analyst Salary: 25k - 30k. Training and clear salary progression paths provided Location: Oldham Work Pattern: Hybrid Skills: STEM Degree, SQL, Excel Summary A brand new role has opened for a junior / graduate Pricing Analyst to join a well-known retail business based just outside of Oldham. The role is being offered on a permanent basis, and a hybrid working pattern of 3 days a week onsite and 2 days working from home. The tea... ",7,https://www.reed.co.uk/jobs/pricing-analyst/55548982
55509915,524744,Hays Specialist Recruitment Limited,,,Finance Analyst,Wrexham,35000.0,40000.0,GBP,10/09/2025,30/07/2025,"Job Title: Finance Analyst Contract Type: Full-Time, Permanent Location: Chirk, Wrexham Salary: 40,000 per annum About Us This opportunity sits within a global leader in the manufacturing sector, known for its innovation, sustainability, and long-term investment in people and technology. With operations spanning multiple continents, the company plays a pivotal role in supplying high-quality materials to a wide range of industries.The Corporate F... ",16,https://www.reed.co.uk/jobs/finance-analyst/55509915
55537111,432293,MERJE Ltd,,,CDD Analyst,W1G0JD,45000.0,50000.0,GBP,15/09/2025,04/08/2025,"KYC/CDD Analyst – Investment Management Location: London Salary: 45,000 pa to 50,000 pa A leading investment firm looking to strengthen their Financial Crime Prevention function. They’re seeking an experienced KYC/CDD professional to play a pivotal role in client onboarding and ongoing due diligence across their UK and European operations. Overview of the Role You will focus on high-quality Know Your Customer (KYC) and Customer Due Diligence (CD... ",67,https://www.reed.co.uk/jobs/cdd-analyst/55537111
55453236,624591,Davies Talent Solutions,,,Reinsurance Analyst,EC4N6JJ,,,,18/08/2025,21/07/2025,"Join a Leading Independent Underwriting Business Are you ready to be part of a dynamic and entrepreneurial underwriting business operating at the heart of the Lloyd’s market? With ambitious growth plans, this is an exciting opportunity to join a forward-thinking organisation that values innovation, collaboration, and excellence. As part of a strategic initiative to centralise outwards reinsurance operational support, we are building a new Outwar... ",10,https://www.reed.co.uk/jobs/reinsurance-analyst/55453236
55375034,344195,Frazer Jones,,,Benefits Analyst,London,60000.0,70000.0,GBP,19/08/2025,08/07/2025,"A leading global private equity firm is seeking a polished and detail-oriented Benefits Analyst to join its high-performing HR Operations team. This is an exceptional opportunity to advance your career within a prestigious and fast-paced investment environment, offering broad international exposure across the UK, EMEA, and India . The successful candidate will play a key role in delivering a white-glove service to employees and stakeholders, ens... ",68,https://www.reed.co.uk/jobs/benefits-analyst/55375034
55398317,377106,Robert Walters,,,FP&A Analyst,M33EB,50000.0,55000.0,GBP,22/08/2025,11/07/2025,"An exciting opportunity has arisen for a Financial Planning and Analysis Analyst to join a leading organisation in Manchester, offering a highly competitive salary of 50,000 - 55,000. This role is perfect for someone who thrives on delivering meaningful insights that drive cost efficiency and strategic decision-making. What You'll Be Doing: As an FP&amp;A Analyst, you'll work closely with finance and non-finance teams to deliver meaningful insig... ",33,https://www.reed.co.uk/jobs/fp-a-analyst/55398317
55494160,524744,Hays Specialist Recruitment Limited,,,Commercial Analyst,London,35000.0,45000.0,GBP,08/09/2025,28/07/2025,"Your new company A leading organisation in the professional services sector, with a strong presence across the UK, US, and EMEA. The company is known for its collaborative culture and commitment to delivering high-quality financial insights that support strategic decision-making. You will be working in their modern offices, a short walk away from Moorgate station, working in their office 3 days per week. You will be reporting to the Head of Fina... ",89,https://www.reed.co.uk/jobs/commercial-analyst/55494160
55538750,672454,DX Network Services Limited,,,Commercial Administrator,CV107SA,28000.0,28000.0,GBP,16/09/2025,05/08/2025,"An exciting new Commercial Analyst opportunity at DX! Overall Purpose of Role To achieve profitable growth in the Express division by analysing customer quotes, supporting the Sales team and supporting with commercial projects Main Responsibilities: Analysing tariff sales quotations, discussion with the Sales team and production of customer service agreements. Support with bespoke quotations when requested by the Head of Commercial. Checking of ... ",16,https://www.reed.co.uk/jobs/commercial-administrator/55538750
55473168,666122,Atom Bank,,,Junior BI Engineer - 12m FTC,NE13PD,27000.0,33000.0,GBP,21/08/2025,24/07/2025,"What will your typical day look like? Different that’s for sure… Atom Bank is at the forefront of the fintech revolution, constantly redefining banking. We're making significant investments in our data model and management, and our growing Business Intelligence team is central to achieving our ambitious Data Strategy. We're looking for a talented and proactive Junior BI Engineer to join us on a 12-month Fixed Term Contract within our Lending Val... ",25,https://www.reed.co.uk/jobs/junior-bi-engineer-12m-ftc/55473168
55506100,575264,Reed,,,Financial Analyst,NR12GE,,,,13/08/2025,30/07/2025,"Management Accountant/Finance Analyst Location: &nbsp;Norwich, Office-based Job Type: &nbsp;Full-time, Temporary Salary: &nbsp; 17.40 - 17.95 per hour Working Hours: &nbsp;Monday to Friday, with an early finish on Fridays Reed Norwich Accountancy is looking for an experienced candidate to join our client's team on an on-going temporary position in a dynamic manufacturing environment as a Management Accountant/Finance Analyst. This role is crucia... ",15,https://www.reed.co.uk/jobs/financial-analyst/55506100
55535147,626303,The Portfolio Group,,,Jr Data Engineer,M44FB,25000.0,30000.0,GBP,01/09/2025,04/08/2025,"Our client is a dynamic and ambitious insurance company based in the heart of Manchester, and they're on the lookout for a talented Junior Data Engineer to help them drive data-led decisions as they scale. If you're passionate about transforming raw data into actionable insights and thrive in a collaborative, small-team environment - they'd love to meet you. 5 days on site | 30,000 per year What You'll Be Doing Assist our Data Engineer in develo... ",40,https://www.reed.co.uk/jobs/jr-data-engineer/55535147
55417494,563845,Adecco ,,,Lab Analyst,Petersfield,30000.0,30000.0,GBP,26/08/2025,15/07/2025,"Join Our Team as a Lab Analyst! Are you passionate about science and ready to make a difference? We are seeking a dedicated and enthusiastic Lab Analyst to join our dynamic team! If you have a flair for chemistry or biochemistry and thrive in a laboratory setting, this is the opportunity for you! Position: Lab Analyst Location: Petersfield Salary: 30,000.00 shift pay for 6-2 shift Duration: ASAP - August 2025 Shifts: Preferably 8:15 AM - 4:30 PM... ",42,https://www.reed.co.uk/jobs/lab-analyst/55417494
55305972,134670,Penguin Recruitment Ltd,,,Asbestos Analyst,South Yorkshire,30000.0,37000.0,GBP,08/08/2025,27/06/2025,"Asbestos Analyst Office based in Yorkshire Salary: 30,000, 37,000 (Experience Dependant) Travel: North The company are nearing 40 years of experience within the industry, solely focused on the entire testing and analysis process from start to finish. They have state-of-the-are mobile and in-house testing laboratories! Operating off a wide variety of commercial and domestic clients! My client is also in the market for an Asbestos Surveyor or Asbe... ",9,https://www.reed.co.uk/jobs/asbestos-analyst/55305972
55402109,416896,Mitchell Adam,,,Finance Analyst,Birmingham,32000.0,35000.0,GBP,22/08/2025,11/07/2025,"Overview Mitchell Adam are recruiting a dynamic and experienced Finance Analyst on behalf of our forward-thinking Retail client based in Solihull. With a unique product offering and thriving market trends, the business is undergoing rapid growth. A recent restructure has created the need for a commercially-minded Finance Analyst to join their expert and high-performing team. In this role, the Finance Analyst will be integral to the team, deliver... ",88,https://www.reed.co.uk/jobs/finance-analyst/55402109
55468912,429606,Harper May Ltd,,,Finance Analyst,Mayfair,60000.0,65000.0,GBP,03/09/2025,23/07/2025,"Harper May is exclusively partnering with a leading property and construction company currently entering a significant phase of growth. To support this expansion, the business is seeking an ambitious and commercially minded Finance Analyst to join its finance team. Working closely with the CFO and senior finance leadership, this role offers strong exposure to both operational and strategic finance. Role Overview: The Finance Analyst will play a ... ",119,https://www.reed.co.uk/jobs/finance-analyst/55468912
55557565,429606,Harper May Ltd,,,Finance Analyst,City of London,45000.0,50000.0,GBP,18/09/2025,07/08/2025,"Harper May is delighted to partner with a forward-thinking manufacturing business that’s redefining quality and innovation in the consumer durables space. With a strong emphasis on design, sustainability, and customer satisfaction, the company is expanding rapidly and now seeks a talented Finance Analyst to join its growing finance function. Role Overview: As Finance Analyst, you’ll support strategic planning through detailed financial analysis,... ",1,https://www.reed.co.uk/jobs/finance-analyst/55557565
55335338,520034,Sanderson,,,Test Analyst,Bristol,250.0,300.0,GBP,13/08/2025,02/07/2025,"Test Analyst 3-month initial contract Bristol based - Hybrid 300 per day - umbrella engagement I am currently working with a client who is seeking a Test Analyst with a strong background in Network or Infrastructure projects. The successful candidate will play a key role in planning, executing, and reporting on User Acceptance Testing (UAT) and end-user device testing, ensuring minimal disruption to users across the organisation. Key Requirement... ",178,https://www.reed.co.uk/jobs/test-analyst/55335338
55496232,402975,Marks Sattin,,,Settlements Analyst,West Yorkshire,30000.0,45000.0,GBP,09/09/2025,29/07/2025,"A dynamic and growing energy business is looking to recruit a Settlements Analyst to join its commercial operations team. This is a great opportunity for someone looking to gain experience in the GB energy market and work closely with trading, finance, and risk teams. Key Responsibilities: Ensure accurate trade booking and confirmations Investigate and resolve settlement discrepancies with counterparties Assist in the development of reporting an... ",25,https://www.reed.co.uk/jobs/settlements-analyst/55496232
55551475,306957,Become,,,Product Analyst,London,550.0,650.0,GBP,05/09/2025,06/08/2025,"Hi, I'm excited to share that one of our clients in London is hiring for a Product Analyst. Below are the job details. If you're interested, please send your CV to apply. Title: Product Analyst - Interest Rate Derivatives (Banking &amp; Finance Domain) Location: London Duration: 2 months contract (pat cover) Job Type: Hybrid (3 days onsite and 2 days remote) Overview We are seeking a Product Analyst with deep expertise in the Banking and Finance... ",13,https://www.reed.co.uk/jobs/product-analyst/55551475
55453414,584132,Cobb & Jones Recruitment Limited,,,AP&A Analyst,Ashford,45000.0,49000.0,GBP,01/09/2025,21/07/2025,"Are you a newly qualified accountant or an experienced FP&amp;A professional looking to make a real impact in a dynamic, fast-paced environment? This is your opportunity to join a market-leading organisation that plays a vital role our FMCG industry. With a hybrid working model and a strong focus on collaboration, insight, and continuous improvement, this role offers the perfect platform to grow your career in financial planning and analysis. Ro... ",3,https://www.reed.co.uk/jobs/ap-a-analyst/55453414
55428727,524744,Hays Specialist Recruitment Limited,,,Systems Analyst,Farnborough,500.0,500.0,GBP,27/08/2025,16/07/2025,"Systems Analyst - 500 per day inside IR35 - 2 days per week in Farnborough, Hampshire I am working with a key client who have a requirement for a number of Systems Analysts to work on IT projects within their Financial Services section. As a Systems Analyst within you'll be responsible for undertaking complex research and analysis to define solutions, and support design and development. You'll create key Agile artefacts including user stories, c... ",16,https://www.reed.co.uk/jobs/systems-analyst/55428727
55441116,524441,INTEC SELECT LIMITED,,,Security Analyst,PE11QL,,,,29/08/2025,18/07/2025,"Security Analyst / SOC Analyst Contract 475 PD (Inside IR35) – 6 months 2-3 days onsite Peterborough Overview An excellent opportunity has arisen with a global brand for a Security Analyst / SOC Analyst on a 6-month Contract basis. You’ll play a key role in security operations, vulnerability management, compliance auditing, and incident response, ensuring robust security for cloud services across UK data centres. Role and Responsibilities Manage... ",50,https://www.reed.co.uk/jobs/security-analyst/55441116
55476022,331522,Harnham - Data & Analytics Recruitment,,,Lead Data Scientist,Manchester,80000.0,110000.0,GBP,04/09/2025,24/07/2025,"Lead Data Scientist - LLMs - Remote In this role, you'll lead cross-functional data science projects from concept to delivery, working on a range of challenges-from machine learning and GenAI to speech-to-text applications. You'll play a key role in transforming complex data into clear insights that inform decisions and create measurable business outcomes. This is a hands-on leadership position that blends technical depth, team collaboration, an... ",33,https://www.reed.co.uk/jobs/lead-data-scientist/55476022
55515465,262881,Pure Resourcing Solutions,,,Finance Analyst,Cambridge,25.0,30.0,GBP,11/09/2025,31/07/2025,"We’re currently recruiting a Finance Analyst on behalf of a prestigious Cambridge based institution, this is a temporary position initially for 6 months. This is a rare chance to be at the heart of a forward-thinking finance division, delivering impact across a large and complex organisation. You’ll support during the finance transformation programme while the organisation look at current processes and support them to improve cost transparency a... ",18,https://www.reed.co.uk/jobs/finance-analyst/55515465
55482542,477350,Michael Page Finance,,,Treasury Analyst,Brighton,36000.0,40000.0,GBP,15/08/2025,25/07/2025,"As a Cash Management/Treasury Analyst, you will oversee daily cash flow activities and support financial operations within the Insurance industry. This Brighton based role requires strong analytical skills and attention to detail to ensure seamless cash management processes. Client Details This opportunity is with a well-established company in the Insurance industry. Operating as a large organization, they are known for their expertise in Accoun... ",30,https://www.reed.co.uk/jobs/treasury-analyst/55482542
55355686,393766,Marc Daniels,,,FP&A Analyst,London,60000.0,670000.0,GBP,15/08/2025,04/07/2025,"A fantastic opportunity has arisen for an FP&amp;A Analyst to join a fast-growing Property &amp; Construction business based in Central London. This role offers excellent hybrid working options and exceptional progression opportunities. You'll be part of a high-impact team at the heart of our strategic investment decisions. If you want to influence how we grow and where we invest, this is your chance to make a difference. This role would suit an... ",99,https://www.reed.co.uk/jobs/fp-a-analyst/55355686
55547225,410852,Accountable Recruitment,,,FP&A Analyst,Widnes,40000.0,45000.0,GBP,17/09/2025,06/08/2025,"FP&amp;A Analyst (Part-Qualified) Location: Widnes - Hybrid (3 days office / 2 days remote) Salary: 40,000 - 45,000 Join a Global Business - Make a Real Impact Take your career to the next level with a global business where you'll have the chance to make a real impact, work with some great tools, and grow in a fast-paced but supportive environment. This company isn't just about moving things from A to B - they're a key part of making everyday li... ",8,https://www.reed.co.uk/jobs/fp-a-analyst/55547225
55401212,398555,Erin Associates,,,BI Analyst,Liverpool,35000.0,40000.0,GBP,12/09/2025,11/07/2025,"Business Intelligence Analyst – Liverpool – 2-4 times a month in the office DAX, Power BI, SQL, Analyst, Dashboards, BI Analyst, Liverpool, Formby, Merseyside, Birkenhead, Chester, Warrington This highly successful and growing organisation are looking to add an experienced&nbsp;BI Analyst with solid skills in SQL, Power and DAX skills&nbsp;to their IT team. The successful&nbsp;BI Analyst will be part of a dynamic IT team with the ability to work... ",108,https://www.reed.co.uk/jobs/bi-analyst/55401212
55552127,331522,Harnham - Data & Analytics Recruitment,,,Junior Analyst,London,28000.0,35000.0,GBP,17/09/2025,06/08/2025,"JUNIOR ANALYST 28,000 - 35,000 HYBRID - LONDON - 2X A WEEK *Please note, this company is unable to offer sponsorship at this time and you must be a UK resident* THE COMPANY This small but growing Digital agency works with brands to transform their data, making it accessible for the wider business. They provide meaningful and commercially viable insights through reports and dashboards. THE ROLE You'll provide insight into the Digital performance ... ",35,https://www.reed.co.uk/jobs/junior-analyst/55552127
55391563,430580,iMultiply Resourcing Ltd ,,,Payroll Analyst,G11PA,28000.0,34000.0,GBP,21/08/2025,10/07/2025,"iMultiply are seeking an experienced Payroll Analyst to join the growing payroll team of a well-known, national accountancy practice. This is a fantastic opportunity for a motivated, detail-oriented professional who enjoys working in a dynamic and people-focused environment. You'll play a key role in delivering high-quality payroll services, building and maintaining client relationships, and supporting the ongoing development of the team. The Ro... ",19,https://www.reed.co.uk/jobs/payroll-analyst/55391563
55556329,177752,KCR Solutions,,,Finance Analyst,Gateshead,35000.0,40000.0,GBP,18/09/2025,07/08/2025,"KCR Solutions are working in partnership with a leading manufacturing organisation to recruit a driven and dynamic Finance Analyst. This is a prime opportunity for an AAT-qualified individual actively pursuing or planning to pursue CIMA, eager to grow within a forward-thinking and supportive environment. Key Responsibilities: Conduct in-depth financial analysis to inform strategic and operational decision-making Extract, interpret, and present d... ",1,https://www.reed.co.uk/jobs/finance-analyst/55556329
55460211,659815,Newto Training,,,Data Analyst Associate - no experience necessary - job guarantee,United Kingdom,,,,02/09/2025,22/07/2025,"Are you ready to start a new career in Data Analysis? The demand for Data Analysts has grown by 20% annually, with experienced professionals earning salaries upwards of 58,000. In today’s digital world, data is critical to business decision-making, making the role of a Data Analyst indispensable. As skills shortages continue to grow, the demand for qualified entry-level professionals is on the rise. With our Data Analytics career programme we wi... ",15,https://www.reed.co.uk/jobs/data-analyst-associate-no-experience-necessary-job-guarantee/55460211
55479030,631431,Zenzo Digital,,,Business Analyst - Data Focus (Junior/Graduate),CB10AN,35000.0,40000.0,GBP,05/09/2025,25/07/2025,"About the Role Our client are a market leader in their sector and we are seeking a motivated and analytical Graduate/Junior Business Analyst with a strong focus on data as part of a wider Digital Transformation Programme. This role plays a critical part in enabling the business to make better data-driven decisions, improving both operational and strategic outcomes. The ideal candidate will have at least 1-2 years of experience in a Business Anal... ",60,https://www.reed.co.uk/jobs/business-analyst-data-focus-junior-graduate/55479030
55532808,556239,In2 Consult,,,FP&A Analyst,Wokingham,350.0,400.0,GBP,15/09/2025,04/08/2025,"Interim FP&amp;A Analyst- Wokingham (Hybrid)- 350- 400 Per Day- 3-6 Month Interim Contract- ACCA/ACA/CIMA Fully Qualified- FP&amp;A Experience We are seeking an experienced and commercially minded Interim FP&amp;A Analyst to join a key client and play a key role in driving financial planning and performance across the business. This is a hands-on role suited to a fully qualified ACCA, ACA, or CIMA professional with proven experience in budgeting... ",44,https://www.reed.co.uk/jobs/fp-a-analyst/55532808
55301844,408531,Aspire Data Recruitment,,,Data & Analytics Executive,E130AL,40000.0,45000.0,GBP,07/08/2025,26/06/2025,"Data &amp; Analytics Executive London - Hybrid (3 days in the office) to 45,000 bonus &amp; benefits The role is for an ambitious data analyst eager to take ownership and make an impact. Reporting to the Analytics Manager, who leads advanced data and analytics for research strategy projects and initiatives, you’ll be exposed to wide variety of leading global brands spanning different market sectors. Working collaboratively with the Research and ... ",97,https://www.reed.co.uk/jobs/data-analytics-executive/55301844
55490304,514667,Greencore,,,Category Manager 12 month FTC,Leeds,,,,25/08/2025,28/07/2025,"Vacancy: Category Manager (12 month FTC) Locations: Leeds Why Greencore? We're a leading manufacturer of convenience food in the UK and our purpose is to make everyday taste better. We're a vibrant, fast-paced leading food manufacturer. Employing 13,300 colleagues across 16 manufacturing units and 17 distribution depots across the UK. We supply all the UK's food retailers with everything from Sandwiches, soups and sushi to cooking sauces, pickle... ",3,https://www.reed.co.uk/jobs/category-manager-12-month-ftc/55490304
55535148,626303,The Portfolio Group,,,Jr Data Engineer,M44FB,25000.0,30000.0,GBP,15/09/2025,04/08/2025,"Our client is a dynamic and ambitious insurance company based in the heart of Manchester, and they're on the lookout for a talented Junior Data Engineer to help them drive data-led decisions as they scale. If you're passionate about transforming raw data into actionable insights and thrive in a collaborative, small-team environment - they'd love to meet you. 5 days on site | 30,000 per year What You'll Be Doing Assist our Data Engineer in develo... ",29,https://www.reed.co.uk/jobs/jr-data-engineer/55535148
55474347,472032,Proactive Appointments,,,Helpdesk Analyst,B904SH,22000.0,25000.0,GBP,04/09/2025,24/07/2025,"Helpdesk Analyst We are seeking a motivated and customer-focused IT Support Technician to provide technical assistance to external and internal end users&nbsp;. You will be the first point of contact for resolving technical issues related to hardware, software, and network systems. This role requires excellent communication and organizational skills to effectively manage and prioritize support requests while delivering a high level of service. K... ",58,https://www.reed.co.uk/jobs/helpdesk-analyst/55474347
55420238,623282,Randstad Delivery (GBS),,,laboratory Analyst,Abingdon,30000.0,32000.0,GBP,26/08/2025,15/07/2025,Job Title: Senior analyst Location: Abingdon Contract: August 2025-November 2025 Job type: Part-time Timings: 9am-3pm Word Mode: Onsite Client aim is to bring exceptional teams of experts and industry leading technologies to support diagnostic testing which provides important information for treatment and management of diseases and other conditions. The position of Senior Analyst is within our client Rapid Diagnostics laboratory located at Abing... ,58,https://www.reed.co.uk/jobs/laboratory-analyst/55420238
55513499,388111,Avanti,,,Financial Analyst,EC2A1AF,60000.0,80000.0,GBP,11/09/2025,31/07/2025,"Financial Analyst – Commercial Real Estate | London | 60,000 - 80,000 Bonus An exciting opportunity to join a fast-growing FinTech business at the forefront of commercial real estate analytics. This is a high-impact, client-facing role where you'll work with leading financial institutions and directly influence investment decisions through advanced modelling and data analysis. The Company: A specialist in commercial real estate (CRE) risk and an... ",57,https://www.reed.co.uk/jobs/financial-analyst/55513499
55547313,464685,Lorien,,,"Data Analyst Power BI, Azure - Near Edinburgh Hybrid",EH24QZ,,,,17/09/2025,06/08/2025,"Data Analyst (Power BI, Azure) - Near Edinburgh Hybrid Having placed a number of people into their teams ourselves, Lorien's long standing client based near Edinburgh - a leader in their industry with a growing and consistently award-winning product line - have asked us to help them in their searches for a Data Analyst to join their team on a permanent basis. This key individual will take in information from a variety of sources, and help to tra... ",27,https://www.reed.co.uk/jobs/data-analyst-power-bi-azure-near-edinburgh-hybrid/55547313
55436422,308925,Vitae Financial Recruitment Limited,,,Commercial Analyst,London,55000.0,60000.0,GBP,28/08/2025,17/07/2025,"Commercial Analyst 55,000 - 60,000 Bonus and Benefits London (Hybrid - 1-2 days in the office) Our client, an expansive and forward thinking enterprise based on the outskirts of London is looking for an intelligent, quick thinking and ambitious individual looking to develop an already impressive skill set. The successful candidate will have had exposure to a fast moving office and sector where initiative and creative thought processes are encour... ",31,https://www.reed.co.uk/jobs/commercial-analyst/55436422
55482467,55429,CMA Recruitment Group,,,FP&A Analyst,BH88AQ,45000.0,65000.0,GBP,05/09/2025,25/07/2025,"CMA Recruitment Group is partnering with a group of businesses in Bournemouth, Dorset, to hire an experienced FP&amp;A Analyst to support financial planning and analysis across multiple business units. The successful candidate will deliver accurate insights, reporting, and forecasting to enable data-driven decisions and help achieve financial targets. Initially this role will be responsible for one business unit, generating profits of 3-4m per y... ",13,https://www.reed.co.uk/jobs/fp-a-analyst/55482467
55429616,400656,Clear IT Recruitment Limited ,,,Investment Analyst,SW1P1JP,40000.0,50000.0,GBP,27/08/2025,16/07/2025,"My client is a leading European investor providing flexible debt solutions to high-growth technology and life sciences businesses. With over a decade of experience, the firm has supported more than 200 companies across multiple European markets and continues to expand rapidly, adding new portfolio companies every month. Operating at the intersection of venture capital and structured finance, this firm partners with some of Europe’s most exciting... ",112,https://www.reed.co.uk/jobs/investment-analyst/55429616
55392959,273121,Atrium Workforce Solutions Ltd,,,Government/ Elections/Politics Data Operations Manager/Research Analyst,EC2R5AN,,,,21/08/2025,10/07/2025,"Contract Role - Government/ Elections/Politics Data Operations Manager/Research Analyst - London/Onsite - 12 Months Initial - Inside IR35 PAYE We are seeking an exceptional Government/ Elections/Politics Data Operations Manager/Research Analyst to join the team supports all government, elections and nonprofit partners globally and that is done through a backbone of several interconnected data sets to identify this dynamic audience. This role is ... ",52,https://www.reed.co.uk/jobs/government-elections-politics-data-operations-manager-research-analyst/55392959
55473794,636519,Ad Warrior,,,Finance Analyst,Lewes,32000.0,37000.0,GBP,04/09/2025,24/07/2025,"Finance Analyst Location: Lewes - Hybrid working available Salary: 32,000 - 37,000 per annum DOE Hours : Monday to Friday, 37 hours per week Vacancy Type: Permanent, Full Time The Role At the organisation, finance is more than processing numbers, it’s about supporting a cause that creates more possibilities for children and young people with complex disabilities. You’ll be joining a collaborative, values-led organisation where your work is value... ",7,https://www.reed.co.uk/jobs/finance-analyst/55473794
55459545,623891,ALH Recruitment Ltd,,,Data Solutions Coordinator,PE100AA,,,,02/09/2025,22/07/2025,"Data Solutions Coordinator - Bourne - Attractive package ALH Recruitment are looking to recruit a Data Solutions Coordinator position with immediate effect for our client who continue to dominate their market nationwide. Data Solutions Coordinator: In this role, you will engage with a diverse array of data tasks, including magazine mailing runs, data analysis, maintaining CRM systems and various technical tasks across other software, allowing yo... ",6,https://www.reed.co.uk/jobs/data-solutions-coordinator/55459545
55474392,72731,FRS Ltd,,,FP&A Analyst,MK91AA,45000.0,50000.0,GBP,04/09/2025,24/07/2025,"Job Title: FP&amp;A Analyst My client is undergoing an exciting period of transformation. To support their continued growth and enhance their strategic financial capabilities, they are seeking a dedicated FP&amp;A Analyst. This pivotal role will initially focus on shaping and controlling their upcoming budget process, with a significant emphasis on aligning and consolidating data from multiple systems and platforms. The Opportunity: This is a un... ",13,https://www.reed.co.uk/jobs/fp-a-analyst/55474392
55462344,9721,Petrie Recruitment,,,Pricing Analyst,CF237HB,50000.0,55000.0,GBP,02/09/2025,22/07/2025,Job title of vacancy: Pricing Analyst Salary / Benefits etc.: Salary 50k - 55k Job Elements: - To be the first point of contact for pricing when tendering for new and existing business (Requests for Proposals (RFPs) and contract renewals) and co-ordinate the bid process. To create pricing models based on the customer requirements and the Company’s ability to provide profitable business. To support the Commercial Director with the contract manage... ,6,https://www.reed.co.uk/jobs/pricing-analyst/55462344
55320548,377106,Robert Walters,,,Senior Data Engineer,Birmingham,,,,11/08/2025,30/06/2025,"Senior Data Engineer Remote 70,000 to 80,000 per annum Permanent Our client is seeking a Senior Data Engineer to join their data team in a leading UK SaaS firm. Senior Data Engineer - What will you be doing? * Leading the design and implementation of robust and scalable data architecture solutions. * Driving the implementation of data integration processes to seamlessly ingest data, leveraging Azure. * Promoting data quality, reliability and int... ",130,https://www.reed.co.uk/jobs/senior-data-engineer/55320548
55311312,389257,Morgan McKinley,,,FP&A Analyst,London,45000.0,50000.0,GBP,09/08/2025,28/06/2025,"Morgan McKinley are currently working with a privately-owned, international group of universities and colleges. They are looking for an FP&amp;A Analyst to start ASAP on a 12 mth FTC. Responsibilities will include.. - Support the Senior Finance Business Partner in working with the Commercial management team on the production of the Commercial budget, from liaising across the full international breadth of the Commercial team to confirm student re... ",103,https://www.reed.co.uk/jobs/fp-a-analyst/55311312
55469588,520857,BTG Recruitment,,,FP&A Analyst,LE651AF,45000.0,50000.0,GBP,23/08/2025,23/07/2025,"FP&amp;A Analyst – Hybrid – 50,000 Benefits Ashby-de-la-Zouch | International Engineering Group | SAP Rollout Project Are you a commercially minded finance professional looking to step into a true business-facing FP&amp;A role? A well-established international engineering business is looking for an ambitious FP&amp;A Analyst to join its UK finance team. This role blends hands-on forecasting, budgeting, and project analysis with strategic plannin... ",25,https://www.reed.co.uk/jobs/fp-a-analyst/55469588
55513642,524744,Hays Specialist Recruitment Limited,,,Financial Analyst,London,40000.0,50000.0,GBP,11/09/2025,31/07/2025,"Your new company A leading consultancy in the professional services sector, with a strong presence across the UK, US, and EMEA. The company is known for its collaborative culture and commitment to delivering high-quality financial insights that support strategic decision-making. Based in the City of London, they offer a working pattern of 3 days in the office per week, and two days from home after successful completion of probation. Your new rol... ",80,https://www.reed.co.uk/jobs/financial-analyst/55513642
55490304,514667,Greencore,,,Category Manager 12 month FTC,Leeds,,,,25/08/2025,28/07/2025,"Vacancy: Category Manager (12 month FTC) Locations: Leeds Why Greencore? We're a leading manufacturer of convenience food in the UK and our purpose is to make everyday taste better. We're a vibrant, fast-paced leading food manufacturer. Employing 13,300 colleagues across 16 manufacturing units and 17 distribution depots across the UK. We supply all the UK's food retailers with everything from Sandwiches, soups and sushi to cooking sauces, pickle... ",3,https://www.reed.co.uk/jobs/category-manager-12-month-ftc/55490304
55420238,623282,Randstad Delivery (GBS),,,laboratory Analyst,Abingdon,30000.0,32000.0,GBP,26/08/2025,15/07/2025,Job Title: Senior analyst Location: Abingdon Contract: August 2025-November 2025 Job type: Part-time Timings: 9am-3pm Word Mode: Onsite Client aim is to bring exceptional teams of experts and industry leading technologies to support diagnostic testing which provides important information for treatment and management of diseases and other conditions. The position of Senior Analyst is within our client Rapid Diagnostics laboratory located at Abing... ,58,https://www.reed.co.uk/jobs/laboratory-analyst/55420238
55547313,464685,Lorien,,,"Data Analyst Power BI, Azure - Near Edinburgh Hybrid",EH24QZ,,,,17/09/2025,06/08/2025,"Data Analyst (Power BI, Azure) - Near Edinburgh Hybrid Having placed a number of people into their teams ourselves, Lorien's long standing client based near Edinburgh - a leader in their industry with a growing and consistently award-winning product line - have asked us to help them in their searches for a Data Analyst to join their team on a permanent basis. This key individual will take in information from a variety of sources, and help to tra... ",27,https://www.reed.co.uk/jobs/data-analyst-power-bi-azure-near-edinburgh-hybrid/55547313
55429616,400656,Clear IT Recruitment Limited ,,,Investment Analyst,SW1P1JP,40000.0,50000.0,GBP,27/08/2025,16/07/2025,"My client is a leading European investor providing flexible debt solutions to high-growth technology and life sciences businesses. With over a decade of experience, the firm has supported more than 200 companies across multiple European markets and continues to expand rapidly, adding new portfolio companies every month. Operating at the intersection of venture capital and structured finance, this firm partners with some of Europe’s most exciting... ",112,https://www.reed.co.uk/jobs/investment-analyst/55429616
55392959,273121,Atrium Workforce Solutions Ltd,,,Government/ Elections/Politics Data Operations Manager/Research Analyst,EC2R5AN,,,,21/08/2025,10/07/2025,"Contract Role - Government/ Elections/Politics Data Operations Manager/Research Analyst - London/Onsite - 12 Months Initial - Inside IR35 PAYE We are seeking an exceptional Government/ Elections/Politics Data Operations Manager/Research Analyst to join the team supports all government, elections and nonprofit partners globally and that is done through a backbone of several interconnected data sets to identify this dynamic audience. This role is ... ",52,https://www.reed.co.uk/jobs/government-elections-politics-data-operations-manager-research-analyst/55392959
55320548,377106,Robert Walters,,,Senior Data Engineer,Birmingham,,,,11/08/2025,30/06/2025,"Senior Data Engineer Remote 70,000 to 80,000 per annum Permanent Our client is seeking a Senior Data Engineer to join their data team in a leading UK SaaS firm. Senior Data Engineer - What will you be doing? * Leading the design and implementation of robust and scalable data architecture solutions. * Driving the implementation of data integration processes to seamlessly ingest data, leveraging Azure. * Promoting data quality, reliability and int... ",130,https://www.reed.co.uk/jobs/senior-data-engineer/55320548
55311312,389257,Morgan McKinley,,,FP&A Analyst,London,45000.0,50000.0,GBP,09/08/2025,28/06/2025,"Morgan McKinley are currently working with a privately-owned, international group of universities and colleges. They are looking for an FP&amp;A Analyst to start ASAP on a 12 mth FTC. Responsibilities will include.. - Support the Senior Finance Business Partner in working with the Commercial management team on the production of the Commercial budget, from liaising across the full international breadth of the Commercial team to confirm student re... ",103,https://www.reed.co.uk/jobs/fp-a-analyst/55311312
55469588,520857,BTG Recruitment,,,FP&A Analyst,LE651AF,45000.0,50000.0,GBP,23/08/2025,23/07/2025,"FP&amp;A Analyst – Hybrid – 50,000 Benefits Ashby-de-la-Zouch | International Engineering Group | SAP Rollout Project Are you a commercially minded finance professional looking to step into a true business-facing FP&amp;A role? A well-established international engineering business is looking for an ambitious FP&amp;A Analyst to join its UK finance team. This role blends hands-on forecasting, budgeting, and project analysis with strategic plannin... ",25,https://www.reed.co.uk/jobs/fp-a-analyst/55469588
55493949,584537,Butler Rose,,,FP&A Analyst,Devon,60000.0,70000.0,GBP,08/09/2025,28/07/2025,"Interim FP&amp;A Analyst Job Our client is entering a transformative phase as we prepare to become part of a larger US-based organisation. This transition brings both exciting opportunities and significant change. To help navigate this period, we're seeking an experienced and adaptable FP&amp;A Analyst to join our small but busy FP&amp;A team for a period of 6 months. This role is ideal for a finance professional who thrives in fast-paced, evolv... ",8,https://www.reed.co.uk/jobs/fp-a-analyst/55493949
55554177,183792,Axon Moore Group Ltd,,,M&A Analyst,Chorley,27000.0,32000.0,GBP,04/09/2025,07/08/2025,"M&amp;A Analyst | 27,000 - 32,000 Study Support | Chorley Hybrid (Largely Remote) |&nbsp; Rapidly-growing, PE backed business | Progression routes available Axon Moore are proud to be working alongside a rapidly-growing, PE-backed business in Chorley as they recruit for an aspiring Chartered Accountant, with a keen interest in M&amp;A, to play a leading role assessing the financial implications of business decisions to aid growth and profitabili... ",5,https://www.reed.co.uk/jobs/m-a-analyst/55554177
55338694,539268,Kenneth Brian Associates Limited,,,Financial Analyst,Reigate,50000.0,60000.0,GBP,13/08/2025,02/07/2025,"Kenneth Brian Associates are partnering with a leading services organisation based in Dorking who due to substantial growth are seeking to hire an experienced MI Manager with advanced reporting skills. We are seeking a skilled MI Manager to oversee the automation of data extraction from multiple systems and to ensure operational &amp; financial reports are consistent, accurate, accessible, engaging and designed for effective decision-making with... ",29,https://www.reed.co.uk/jobs/financial-analyst/55338694
55556836,528796,The Scouts Association,,,QA Analyst,E47QW,34462.37,34462.37,GBP,18/09/2025,07/08/2025,"Title:&nbsp; &nbsp; &nbsp; &nbsp; &nbsp; &nbsp; &nbsp; &nbsp; &nbsp; &nbsp; &nbsp; &nbsp; &nbsp;QA&nbsp; Analyst Base Location:&nbsp; &nbsp; &nbsp; &nbsp;&nbsp; Gilwell Park (Hybrid), Chingford, London. Term:&nbsp; &nbsp; &nbsp; &nbsp; &nbsp; &nbsp; &nbsp; &nbsp; &nbsp; &nbsp; &nbsp; &nbsp; Fi xed Term until 30th May&nbsp;2026&nbsp; &nbsp; &nbsp; &nbsp; &nbsp; &nbsp; &nbsp; &nbsp; &nbsp; &nbsp; &nbsp; &nbsp; &nbsp; &nbsp; &nbsp; &nbsp; &nbsp; &n... ",1,https://www.reed.co.uk/jobs/qa-analyst/55556836
55391692,524744,Hays Specialist Recruitment Limited,,,Reward Analyst,London,,,,21/08/2025,10/07/2025,"Key Responsibilities: Support the analysis and implementation of new reward and benefits strategies as part of a major transformation programme. Assist with benchmarking, salary reviews, and job evaluation processes to ensure fairness and competitiveness. Provide clear, data-driven insights to inform decision-making across the organisation. Contribute to the development of cost-effective reward solutions that align with business goals. Collabora... ",36,https://www.reed.co.uk/jobs/reward-analyst/55391692
55385341,446962,The Advocate Group,,,Category Analyst,EC2A1AE,35000.0,40000.0,GBP,20/08/2025,09/07/2025,"Are you a commercially driven&nbsp;Category Analyst&nbsp;looking to make a real impact in a dynamic, tech-enabled environment? We’re partnering with a leading business in the office products space to find a talented individual to take the reins of a key product category. This well-established and innovative business operates within the Consumer and Business Products sector, providing a unique blend of technology, service, and supply solutions. I... ",37,https://www.reed.co.uk/jobs/category-analyst/55385341
55442735,346660,Simply 360 Search Ltd,,,FP&A Analyst,London,45000.0,50000.0,GBP,29/08/2025,18/07/2025,"Location: London (Hybrid - 2 days in the office) Salary: 50,000 Bonus Study Support Reporting to: Head of Finance The Opportunity Our client, a high-profile strategic communications consultancy with a global reach, is seeking a commercially-minded FP&amp;A Analyst to join their London team. This role reports into the Head of Finance and will play a central part in the financial planning, analysis, and reporting that supports the firm’s continued... ",96,https://www.reed.co.uk/jobs/fp-a-analyst/55442735
55445665,575264,Reed,,,Procurement Analyst,SE10LL,46000.0,50000.0,GBP,19/08/2025,19/07/2025,"Join a respected public sector organisation in central London in a key analytical role, transforming procurement data into actionable insights that drive strategic decisions and improve performance.&nbsp; This is an excellent opportunity to contribute to meaningful public service work in a dynamic, data-driven environment. Benefits include: Hybrid working (2 days office, 3 days WFH) 26 days’ annual leave bank holidays Additional leave between Ch... ",67,https://www.reed.co.uk/jobs/procurement-analyst/55445665
55411372,524744,Hays Specialist Recruitment Limited,,,Finance Analyst,Ipswich,45000.0,50000.0,GBP,11/08/2025,14/07/2025,"Your new company Hays are working in partnership with a highly reputable legal firm with a national presence to recruit a new member of their finance and data team. This company holds themselves to extremely high standards in both the offering they provide to their customers, as well as the highest professional and ethical standards. They have a people focus at the heart of everything they do and want to support the goals of their customers and ... ",28,https://www.reed.co.uk/jobs/finance-analyst/55411372
55410630,662593,Tenth Revolution Group,,,Support Analyst,Cambridge,25000.0,30000.0,GBP,25/08/2025,14/07/2025,"I'm recruiting for a Support professional to join a join a growing business in Cambridge - it' a hybrid role, with 3 days per week in the office to collaborate with your team and the wider business. You'll work as part of a business support team to provide day-to-day user support for various software and systems, ensuring that business operations run as efficiently as possible. This is a varied role, involving a mix of 1st line support, data ana... ",43,https://www.reed.co.uk/jobs/support-analyst/55410630
55365984,457096,McGregor Boyall,,,Data Engineer,London,60000.0,65000.0,GBP,18/08/2025,07/07/2025,"Data Engineer | 60-65K | London (5 days p/w Onsite) Build a greenfield data platform from scratch! This logistics company is halfway through a massive digital transformation. Legacy monoliths are being dismantled, replaced with a clean, cloud-native, modular stack - and the new data team is central to making it all talk. You'll be working directly with their Head of Data, building Azure-based pipelines from the ground up, and shaping how the com... ",153,https://www.reed.co.uk/jobs/data-engineer/55365984
55425649,575264,Reed,,,HR Analyst,RH108JE,,,,16/08/2025,16/07/2025,"Reed HR are working with a growing technology company who are seeking an experienced HR Analyst to join their team on an ongoing temporary basis to support on a transition period as they implement a new HR system.&nbsp; The HR Analyst will... Support the delivery of the annual pay award – management of the process, data sets and driving deadlines. Management of our day-to-day analytics required around pay and benefits – set up and maintenance of... ",31,https://www.reed.co.uk/jobs/hr-analyst/55425649
55425640,575264,Reed,,,HR Analyst,CR04UZ,,,,16/08/2025,16/07/2025,"Reed HR are working with a growing technology company who are seeking an experienced HR Analyst to join their team on an ongoing temporary basis to support on a transition period as they implement a new HR system.&nbsp; The HR Analyst will... Support the delivery of the annual pay award – management of the process, data sets and driving deadlines. Management of our day-to-day analytics required around pay and benefits – set up and maintenance of... ",63,https://www.reed.co.uk/jobs/hr-analyst/55425640
55425635,575264,Reed,,,HR Analyst,RH164EX,,,,16/08/2025,16/07/2025,"Reed HR are working with a growing technology company who are seeking an experienced HR Analyst to join their team on an ongoing temporary basis to support on a transition period as they implement a new HR system.&nbsp; The HR Analyst will... Support the delivery of the annual pay award – management of the process, data sets and driving deadlines. Management of our day-to-day analytics required around pay and benefits – set up and maintenance of... ",22,https://www.reed.co.uk/jobs/hr-analyst/55425635
55425650,575264,Reed,,,HR Analyst,BN11AA,,,,16/08/2025,16/07/2025,"Reed HR are working with a growing technology company who are seeking an experienced HR Analyst to join their team on an ongoing temporary basis to support on a transition period as they implement a new HR system.&nbsp; The HR Analyst will... Support the delivery of the annual pay award – management of the process, data sets and driving deadlines. Management of our day-to-day analytics required around pay and benefits – set up and maintenance of... ",32,https://www.reed.co.uk/jobs/hr-analyst/55425650
55425644,575264,Reed,,,HR Analyst,RH122RJ,,,,16/08/2025,16/07/2025,"Reed HR are working with a growing technology company who are seeking an experienced HR Analyst to join their team on an ongoing temporary basis to support on a transition period as they implement a new HR system.&nbsp; The HR Analyst will... Support the delivery of the annual pay award – management of the process, data sets and driving deadlines. Management of our day-to-day analytics required around pay and benefits – set up and maintenance of... ",21,https://www.reed.co.uk/jobs/hr-analyst/55425644
55550661,365410,CPS Group,,,PMO Analyst,CF101AE,30000.0,40000.0,GBP,17/09/2025,06/08/2025,"PMO Analyst - Cardiff (Hybrid) Clearance Required: SC eligible (must have lived in the UK for the last 5 years) Salary: Up to 40,000 Benefits CPS Group is partnering with a leading IT consultancy in Cardiff looking to expand their PMO team. Whether you're building on early PMO experience or stepping into a new challenge with confidence, this is a great opportunity to join a high-performing team delivering complex digital and business transformat... ",5,https://www.reed.co.uk/jobs/pmo-analyst/55550661
55471803,331522,Harnham - Data & Analytics Recruitment,,,Junior Digital Analyst/Graduate Digital Analyst,London,28000.0,35000.0,GBP,04/09/2025,24/07/2025,"Junior Digital Analyst/Graduate Digital Analyst Up to 35,000 Hybrid - London A great opportunity to join a boutique digital agency as a Junior Digital Analyst THE COMPANY The business is a boutique digital agency offering a wide range of data and analytics services to clients across various sectors. Joining the analytics team as Junior Analyst, you'll focus on analytics projects to help clients improve their digital performance. Whilst also gett... ",89,https://www.reed.co.uk/jobs/junior-digital-analyst-graduate-digital-analyst/55471803
51061976,1990,Gregory Martin International Limited,,,Senior Operational Analyst,SO238TJ,40000.0,65000.0,GBP,15/09/2025,21/08/2023,"Senior Operational Analyst - Python, Modelling, Software Design, Advanced VBA &amp; Excel, Power Apps, Power BI Salary - 40K- 65K plus bonus and excellent benefits Location - Winchester Hants, Hybrid role Our client has an exciting opportunity to join our growing management consultancy, with an enviable reputation and senior level client base. They have a strong track record in UK MOD and government. They value their people and believe in buildi... ",66,https://www.reed.co.uk/jobs/senior-operational-analyst/51061976
55516737,432249,Precise Placements ,,,"Solutions Legal Technologist - AI, Gen AI, Legal Technology, CLM, AI transformation",EC2A4BT,,,,11/09/2025,31/07/2025,"Solutions Legal Technologist - AI, Gen AI, Legal Technology, CLM, AI transformation Our leading global law firm are looking to recruit a Solutions Legal Technologist (AI, Gen AI, Legal Technology, CLM, AI transformation) on a permanent basis to play a key role role in delivering customized, technology-enabled solutions to corporate legal departments and the firms practice teams. This Solutions Legal Technologist (AI, Gen AI, Legal Technology, CL... ",1,https://www.reed.co.uk/jobs/solutions-legal-technologist-ai-gen-ai-legal-technology-clm-ai-transformation/55516737
55480900,436109,Randstad Sourceright,,,Procurement Digital Transformation Analyst / Senior Analyst,HP124EG,,,,05/09/2025,25/07/2025,"Procurement Digital Transformation Analyst / Senior Analyst Location: Remote working - We are accepting applications from Ireland &amp; UK (OUTSIDE IR35) only at this time, please do not apply unless you are based in either of these countries. Duration: 6 months to begin with - high chance of extension - multi year project Hours: 40 hours per week The New Consumer Health Company is seeking a Procurement Digital Transformation Programme to join o... ",40,https://www.reed.co.uk/jobs/procurement-digital-transformation-analyst-senior-analyst/55480900
55373891,575264,Reed,,,Transport Safety Analyst,CV346RL,15.38,15.38,GBP,08/08/2025,08/07/2025,"Position: Transport Safety Analyst Salary: 15.38 p/h Contract: Temporary – ASAP for 3 months (high potential to be extended or go perm) Location: Leamington Spa (Warwick side) Working Shifts: Monday to Friday, 37.5 hours a week, 8.30-5.00pm- office based to start then depending on the nature of the project, can offer hybrid (3 in office, 2 at home) Coventry Reed Specialist Recruitment are delighted to be representing a reputable company within t... ",22,https://www.reed.co.uk/jobs/transport-safety-analyst/55373891
55373902,575264,Reed,,,Transport Safety Analyst,CV346RL,15.38,15.38,GBP,08/08/2025,08/07/2025,"Position: Transport Safety Analyst Salary: 15.38 p/h Contract: Temporary – ASAP for 3 months (high potential to be extended or go perm) Location: Leamington Spa (Warwick side) Working Shifts: Monday to Friday, 37.5 hours a week, 8.30-5.00pm- office based to start then depending on the nature of the project, can offer hybrid (3 in office, 2 at home) Coventry Reed Specialist Recruitment are delighted to be representing a reputable company within t... ",23,https://www.reed.co.uk/jobs/transport-safety-analyst/55373902
55338852,331522,Harnham - Data & Analytics Recruitment,,,Customer Insight Analyst,Leeds,40000.0,45000.0,GBP,13/08/2025,02/07/2025,"Customer Insight Analyst Location: Leeds (Hybrid - 1 day per week in office) Salary: Up to 45,000 (depending on experience) The Company A well-established digital platform with over a million active users across the UK, offering technology-led subscription services in a fast-scaling consumer market. Known for its innovation in healthcare and eCommerce, the business has seen rapid growth in recent years and is continuing to expand its analytics c... ",51,https://www.reed.co.uk/jobs/customer-insight-analyst/55338852
55491562,463148,Bruin Financial & Professional Services,,,Underwriting MI Analyst,EC2N1AP,45000.0,65000.0,GBP,08/09/2025,28/07/2025,"Underwriting MI Analyst Location: London (Hybrid) Salary: Up to 65,000 excellent benefits Industry: Insurance / Lloyd’s Market Job Type: Permanent, Full-Time Are you a data-driven professional with a passion for turning complex information into actionable insights? Do you thrive in a collaborative environment and have experience within the Lloyd’s or London Market? If so, we have a fantastic opportunity for you. We're working on behalf of a well... ",19,https://www.reed.co.uk/jobs/underwriting-mi-analyst/55491562
55354750,183792,Axon Moore Group Ltd,,,Commercial Analyst,Blackburn,45000.0,55000.0,GBP,18/08/2025,04/07/2025,"Axon Moore are exclusively partnering with an excellent business in Blackburn as they continue to expand their operations. This business has seen significant growth in recent years and have attracted a best in class finance team under an established CFO. This is a fantastic role that will hold a high degree of autonomy with the main objective to help the business improve performance, through an effective combination of business partnering and an... ",36,https://www.reed.co.uk/jobs/commercial-analyst/55354750
55467155,626303,The Portfolio Group,,,QA Analyst,London,40000.0,45000.0,GBP,20/08/2025,23/07/2025,"My clients are based in London and they provide resources, guidance and tools for Accountancy, Tax Compliance, HR and Health &amp; Safety professionals via our online content platform. They're looking for an Automation QA or a Software Engineer In Test. Looking at your profile it seems like this could be something you would be a great fit for. The role is paying up to 45,000 and is 5 days a week in the office. Essential: o Experience with API te... ",166,https://www.reed.co.uk/jobs/qa-analyst/55467155
55319096,666803,Adaptable Recruitment,,,Salesforce Systems Analyst,L170AE,50000.0,75000.0,GBP,11/08/2025,30/06/2025,"At Adaptable Recruitment we have a rare opportunity for an experienced Salesforce Systems Analyst to join an exciting, dynamic and growing business in the Liverpool area. Liaising and working key stakeholders across the business in a role fundamental to its future growth and success, you will have an in-depth knowledge and experience of Salesforce Software and be inquisitive by nature Salary: 55000 - 75,000 DOE Working hours: 3 days office based... ",14,https://www.reed.co.uk/jobs/salesforce-systems-analyst/55319096
55534115,375315,Spectrum IT Recruitment,,,Senior Quantitative Analyst,London,100000.0,120000.0,GBP,18/08/2025,04/08/2025,"Excellent opportunity for a passionate Quantitative Analyst to join an excellent client's team based in central London. The successful Quantitative Analyst will join a small but very talented team and will be expected to interpret, filter, and analyse very large data sets whilst working closely with other analysts and developers. The successful Quantitative Analyst will be a forward-thinking individual who is more than comfortable working to bot... ",13,https://www.reed.co.uk/jobs/senior-quantitative-analyst/55534115
55338828,331522,Harnham - Data & Analytics Recruitment,,,Senior Insight Analyst,Wallingford,50000.0,55000.0,GBP,13/08/2025,02/07/2025,"SENIOR INSIGHT ANALYST - OXFORD UP TO 55,000 THE COMPANY We are working with a high-growth, well-established e-commerce business on a pivotal, commercially driven SQL Analytics hire. THE ROLE The successful Senior Insight Analyst responsibilities will include: Utilise SQL to optimise customer experience through segmentations &amp; A/B testing Analyse and interpret large datasets using SQL to provide actionable insights for marketing, product, an... ",48,https://www.reed.co.uk/jobs/senior-insight-analyst/55338828
55429508,331522,Harnham - Data & Analytics Recruitment,,,Senior Product Analyst,London,55000.0,70000.0,GBP,27/08/2025,16/07/2025,"Senior Product Analyst | 70,000 Benefits | Hybrid (2x/week in Central London Office) Leading Consumer Tech Platform | Data-Led Product Innovation A high-growth, international tech platform is looking for a Senior Product Analyst to join their cross-functional product and analytics team. With millions of monthly users and rapid expansion across Europe, this business puts data at the heart of product decisions . You'll work at the intersection of ... ",25,https://www.reed.co.uk/jobs/senior-product-analyst/55429508
55344525,664120,Robert Half,,,Project Finance Analyst,BS12NT,200.0,350.0,GBP,14/08/2025,03/07/2025,"We are working with a fast-paced, data-led organisation in Central Bristol that is seeking an experienced Interim Project Finance Analyst to support a critical piece of work. This is a hands-on analytical role, suited to someone who enjoys working with large, complex data sets and can deliver accurate, meaningful insight under time pressure. Due to the nature of the role, you must be based in the South West and able to commit to being on-site in... ",39,https://www.reed.co.uk/jobs/project-finance-analyst/55344525
52892309,1990,Gregory Martin International Limited,,,Senior Analyst Consultant,SO238TJ,40000.0,75000.0,GBP,11/08/2025,17/06/2024,"Senior / Principal Analyst / Data Scientist Location - Winchester, Hants, Hybrid role Salary - 40K- 75K plus bonus and benefits Our client islooking for a positive, flexible self-starter to join their team as a Senior Analyst. This is an exciting opportunity to play a leading role in delivering analysis capability as an integral part of a small, agile and growing business. You will have strong data analysis skills, Advanced Excel , including VBA... ",44,https://www.reed.co.uk/jobs/senior-analyst-consultant/52892309
55497361,419149,James Andrew Recruitment Solutions (JAR Solutions),,,Business intelligence Analyst,B233DF,300.0,400.0,GBP,09/09/2025,29/07/2025,We are currently working in partnership with a Housing Association who are recruiting for a Business Intelligence Analyst on a 6-month temporary contract (Inside IR35). Duties will include (but are not limited to): Converting stakeholder requests into Power BI dashboards Conducting in-depth data analysis to identify trends and issues Building and maintaining interactive dashboards and reports Using SQL to extract and manipulate data from various... ,99,https://www.reed.co.uk/jobs/business-intelligence-analyst/55497361
55467452,664633,We Do Group,,,Business Intelligence Analyst,GU167AE,350.0,450.0,GBP,03/09/2025,23/07/2025,"Business Intelligence Analyst – Finance Focus 2 - 4 Month Contract | Heavily Hybrid (Frimley, Surrey) 350-450 per day We’re working with a fast-paced, data-driven organisation seeking a commercially minded BI Analyst with a strong finance background. You’ll play a vital role in transforming complex financial data into insightful, decision-driving analysis and reporting tools. This is a hands-on, project-based contract ideal for an experienced BI... ",84,https://www.reed.co.uk/jobs/business-intelligence-analyst/55467452
50673374,1990,Gregory Martin International Limited,,,Operational Analyst Consultant,SO238TJ,35000.0,70000.0,GBP,27/08/2025,21/06/2023,"Senior Analyst &amp; Analyst- Operational Analysis, Python, Modelling, Software Design Salary - 35K- 70K plus excellent benefits Location - Winchester Hants, Hybrid role Our client has an exciting opportunity to join our growing management consultancy, with an enviable reputation and senior level client base. They have a strong track record in UK MOD and government. You will have strong data analysis skills, Advanced Excel , including VBA They v... ",93,https://www.reed.co.uk/jobs/operational-analyst-consultant/50673374
55420112,563531,Eden James Consulting Limited,,,Cyber Catastrophe Analyst,London,,,,26/08/2025,15/07/2025,"Cyber Catastrophe Analyst London Our client, one of the world's largest insurance groups offering both specialist insurance and reinsurance solutions, is seeking an exceptional Cyber Catastrophe Analyst to join their team. The successful candidate will support the Cyber Centre of Excellence team, working closely with the Senior Cyber Actuary to develop the group’s cyber underwriting strategy; cyber risk appetite; cyber innovation; and cyber accu... ",33,https://www.reed.co.uk/jobs/cyber-catastrophe-analyst/55420112
55435940,15757,C&M Travel Recruitment,,,Commercial Revenue Analyst,London,40000.0,50000.0,GBP,14/08/2025,17/07/2025,"Commercial Revenue Analyst -&nbsp; This is an exciting new opportunity for a strategic-minded Commercial Revenue Analyst to join this ever growing Corporate Travel Management company. Hybrid with their offices in London. Paying up to circa 50K. Commercial Revenue Analyst, Responsibilities: Monitor and analyse revenue performance across different lines of business, including flights, accommodation and ground. Collaborate with the pricing team to ... ",45,https://www.reed.co.uk/jobs/commercial-revenue-analyst/55435940
55423527,575264,Reed,,,Commercial Finance Analyst,TW62UA,42000.0,47475.0,GBP,15/08/2025,15/07/2025,"Financial Data Analyst - maternity cover Job Type: 18-month FTC (Maternity Cover) Salary: 42,200 - 47,475 per annum Location: Hybrid (3 days in office, 2 days from home (after about a month and once established in role) Working Hours: Monday to Friday, 9am to 5:30pm A returning client of mine is seeking to recruit a Financial Data Analyst to focus on Revenue and Business Performance and will be the responsible gatekeeper of revenue and all contr... ",37,https://www.reed.co.uk/jobs/commercial-finance-analyst/55423527
55378900,662593,Tenth Revolution Group,,,Data Engineer,London,55000.0,62000.0,GBP,19/08/2025,08/07/2025,"Data Engineer - 18-Month Fixed-Term - London About the Role My client is seeking an experienced Data Engineer to join their Technology team on an 18-month fixed-term contract. You'll play a key role in building and optimising data pipelines, enabling analytics and AI, and integrating enterprise systems like CRM, HR, and Finance. Key Responsibilities Design and develop scalable data pipelines using Azure Data Factory, dbt, and Synapse Build enric... ",134,https://www.reed.co.uk/jobs/data-engineer/55378900
55539465,459526,Michael Page HR,,,Talent & Learning Analyst,Bicester,38000.0,40000.0,GBP,19/08/2025,05/08/2025,"The Talent &amp; Learning Analyst will play a key role in supporting the People department in a global organisation, focusing on managing the data surrounding talent development initiatives. This permanent role is based in Bicester and offers hybrid working. Client Details This global organisation is a well-established, mid-sized company with a strong presence in its sector. The company is known for its commitment to employee development and pro... ",8,https://www.reed.co.uk/jobs/talent-learning-analyst/55539465
52119639,1990,Gregory Martin International Limited,,,Senior Analyst Consultant,SO238TJ,40000.0,70000.0,GBP,11/08/2025,12/02/2024,"Senior Analyst Location - Winchester, Hants, Hybrid role Salary - 40K- 75K plus bonus and benefits Our client islooking for a positive, flexible self-starter to join their team as a Senior Analyst. This is an exciting opportunity to play a leading role in delivering analysis capability as an integral part of a small, agile and growing business. You will have strong data analysis skills, Advanced Excel , including VBA Our client’s team of analyst... ",77,https://www.reed.co.uk/jobs/senior-analyst-consultant/52119639
55436916,524441,INTEC SELECT LIMITED,,,Service Desk Analyst,PE11QL,14.0,16.0,GBP,28/08/2025,17/07/2025,"Service Desk Analyst – IT Consultancy – 14-16 per hour Inside IR35 – Fully Onsite Overview: I’m currently partnered with a leading IT consultancy delivering innovative data and digital solutions to a range of enterprise clients across sectors including retail, healthcare, and manufacturing. The team thrives on solving complex business challenges using modern technologies and are now looking to expand their data capability with a customer-focused... ",31,https://www.reed.co.uk/jobs/service-desk-analyst/55436916
55549455,527098,Devonshire Hayes Recruitment Specialists Limited,,,PMO Analyst,London,280.0,300.0,GBP,12/08/2025,06/08/2025,"If you are an experienced PMO Analyst with excellent communication skills and a proven track record of supporting complex programmes, we have a new contract role we would like to discuss with you. Please note this role will require onsite attendance 2-3 days per week in London and has been deemed outside IR35. Any previous experience working within public sector/central government would be advantageous. Overview A central government body require... ",58,https://www.reed.co.uk/jobs/pmo-analyst/55549455
55516104,57651,Goodman Masson,,,Exposure Management Analyst,Tower Hill,55000.0,60000.0,GBP,11/09/2025,31/07/2025,"Exposure Management Analyst Location: London (Hybrid – 3 days in office per week) Salary: 60,000 15% bonus full benefits package A rare opportunity has arisen for an analytically minded and technically confident Exposure Management Analyst to join a specialist reinsurer with a focused class of business and a national-level remit. This is not a traditional catastrophe modelling role — instead, you’ll be central to a highly strategic exposure team... ",8,https://www.reed.co.uk/jobs/exposure-management-analyst/55516104
55320544,377106,Robert Walters,,,Senior BI Analyst,Birmingham,,,,11/08/2025,30/06/2025,"Senior Data Analyst Birmingham (hybrid) 45,000 to 55,000 per annum Permanent We are pleased to be recruiting for a Senior BI Analyst in the Birmingham area. You will be responsible for the development of dashboards, reports and provision of actionable insights. This role will suit someone who is strong within Power BI, SQL, Excel and Python. Senior Data Analyst - What will you be doing? * Leading the design and delivery of dashboards and forecas... ",135,https://www.reed.co.uk/jobs/senior-bi-analyst/55320544
55400571,439645,GNB Partnership,,,Marketing Analyst - Hybrid,NW10AS,50000.0,60000.0,GBP,22/08/2025,11/07/2025,"Our Client Our global iGaming client has a multi-million-pound search budget focused on the UK, Europe, South America and the USA with plans to enter many new markets in 2025. The Role of Marketing Analyst They are looking for an experienced Marketing Analyst to join their Marketing Data &amp; Analytics team. In this role, you will support their Senior Marketing Analyst on the delivery of insight and marketing recommendations to the global marke... ",43,https://www.reed.co.uk/jobs/marketing-analyst-hybrid/55400571
55543077,576700,Ernest Gordon Recruitment Limited,,,Junior System Analyst,Gainsborough,25000.0,35000.0,GBP,16/09/2025,05/08/2025,"Junior System Analyst Gainsborough 25,000 - 35,000 Internal Training Company Benefits Are you a Junior System Analyst or have some experience working on ERP Systems looking to gain valuable experience for a globally recognised name? Do you want the chance to develop your technical and business systems skills within a globally respected company? You'll gain hands-on experience with enterprise software and cross-functional projects, working alongs... ",7,https://www.reed.co.uk/jobs/junior-system-analyst/55543077
53979911,1990,Gregory Martin International Limited,,,Senior Analyst Consultant,SO238TJ,40000.0,75000.0,GBP,28/08/2025,07/11/2024,"Senior Analyst - Defence Location - Winchester, Hants, Salary - 40K- 75K plus bonus and benefits Our client islooking for a positive, flexible self-starter to join their team as a Senior Analyst. This is an exciting opportunity to play a leading role in delivering analysis capability as an integral part of a small, agile and growing business. Our client’s team of analysts, consultants and Defence SMEs work closely with their customers to deliver... ",30,https://www.reed.co.uk/jobs/senior-analyst-consultant/53979911
55337724,2763,ADLIB,,,BI Developer / Analyst,WA110QZ,40000.0,55000.0,GBP,13/08/2025,02/07/2025,"Qlik Cloud / Qlik Sense SaaS. Join a sustainability focused consultancy who have just had their best year. Fantastic career development, training and roadmap of projects. A growing, independent market-leader within the energy sector are looking for a talented BI professional to join their growing team near to St Helens (45 min commute from Warrington, Liverpool and Manchester).&nbsp; They’re looking for someone with excellent Qlik Cloud (Qlik Se... ",114,https://www.reed.co.uk/jobs/bi-developer-analyst/55337724
55317948,664120,Robert Half,,,Data Engineer,London,450.0,550.0,GBP,11/08/2025,30/06/2025,"Robert Half is partnering with a leading property firm to recruit an experienced Azure Data Engineer for an initial 12-month rolling contract Role: The Data Engineer will be required too, design, develop, and maintain scalable and reliable data infrastructure Collaborate with analysts and data scientists to meet data needs Collect, clean, and process data from multiple sources Build and optimise data models and schemas Enhance performance of dat... ",271,https://www.reed.co.uk/jobs/data-engineer/55317948
55417327,666859,MB Connected ,,,Senior Commercial Analyst,WS110AG,40000.0,55000.0,GBP,26/08/2025,15/07/2025,"Are you a data-driven problem-solver with a passion for uncovering commercial insights? We're looking for a Senior Commercial Analyst to join a private equity backed business based in Cannock — someone with the skills to transform raw data into meaningful reports and recommendations that support strategic business decisions. As a Senior Commercial Analyst, you will play a critical role in driving performance through high-quality analysis and rep... ",40,https://www.reed.co.uk/jobs/senior-commercial-analyst/55417327
55439915,592421,Pension Protection Fund,,,Member Performance Analyst,CR02NA,40000.0,46000.0,GBP,08/08/2025,18/07/2025,"Member Performance Analyst Croydon with Hybrid Working 40,000 to 46,000 per annum plus Civil Service Pension We’re the Pension Protection Fund. We protect millions of people in the UK who belong to defined benefit pension schemes. When these schemes fail, we’re ready to help. We do this by paying our members, by charging a levy and by investing sustainably. Our work has a real impact on people’s lives, so we strive to do it well, with integrity ... ",14,https://www.reed.co.uk/jobs/member-performance-analyst/55439915
55501106,149284,Kate+Co,,,IT Systems Analyst,B908AY,,,,29/08/2025,29/07/2025,"IT Systems Analyst&nbsp; Key information:&nbsp; Full-time - 37.5 hours per week - Monday to Friday, 9am - 5pm- fully office based in Solihull. &nbsp; Are you passionate about data and tech with a talent for solving problems? We are looking for a proactive IT Systems Analyst to join our client in Solihull on a permanent basis. You will play a key part in ensuring IT systems run smoothly and data delivers real value to the business. This is a vari... ",28,https://www.reed.co.uk/jobs/it-systems-analyst/55501106
55510194,17696,TXP,,,Associate Fraud Analyst,London,250.0,251.0,GBP,10/09/2025,30/07/2025,We are currently seeking a Fraud Analyst to work with our public sector client 6 months contract Excellent day rate inside IR35 Location: London Bristol OR Manchester / Hybrid The ideal candidates will have a proven Fraud Analyst background within public sector ideally holding active SC clearance. Skills &amp; responsibilities: Review and triage fraud alerts from live service data. Ensuring queues &amp; workstreams are well maintained and suffic... ,42,https://www.reed.co.uk/jobs/associate-fraud-analyst/55510194
55509966,331522,Harnham - Data & Analytics Recruitment,,,Collections Strategy Analyst,Leicester,35000.0,42000.0,GBP,10/09/2025,30/07/2025,"Collections Strategy Analyst Up to 42,000 Hybrid Leicester About the Company: I am hiring a Collections Strategy Analyst for a leading lending business based in Leicester. Within this role, you will be developing strategies for collections, to support the increase of profitability for the portfolio using tools like SAS and SQL daily. About the Role: As a Collections Strategy Analyst, you will be: Driving insight for credit risk strategy using SA... ",11,https://www.reed.co.uk/jobs/collections-strategy-analyst/55509966
55512948,388111,Avanti,,,Financial Analyst (CRE),EC1A1BB,60000.0,80000.0,GBP,11/09/2025,31/07/2025,"Avanti Recruitment are currently working with a FinTech company based in London that works within the PropTech sector and is looking to expand the Analytics team by hiring a Financial Analyst, with experience in Cash Flow Modelling and data analysis. The company operates in a hybrid manner, and you will be required in the office two days a week (Tuesday/Wednesday). You will find yourself joining a small company, with expanding business and blue-... ",29,https://www.reed.co.uk/jobs/financial-analyst-cre/55512948
55516395,331522,Harnham - Data & Analytics Recruitment,,,Customer Insight Analyst,Manchester,45000.0,55000.0,GBP,11/09/2025,31/07/2025,"Customer Insight Analyst Manchester (Hybrid - 2x Days a Week in Office) 45,000- 55,000 Are you passionate about using data to transform learning experiences and drive real educational outcomes? We're working with a leading education provider undergoing a curriculum transformation and looking to bring in a Learning Analyst to sit within their high-performing Insight function. Reporting into a Senior Insight Manager, this role is a great opportuni... ",31,https://www.reed.co.uk/jobs/customer-insight-analyst/55516395
55394923,419161,Clearwater People Solutions Ltd,,,Customer Insight Analyst,West Malling,34000.0,38000.0,GBP,21/08/2025,10/07/2025,"We're working closely with a growing organisation in Kent to support with the recruitment for a thoughtful, analytical individual to join their customer and operations team as a Customer Insight Analyst . This role offers a great opportunity to make a tangible impact using data to improve how we work and enhance the experience we deliver to our customers. As part of the team, you'll focus on turning data into actionable insights that help shape ... ",40,https://www.reed.co.uk/jobs/customer-insight-analyst/55394923
55454729,659815,Newto Training,,,Trainee Data Entry Clerk,United Kingdom,,,,01/09/2025,21/07/2025,"Are you ready to start a new career in Data Analysis? The demand for Data Analysts has grown by 20% annually, with experienced professionals earning salaries upwards of 58,000. In today’s digital world, data is critical to business decision-making, making the role of a Data Analyst indispensable. As skills shortages continue to grow, the demand for qualified entry-level professionals is on the rise. With our Data Analytics career programme we wi... ",54,https://www.reed.co.uk/jobs/trainee-data-entry-clerk/55454729
55457959,479968,Addition,,,Management Information Analyst,Hertfordshire,35000.0,50000.0,GBP,02/09/2025,22/07/2025,"Management Information Analyst Data drives decisions, and this role is all about making sure those decisions are smart. Joining a leading lottery consultancy with a real appetite for insight, you’ll help shape how data informs strategy, performance, and growth in a fast-paced, high-impact environment. This is a chance to play a key role in their migration to Power BI, helping unlock better reporting and smarter business decisions. Role Overview:... ",16,https://www.reed.co.uk/jobs/management-information-analyst/55457959
55374554,520034,Sanderson,,,Excel Reconciliation Analyst,Kent,300.0,315.0,GBP,19/08/2025,08/07/2025,"Excel Reconciliation Analyst 300/day overall assignment rate to umbrella 3-month contract Kent - hybrid working Looking for an Excel Specialist to run and develop on an ongoing basis an Excel-based reconciliation process for banking records. Excel Reconciliation Analyst, key responsibilities : Run and further develop an automated process to reconcile excel statements Strong understanding of data flows across systems Data match for production of ... ",76,https://www.reed.co.uk/jobs/excel-reconciliation-analyst/55374554
55451755,15774,Quest Search and Selection Ltd,,,Senior Growth Analyst,London,70000.0,85000.0,GBP,01/09/2025,21/07/2025,"Quest Search &amp; Selection are currently partnering with a leading tech eCommerce platform specialised in consumer goods and last-mile delivery . The Senior Growth Analyst will collaborate across Marketing, Finance, and Growth teams, delivering insights that enable data-driven decision-making. Expertise in SQL and dbt, you will play a crucial role in embedding data at the core of our decision-making process, helping company achieve its key per... ",51,https://www.reed.co.uk/jobs/senior-growth-analyst/55451755
55338889,331522,Harnham - Data & Analytics Recruitment,,,Customer Insight Analyst,Leeds,40000.0,50000.0,GBP,13/08/2025,02/07/2025,"Customer Insights Analyst Up to 45,000 bonus Hybrid - Leeds (1x day a week) THE CLIENT This is an exciting opportunity for a Customer Insight Analyst to join an industry-leading ecommerce organisation. THE ROLE We are seeking a skilled Customer Data Analyst to deliver actionable insights that drive effective customer acquisition, retention, and growth strategies. In this role, you will design and maintain a scalable Single Customer View (SCV) by... ",71,https://www.reed.co.uk/jobs/customer-insight-analyst/55338889
55300694,595877,Nxtgen Recruitment,,,Finance Systems Analyst,Ipswich,35000.0,42000.0,GBP,07/08/2025,26/06/2025,"NXTGEN are working with a leading organisation to recruit a Finance Systems Analyst to join their team at a key operational site in East Ipswich. This is an exciting opportunity for a Finance Systems Analyst who enjoys working at the intersection of finance, IT, and process improvement, and wants to play a hands-on role in supporting and enhancing critical finance systems. As Finance Systems Analyst, you'll act as a key link between finance, IT,... ",28,https://www.reed.co.uk/jobs/finance-systems-analyst/55300694
55542288,7337,Ashdown Group,,,Cyber Security Analyst,London,50000.0,55000.0,GBP,19/08/2025,05/08/2025,Cyber Security Analyst&nbsp; - Permanent full time role - Salary up to 55k plus benefits and hybrid working - Based in West London A large West London based company is looking for an experienced Cyber Analyst/Engineer to join its IT function. This is a great opportunity to join a large business that are going through operational change and growth. Duties will include: &nbsp;- Working with the wider business on ISO27001 and Cyber Essentials - Net... ,42,https://www.reed.co.uk/jobs/cyber-security-analyst/55542288
55467293,91973,Wade Macdonald,,,Senior MI Analyst,UB77PN,35000.0,40000.0,GBP,03/09/2025,23/07/2025,"Senior MI Analyst Location: Hayes / Hybrid (1–2 days WFH) Salary: 35,000 – 40,000 per annum&nbsp; About the Client This is an exciting opportunity to join a growing organisation in West London. They are dedicated to nurturing a culture of continuous improvement, where learning is a lifelong journey, and challenges are opportunities for growth. About the Job This is a pivotal role supporting the Management Information function. You will be respon... ",28,https://www.reed.co.uk/jobs/senior-mi-analyst/55467293
55383601,589273,Method Resourcing,,,Senior Insight Analyst,South West England,45000.0,50000.0,GBP,20/08/2025,09/07/2025,"Senior Customer Analyst | Customer Data | SQL | Insights | Hybrid working 1 day per week in Somerset | 45,000- 50,000 up to a 20% discretionary bonus Please read - working pattern: This role is hybrid working of 1/2 days per week in the Somerset. Please ensure you can commute to this area before applying. Method Resourcing have partnered with an established retail business who are looking to add a Senior Customer Analyst into the Data team as th... ",27,https://www.reed.co.uk/jobs/senior-insight-analyst/55383601
55479455,375315,Spectrum IT Recruitment,,,Senior Quantitative Analyst,London,100000.0,120000.0,GBP,08/08/2025,25/07/2025,"Excellent opportunity for a passionate Quantitative Analyst to join an excellent client's team based in central London. The successful Quantitative Analyst will join a small but very talented team and will be expected to interpret, filter, and analyse very large data sets whilst working closely with other analysts and developers. The successful Quantitative Analyst will be a forward-thinking individual who is more than comfortable working to bot... ",23,https://www.reed.co.uk/jobs/senior-quantitative-analyst/55479455
54607195,628688,DK Recruitment,,,Project Resource Analyst,Plymouth,,,,13/08/2025,07/03/2025,"DK Recruitment are working with a world-renowned, precision Engineering business based in Plymouth who are expanding their Engineering team. The business has a strong culture of innovation, professional growth and are offering an exciting career journey. The position of Project Resource Analyst offers an exciting opportunity for an individual who is specialised in related subjects such as Data analytics and Engineering. The role will focus on da... ",33,https://www.reed.co.uk/jobs/project-resource-analyst/54607195
55415323,3754,VRS Recruitment,,,Laboratory Analyst,Crewe,27000.0,32000.0,GBP,25/08/2025,14/07/2025,"The Mass Spectrometry industry is a diverse and growing market, crucial for supplying complex and high precision analytical instrumentation to a range of scientific sectors performing bespoke analysis for a wide variety of samples and applications. Our client is a leading manufacturer of Isotope Ratio Mass Spectrometry (IRMS), and associated sample preparation systems, who provide analytical solutions for clients all over the world. Due to incre... ",32,https://www.reed.co.uk/jobs/laboratory-analyst/55415323
55435266,591760,Harvey Nash,,,Digital Performance Analyst,Leeds,450.0,450.0,GBP,14/08/2025,17/07/2025,"Job Title: Interim Digital Performance Analyst Location: UK-based (1-2 onsite visits per Month at nearest office) Contract: Interim / Contract (initial 3 months, with scope for long term extension) Clearance: Must hold or be eligible for SC Clearance (minimum 5 years UK residency required) Rate: 450 (Inside IR35) Start Date: ASAP About the Role We're looking for an experienced Digital Performance Analyst to join a product delivery team on an exc... ",45,https://www.reed.co.uk/jobs/digital-performance-analyst/55435266
55550863,585419,Interquest ,,,SnapLogic Analyst Developer,M14HD,50000.0,55000.0,GBP,17/09/2025,06/08/2025,"Job Opportunity: SnapLogic Analyst Developer Location: Manchester Hybrid Salary:&nbsp; Up to 55,000 Bonus&nbsp; About the Role: I'm seeking an experienced SnapLogic Analyst Developer to join my client's team on a contract basis to design, develop, and deploy robust data integration solutions. This role will involve working closely with their data engineering, analytics, and business teams to streamline data flows and support key transformation i... ",3,https://www.reed.co.uk/jobs/snaplogic-analyst-developer/55550863
55500777,331522,Harnham - Data & Analytics Recruitment,,,Senior Product Analyst,London,55000.0,70000.0,GBP,09/09/2025,29/07/2025,"Senior Product Analyst | 70K Benefits | Hybrid (Central London) A high-growth consumer tech platform is looking for a Senior Product Analyst to join its product &amp; engineering org. This is a hands-on role focused on user behaviour, A/B testing , and improving the app and web experience for millions of users across Europe. You'll help answer: Where are users dropping off in the journey, and why? Which UX experiments are moving the needle? What... ",16,https://www.reed.co.uk/jobs/senior-product-analyst/55500777
55481914,331522,Harnham - Data & Analytics Recruitment,,,Senior Product Analyst,London,55000.0,70000.0,GBP,05/09/2025,25/07/2025,"Senior Product Analyst | 70K Benefits | Hybrid (Central London) A high-growth consumer tech platform is looking for a Senior Product Analyst to join its product &amp; engineering org. This is a hands-on role focused on user behaviour, A/B testing , and improving the app and web experience for millions of users across Europe. You'll help answer: Where are users dropping off in the journey, and why? Which UX experiments are moving the needle? What... ",17,https://www.reed.co.uk/jobs/senior-product-analyst/55481914
55476052,331522,Harnham - Data & Analytics Recruitment,,,Senior Product Analyst,London,55000.0,70000.0,GBP,04/09/2025,24/07/2025,"Senior Product Analyst | 70K Benefits | Hybrid (Central London) A high-growth consumer tech platform is looking for a Senior Product Analyst to join its product &amp; engineering org. This is a hands-on role focused on user behaviour, A/B testing , and improving the app and web experience for millions of users across Europe. You'll help answer: Where are users dropping off in the journey, and why? Which UX experiments are moving the needle? What... ",19,https://www.reed.co.uk/jobs/senior-product-analyst/55476052
55469143,331522,Harnham - Data & Analytics Recruitment,,,Senior Product Analyst,London,55000.0,70000.0,GBP,03/09/2025,23/07/2025,"Senior Product Analyst | 70K Benefits | Hybrid (Central London) A high-growth consumer tech platform is looking for a Senior Product Analyst to join its product &amp; engineering org. This is a hands-on role focused on user behaviour, A/B testing , and improving the app and web experience for millions of users across Europe. You'll help answer: Where are users dropping off in the journey, and why? Which UX experiments are moving the needle? What... ",14,https://www.reed.co.uk/jobs/senior-product-analyst/55469143
55536310,331522,Harnham - Data & Analytics Recruitment,,,Senior Product Analyst,London,55000.0,70000.0,GBP,15/09/2025,04/08/2025,"Senior Product Analyst | 70K Benefits | Hybrid (Central London) A high-growth consumer tech platform is looking for a Senior Product Analyst to join its product &amp; engineering org. This is a hands-on role focused on user behaviour, A/B testing , and improving the app and web experience for millions of users across Europe. You'll help answer: Where are users dropping off in the journey, and why? Which UX experiments are moving the needle? What... ",14,https://www.reed.co.uk/jobs/senior-product-analyst/55536310
55429509,331522,Harnham - Data & Analytics Recruitment,,,Senior Product Analyst,London,55000.0,70000.0,GBP,27/08/2025,16/07/2025,"Senior Product Analyst | 70K Benefits | Hybrid (Central London) A high-growth consumer tech platform is looking for a Senior Product Analyst to join its product &amp; engineering org. This is a hands-on role focused on user behaviour, A/B testing , and improving the app and web experience for millions of users across Europe. You'll help answer: Where are users dropping off in the journey, and why? Which UX experiments are moving the needle? What... ",27,https://www.reed.co.uk/jobs/senior-product-analyst/55429509
55442779,331522,Harnham - Data & Analytics Recruitment,,,Senior Product Analyst,London,55000.0,70000.0,GBP,29/08/2025,18/07/2025,"Senior Product Analyst | 70,000 Benefits | Hybrid (2x/week in Central London Office) Leading Consumer Tech Platform | Data-Led Product Innovation A high-growth, international tech platform is looking for a Senior Product Analyst to join their cross-functional product and analytics team. With millions of monthly users and rapid expansion across Europe, this business puts data at the heart of product decisions . You'll work at the intersection of ... ",26,https://www.reed.co.uk/jobs/senior-product-analyst/55442779
55516003,675969, ALTERED RESOURCING LTD,,,Database Administrator / Analyst,E17NF,,,,11/09/2025,31/07/2025,"Database Administrator/ Analyst, you’ll be at the at the centre of our database operations – supporting database growth, ensuring smooth day-to-day management, and delivering insights that help shape our marketing strategy. You’ll be the go-to expert for all things HubSpot, ensuring our data processes are top-notch and compliant with best practices. Who you are and the experience you can bring: Combined Experience : You bring a solid background ... ",23,https://www.reed.co.uk/jobs/database-administrator-analyst/55516003
55346525,331522,Harnham - Data & Analytics Recruitment,,,Senior BI Analyst,Leicester,50000.0,60000.0,GBP,14/08/2025,03/07/2025,"BI Analyst Up to 60,000 Fully remote THE CLIENT This is an exciting opportunity to join an industry-leading organisation in the finance sector. THE ROLE This role is part of a centralized team that supports the data requirements across the entire organization. You will manage the full data lifecycle, including data extraction, transformation, and loading. SKILLS AND EXPERIENCE SQL Cloud Service - Azure, AWS or GCP Financial services or similar i... ",81,https://www.reed.co.uk/jobs/senior-bi-analyst/55346525
55500732,383872,Rutherford Briant,,,Group Reporting Analyst,Chelmsford,35000.0,50000.0,GBP,09/09/2025,29/07/2025,"Do you have an eye for detail with an analytical skillset? A fast growing and successful client of ours due to expansion, are looking for a Group Reporting Analyst to join their team in Chelmsford. Responsible for key analysis, budgeting, forecasting and key stakeholder engagement whilst looking into best working practices, implementing new processed and upgrading processes. Responsibilities: As a Group Reporting Analyst, you will… Prepare, deve... ",18,https://www.reed.co.uk/jobs/group-reporting-analyst/55500732
55469108,331522,Harnham - Data & Analytics Recruitment,,,Lead Product Analyst,London,85000.0,95000.0,GBP,03/09/2025,23/07/2025,"LEAD PRODUCT ANALYST - LONDON UP TO 95,000 THE COMPANY We are supporting a high-growth entertainment business in hiring a key Product Analytics position. THE ROLE The successful Lead Product Analyst responsibilities will include: Lead the design, execution, and analysis of A/B tests to evaluate product changes and improve customer experiences Use SQL to query, analyse, and visualize product data, identifying key insights and making recommendatio... ",29,https://www.reed.co.uk/jobs/lead-product-analyst/55469108
55387325,331522,Harnham - Data & Analytics Recruitment,,,Senior Pricing Analyst,London,35000.0,45000.0,GBP,20/08/2025,09/07/2025,"PRICING MODELLING ANALYST UP TO 45,000 REMOTE (London) This is an exciting opportunity to take ownership of the pricing models and innovate and refresh predictive models within this companies predictive modelling suite. THE COMPANY This company is an exciting, growing business in the insurance space, offering an array of home insurance products. THE ROLE You will be doing the following daily: Develop, innovate, and update predictive models withi... ",51,https://www.reed.co.uk/jobs/senior-pricing-analyst/55387325
55383794,379777,Yolk Recruitment Ltd,,,Commercial Finance Analyst,Bridgend,35000.0,40000.0,GBP,20/08/2025,09/07/2025,"We are looking for a driven and analytical Operations Analyst to join our team. This is an exciting opportunity to play a key role in improving operational performance through data-driven insights and supporting strategic decision-making across production and financial functions. About the Role As an Operations Analyst, you will be responsible for analysing manufacturing and operational data, identifying trends and inefficiencies, and supporting... ",21,https://www.reed.co.uk/jobs/commercial-finance-analyst/55383794
55434635,331522,Harnham - Data & Analytics Recruitment,,,Senior Product Analyst,London,55000.0,70000.0,GBP,28/08/2025,17/07/2025,"Senior Product Analyst | 70,000 Benefits | Hybrid (2x/week in Central London Office) Leading Consumer Tech Platform | Data-Led Product Innovation A high-growth, international tech platform is looking for a Senior Product Analyst to join their cross-functional product and analytics team. With millions of monthly users and rapid expansion across Europe, this business puts data at the heart of product decisions . You'll work at the intersection of ... ",25,https://www.reed.co.uk/jobs/senior-product-analyst/55434635
55378918,331522,Harnham - Data & Analytics Recruitment,,,Senior Product Analyst,London,75000.0,95000.0,GBP,19/08/2025,08/07/2025,"Senior Product Analyst - Job Description Location: Hybrid (3 days per week in Holborn, London) Salary: 75,000 - 95,000 stock options 30 days leave 9% pension The Company We're working with one of the UK's most exciting consumer-facing businesses at the intersection of entertainment and social impact. They run large-scale, high-profile prize draws (from dream homes to luxury cars), helping raise millions for charity while offering life-changing p... ",55,https://www.reed.co.uk/jobs/senior-product-analyst/55378918
55346523,331522,Harnham - Data & Analytics Recruitment,,,Senior BI Analyst,Birmingham,50000.0,60000.0,GBP,14/08/2025,03/07/2025,"BI Analyst Up to 60,000 Fully remote THE CLIENT This is an exciting opportunity to join an industry-leading organisation in the finance sector. THE ROLE This role is part of a centralized team that supports the data requirements across the entire organization. You will manage the full data lifecycle, including data extraction, transformation, and loading. SKILLS AND EXPERIENCE SQL Cloud Service - Azure, AWS or GCP Financial services or similar i... ",95,https://www.reed.co.uk/jobs/senior-bi-analyst/55346523
55346507,331522,Harnham - Data & Analytics Recruitment,,,Senior BI Analyst,Manchester,50000.0,60000.0,GBP,14/08/2025,03/07/2025,"BI Analyst Up to 60,000 Fully remote THE CLIENT This is an exciting opportunity to join an industry-leading organisation in the finance sector. THE ROLE This role is part of a centralized team that supports the data requirements across the entire organization. You will manage the full data lifecycle, including data extraction, transformation, and loading. SKILLS AND EXPERIENCE SQL Cloud Service - Azure, AWS or GCP Financial services or similar i... ",82,https://www.reed.co.uk/jobs/senior-bi-analyst/55346507
55435044,610164,MSA Data Analytics Ltd,,,Finance Project Analyst,Birmingham,40000.0,45000.0,GBP,28/08/2025,17/07/2025,"The successful candidate will act as a finance business partner for a range of projects across a diverse business landscape, with a particular emphasis on costing, financial evaluation, and benefit tracking. They will have demonstrable experience operating as a finance or cost analyst and, alongside BAU reporting, will play a key role in helping the business understand the full financial impact of strategic change initiatives - from initial appr... ",27,https://www.reed.co.uk/jobs/finance-project-analyst/55435044
55467872,595877,Nxtgen Recruitment,,,Commercial Finance Analyst,Biggleswade,28000.0,33000.0,GBP,20/08/2025,23/07/2025,"NXTGEN are delighted to be supporting a high-profile, global business in their search for a Finance Analyst. This is a brilliant opportunity for someone at the beginning of their career in Finance &amp; Accountancy, or for those with 1-2 years' experience now looking to accelerate their progression in a more commercially focused, analytical role. This Finance Analyst vacancy has come about due to an internal promotion - a clear reflection of the... ",16,https://www.reed.co.uk/jobs/commercial-finance-analyst/55467872
55496076,624591,Davies Talent Solutions,,,Transactional Claims Analyst,Suffolk,,,,26/08/2025,29/07/2025,"Transactional Claims Analyst Location: &nbsp;Suffolk (Hybrid working available) Are you detail-oriented, analytical, and looking to grow your career in the insurance and reinsurance sector? Join our collaborative and fast-paced team as a&nbsp;Transactional Claims Analyst, where you'll play a key role in processing and supporting global claims operations. About the Role As a Transactional Claims Analyst, you will be responsible for the accurate a... ",2,https://www.reed.co.uk/jobs/transactional-claims-analyst/55496076
55500624,477350,Michael Page Finance,,,Group Treasury Analyst,Woking,54000.0,54000.0,GBP,12/08/2025,29/07/2025,"The Group Treasury Analyst will play a pivotal role in managing cash flow, forecasting, and financial risk within the leisure, travel, and tourism industry. This permanent position is based in Woking and offers a competitive salary alongside additional benefits. Client Details This organisation is a well-established name within the leisure, travel, and tourism industry. As a medium-sized company, it offers a structured yet forward-thinking envir... ",17,https://www.reed.co.uk/jobs/group-treasury-analyst/55500624
55351859,524744,Hays Specialist Recruitment Limited,,,Business Systems Analyst,Leeds,45000.0,50000.0,GBP,15/08/2025,04/07/2025,"Are you a skilled Business Analyst looking for an exciting opportunity to shape and define system requirements across core platforms? We are seeking a talented professional to join a dynamic team and contribute to the successful delivery of IT change projects. Key Responsibilities: Facilitate workshops and meetings to identify business challenges and develop requirements. Serve as a liaison between business and IT, fostering strong collaborative... ",63,https://www.reed.co.uk/jobs/business-systems-analyst/55351859
55471803,331522,Harnham - Data & Analytics Recruitment,,,Junior Digital Analyst/Graduate Digital Analyst,London,28000.0,35000.0,GBP,04/09/2025,24/07/2025,"Junior Digital Analyst/Graduate Digital Analyst Up to 35,000 Hybrid - London A great opportunity to join a boutique digital agency as a Junior Digital Analyst THE COMPANY The business is a boutique digital agency offering a wide range of data and analytics services to clients across various sectors. Joining the analytics team as Junior Analyst, you'll focus on analytics projects to help clients improve their digital performance. Whilst also gett... ",89,https://www.reed.co.uk/jobs/junior-digital-analyst-graduate-digital-analyst/55471803
51061976,1990,Gregory Martin International Limited,,,Senior Operational Analyst,SO238TJ,40000.0,65000.0,GBP,15/09/2025,21/08/2023,"Senior Operational Analyst - Python, Modelling, Software Design, Advanced VBA &amp; Excel, Power Apps, Power BI Salary - 40K- 65K plus bonus and excellent benefits Location - Winchester Hants, Hybrid role Our client has an exciting opportunity to join our growing management consultancy, with an enviable reputation and senior level client base. They have a strong track record in UK MOD and government. They value their people and believe in buildi... ",66,https://www.reed.co.uk/jobs/senior-operational-analyst/51061976
53979911,1990,Gregory Martin International Limited,,,Senior Analyst Consultant,SO238TJ,40000.0,75000.0,GBP,28/08/2025,07/11/2024,"Senior Analyst - Defence Location - Winchester, Hants, Salary - 40K- 75K plus bonus and benefits Our client islooking for a positive, flexible self-starter to join their team as a Senior Analyst. This is an exciting opportunity to play a leading role in delivering analysis capability as an integral part of a small, agile and growing business. Our client’s team of analysts, consultants and Defence SMEs work closely with their customers to deliver... ",30,https://www.reed.co.uk/jobs/senior-analyst-consultant/53979911
55480900,436109,Randstad Sourceright,,,Procurement Digital Transformation Analyst / Senior Analyst,HP124EG,,,,05/09/2025,25/07/2025,"Procurement Digital Transformation Analyst / Senior Analyst Location: Remote working - We are accepting applications from Ireland &amp; UK (OUTSIDE IR35) only at this time, please do not apply unless you are based in either of these countries. Duration: 6 months to begin with - high chance of extension - multi year project Hours: 40 hours per week The New Consumer Health Company is seeking a Procurement Digital Transformation Programme to join o... ",40,https://www.reed.co.uk/jobs/procurement-digital-transformation-analyst-senior-analyst/55480900
55373891,575264,Reed,,,Transport Safety Analyst,CV346RL,15.38,15.38,GBP,08/08/2025,08/07/2025,"Position: Transport Safety Analyst Salary: 15.38 p/h Contract: Temporary – ASAP for 3 months (high potential to be extended or go perm) Location: Leamington Spa (Warwick side) Working Shifts: Monday to Friday, 37.5 hours a week, 8.30-5.00pm- office based to start then depending on the nature of the project, can offer hybrid (3 in office, 2 at home) Coventry Reed Specialist Recruitment are delighted to be representing a reputable company within t... ",22,https://www.reed.co.uk/jobs/transport-safety-analyst/55373891
55373902,575264,Reed,,,Transport Safety Analyst,CV346RL,15.38,15.38,GBP,08/08/2025,08/07/2025,"Position: Transport Safety Analyst Salary: 15.38 p/h Contract: Temporary – ASAP for 3 months (high potential to be extended or go perm) Location: Leamington Spa (Warwick side) Working Shifts: Monday to Friday, 37.5 hours a week, 8.30-5.00pm- office based to start then depending on the nature of the project, can offer hybrid (3 in office, 2 at home) Coventry Reed Specialist Recruitment are delighted to be representing a reputable company within t... ",23,https://www.reed.co.uk/jobs/transport-safety-analyst/55373902
55417327,666859,MB Connected ,,,Senior Commercial Analyst,WS110AG,40000.0,55000.0,GBP,26/08/2025,15/07/2025,"Are you a data-driven problem-solver with a passion for uncovering commercial insights? We're looking for a Senior Commercial Analyst to join a private equity backed business based in Cannock — someone with the skills to transform raw data into meaningful reports and recommendations that support strategic business decisions. As a Senior Commercial Analyst, you will play a critical role in driving performance through high-quality analysis and rep... ",40,https://www.reed.co.uk/jobs/senior-commercial-analyst/55417327
55338852,331522,Harnham - Data & Analytics Recruitment,,,Customer Insight Analyst,Leeds,40000.0,45000.0,GBP,13/08/2025,02/07/2025,"Customer Insight Analyst Location: Leeds (Hybrid - 1 day per week in office) Salary: Up to 45,000 (depending on experience) The Company A well-established digital platform with over a million active users across the UK, offering technology-led subscription services in a fast-scaling consumer market. Known for its innovation in healthcare and eCommerce, the business has seen rapid growth in recent years and is continuing to expand its analytics c... ",51,https://www.reed.co.uk/jobs/customer-insight-analyst/55338852
55317362,658347,IMT Resourcing Solutions,,,ICT Support Analyst,Gloucester,34000.0,36000.0,GBP,11/08/2025,30/06/2025,"Role: ICT Support Analyst Location: Gloucester (Hybrid 2 days per week on-site) Salary: 34,000 - 36,000 Are you an experienced ICT Support Analyst who thrives on solving complex problems, delivering excellent customer service, and making a meaningful impact on users' daily work? If you’re looking for a role where your technical skills and analytical thinking are valued, this could be your next move. We’re working with a well-established organisa... ",15,https://www.reed.co.uk/jobs/ict-support-analyst/55317362
55491562,463148,Bruin Financial & Professional Services,,,Underwriting MI Analyst,EC2N1AP,45000.0,65000.0,GBP,08/09/2025,28/07/2025,"Underwriting MI Analyst Location: London (Hybrid) Salary: Up to 65,000 excellent benefits Industry: Insurance / Lloyd’s Market Job Type: Permanent, Full-Time Are you a data-driven professional with a passion for turning complex information into actionable insights? Do you thrive in a collaborative environment and have experience within the Lloyd’s or London Market? If so, we have a fantastic opportunity for you. We're working on behalf of a well... ",19,https://www.reed.co.uk/jobs/underwriting-mi-analyst/55491562
55319576,664120,Robert Half,,,Indirect Tax Analyst,London,55000.0,58000.0,GBP,11/08/2025,30/06/2025,"Robert Half has partnered with a global organisation to recruit an Indirect Tax Analyst. This remote role requires occasional office visits (1-2 days per month) for meetings. For the successful candidate, the position offers a competitive salary of 55,000- 58,000 along with excellent benefits. Key Responsibilities: Prepare and review VAT, CIS, and PSA returns. Ensure timely tax submissions across the business. Enhance and standardise processes, ... ",32,https://www.reed.co.uk/jobs/indirect-tax-analyst/55319576
55378900,662593,Tenth Revolution Group,,,Data Engineer,London,55000.0,62000.0,GBP,19/08/2025,08/07/2025,"Data Engineer - 18-Month Fixed-Term - London About the Role My client is seeking an experienced Data Engineer to join their Technology team on an 18-month fixed-term contract. You'll play a key role in building and optimising data pipelines, enabling analytics and AI, and integrating enterprise systems like CRM, HR, and Finance. Key Responsibilities Design and develop scalable data pipelines using Azure Data Factory, dbt, and Synapse Build enric... ",134,https://www.reed.co.uk/jobs/data-engineer/55378900
55467155,626303,The Portfolio Group,,,QA Analyst,London,40000.0,45000.0,GBP,20/08/2025,23/07/2025,"My clients are based in London and they provide resources, guidance and tools for Accountancy, Tax Compliance, HR and Health &amp; Safety professionals via our online content platform. They're looking for an Automation QA or a Software Engineer In Test. Looking at your profile it seems like this could be something you would be a great fit for. The role is paying up to 45,000 and is 5 days a week in the office. Essential: o Experience with API te... ",166,https://www.reed.co.uk/jobs/qa-analyst/55467155
55338889,331522,Harnham - Data & Analytics Recruitment,,,Customer Insight Analyst,Leeds,40000.0,50000.0,GBP,13/08/2025,02/07/2025,"Customer Insights Analyst Up to 45,000 bonus Hybrid - Leeds (1x day a week) THE CLIENT This is an exciting opportunity for a Customer Insight Analyst to join an industry-leading ecommerce organisation. THE ROLE We are seeking a skilled Customer Data Analyst to deliver actionable insights that drive effective customer acquisition, retention, and growth strategies. In this role, you will design and maintain a scalable Single Customer View (SCV) by... ",71,https://www.reed.co.uk/jobs/customer-insight-analyst/55338889
55319096,666803,Adaptable Recruitment,,,Salesforce Systems Analyst,L170AE,50000.0,75000.0,GBP,11/08/2025,30/06/2025,"At Adaptable Recruitment we have a rare opportunity for an experienced Salesforce Systems Analyst to join an exciting, dynamic and growing business in the Liverpool area. Liaising and working key stakeholders across the business in a role fundamental to its future growth and success, you will have an in-depth knowledge and experience of Salesforce Software and be inquisitive by nature Salary: 55000 - 75,000 DOE Working hours: 3 days office based... ",14,https://www.reed.co.uk/jobs/salesforce-systems-analyst/55319096
55300694,595877,Nxtgen Recruitment,,,Finance Systems Analyst,Ipswich,35000.0,42000.0,GBP,07/08/2025,26/06/2025,"NXTGEN are working with a leading organisation to recruit a Finance Systems Analyst to join their team at a key operational site in East Ipswich. This is an exciting opportunity for a Finance Systems Analyst who enjoys working at the intersection of finance, IT, and process improvement, and wants to play a hands-on role in supporting and enhancing critical finance systems. As Finance Systems Analyst, you'll act as a key link between finance, IT,... ",28,https://www.reed.co.uk/jobs/finance-systems-analyst/55300694
55534115,375315,Spectrum IT Recruitment,,,Senior Quantitative Analyst,London,100000.0,120000.0,GBP,18/08/2025,04/08/2025,"Excellent opportunity for a passionate Quantitative Analyst to join an excellent client's team based in central London. The successful Quantitative Analyst will join a small but very talented team and will be expected to interpret, filter, and analyse very large data sets whilst working closely with other analysts and developers. The successful Quantitative Analyst will be a forward-thinking individual who is more than comfortable working to bot... ",13,https://www.reed.co.uk/jobs/senior-quantitative-analyst/55534115
55492667,17935,Mobilus Ltd,,,Application Support Analyst,Gerrards Cross,32000.0,37000.0,GBP,08/09/2025,28/07/2025,"We are currently working in partnership with a reputable and growing software company, who are a global leader in Clinical Intelligence solutions. With over 25 years of success, they have supported healthcare teams around the world with their clinical reporting and audits, transforming how data is used to improve patient outcomes. They are seeking an Application Support Analyst to join their highly skilled and committed support team, to provide ... ",10,https://www.reed.co.uk/jobs/application-support-analyst/55492667
55554161,630746,Aila Recruitment,,,Commercial Finance Analyst,SL72EX,55000.0,60000.0,GBP,04/09/2025,07/08/2025,"Commercial Finance Analyst 55,000 - 60,000 Are you a commercially astute Finance Analyst with excellent Excel skills and prior experience working in a consumer goods or product-based business? Aila is partnered with an exciting Consumer Goods brands with a purpose-led approach that has continued to scale at pace over the last few years. About the company: 100m Consumer Goods, purpose-led B Corp business A leading FMCG brand with global backing a... ",12,https://www.reed.co.uk/jobs/commercial-finance-analyst/55554161
55479455,375315,Spectrum IT Recruitment,,,Senior Quantitative Analyst,London,100000.0,120000.0,GBP,08/08/2025,25/07/2025,"Excellent opportunity for a passionate Quantitative Analyst to join an excellent client's team based in central London. The successful Quantitative Analyst will join a small but very talented team and will be expected to interpret, filter, and analyse very large data sets whilst working closely with other analysts and developers. The successful Quantitative Analyst will be a forward-thinking individual who is more than comfortable working to bot... ",23,https://www.reed.co.uk/jobs/senior-quantitative-analyst/55479455
55338828,331522,Harnham - Data & Analytics Recruitment,,,Senior Insight Analyst,Wallingford,50000.0,55000.0,GBP,13/08/2025,02/07/2025,"SENIOR INSIGHT ANALYST - OXFORD UP TO 55,000 THE COMPANY We are working with a high-growth, well-established e-commerce business on a pivotal, commercially driven SQL Analytics hire. THE ROLE The successful Senior Insight Analyst responsibilities will include: Utilise SQL to optimise customer experience through segmentations &amp; A/B testing Analyse and interpret large datasets using SQL to provide actionable insights for marketing, product, an... ",48,https://www.reed.co.uk/jobs/senior-insight-analyst/55338828
54607195,628688,DK Recruitment,,,Project Resource Analyst,Plymouth,,,,13/08/2025,07/03/2025,"DK Recruitment are working with a world-renowned, precision Engineering business based in Plymouth who are expanding their Engineering team. The business has a strong culture of innovation, professional growth and are offering an exciting career journey. The position of Project Resource Analyst offers an exciting opportunity for an individual who is specialised in related subjects such as Data analytics and Engineering. The role will focus on da... ",33,https://www.reed.co.uk/jobs/project-resource-analyst/54607195
55550863,585419,Interquest ,,,SnapLogic Analyst Developer,M14HD,50000.0,55000.0,GBP,17/09/2025,06/08/2025,"Job Opportunity: SnapLogic Analyst Developer Location: Manchester Hybrid Salary:&nbsp; Up to 55,000 Bonus&nbsp; About the Role: I'm seeking an experienced SnapLogic Analyst Developer to join my client's team on a contract basis to design, develop, and deploy robust data integration solutions. This role will involve working closely with their data engineering, analytics, and business teams to streamline data flows and support key transformation i... ",3,https://www.reed.co.uk/jobs/snaplogic-analyst-developer/55550863
55429508,331522,Harnham - Data & Analytics Recruitment,,,Senior Product Analyst,London,55000.0,70000.0,GBP,27/08/2025,16/07/2025,"Senior Product Analyst | 70,000 Benefits | Hybrid (2x/week in Central London Office) Leading Consumer Tech Platform | Data-Led Product Innovation A high-growth, international tech platform is looking for a Senior Product Analyst to join their cross-functional product and analytics team. With millions of monthly users and rapid expansion across Europe, this business puts data at the heart of product decisions . You'll work at the intersection of ... ",25,https://www.reed.co.uk/jobs/senior-product-analyst/55429508
55557493,524744,Hays Specialist Recruitment Limited,,,Senior FP&A Analyst,Bristol,55000.0,70000.0,GBP,18/09/2025,07/08/2025,"Your new company Based here in Bristol and from one of their main global offices, we are working with a long-standing, professional services' client to recruit a Senior FP&amp;A Analyst that reports into the FP&amp;A Director. Your new role This is a global role, producing and analysing business headlines from key financial results that will support the senior leadership team, providing clear insights that will ultimately drive the long-term per... ",0,https://www.reed.co.uk/jobs/senior-fp-a-analyst/55557493
55344525,664120,Robert Half,,,Project Finance Analyst,BS12NT,200.0,350.0,GBP,14/08/2025,03/07/2025,"We are working with a fast-paced, data-led organisation in Central Bristol that is seeking an experienced Interim Project Finance Analyst to support a critical piece of work. This is a hands-on analytical role, suited to someone who enjoys working with large, complex data sets and can deliver accurate, meaningful insight under time pressure. Due to the nature of the role, you must be based in the South West and able to commit to being on-site in... ",39,https://www.reed.co.uk/jobs/project-finance-analyst/55344525
55417086,471756,Nick Buick Associates,,,Group FP&A Analyst,London,60000.0,65000.0,GBP,26/08/2025,15/07/2025,"Group FP&amp;A Analyst London / Hybrid 65,000 Bonus &amp; Benefits FTSE listed construction company based in central London is seeking to recruit a recently qualified Big 4 ACA. Your background ACA qualified from Practice (ideally Big 4) Graduate and strong academics Able to covert data into business insight An interest in the construction industry The role Working in a team of seven, you will assist in a number of important tasks undertaken by ... ",38,https://www.reed.co.uk/jobs/group-fp-a-analyst/55417086
55465169,645745,Matched Group,,,Software Test Analyst,EC4M5SB,55000.0,60000.0,GBP,03/09/2025,23/07/2025,"Software Test Analyst iOS, Android, Manual and Automated Testing Experience Required Why? start-up financial services, revolutionising the industry Location: Hybrid - 2 days in the office (Central London) Salary : 55,000 - 60,000 benefits Our Client A new UK-based financial services provider is launching credit card, personal loans and insurance offerings aimed at delivering fair, flexible, and user-friendly financial products to consumers. The ... ",238,https://www.reed.co.uk/jobs/software-test-analyst/55465169
55475146,524744,Hays Specialist Recruitment Limited,,,Senior FP&A Analyst,Bristol,55000.0,63000.0,GBP,04/09/2025,24/07/2025,"Your new company Based here in Bristol and from one of their main global offices, we are working with a long-standing, professional services' client to recruit a Senior FP&amp;A Analyst that reports into the FP&amp;A Director. Your new role This is a global role, producing and analysing business headlines from key financial results that will support the senior leadership team, providing clear insights that will ultimately drive the long-term per... ",12,https://www.reed.co.uk/jobs/senior-fp-a-analyst/55475146
55395042,432282,Oscar Technology,,,Helpdesk Support Analyst,South East England,26000.0,32000.0,GBP,21/08/2025,10/07/2025,"IT Support Technician / Helpdesk Support Analyst ?? Location: East London ?? Job Type: Full-time, Permanent ?? Salary: 24,000 - 32,000 per annum ? Join a Leading MSP &amp; IT Consultancy | Career Growth Guaranteed Calling all IT Support Technicians! We have an unmissable opportunity for a driven and ambitious IT Support Technician / Helpdesk Support Analyst to join a forward-thinking, dynamic Managed Service Provider (MSP) and IT Consultancy bas... ",242,https://www.reed.co.uk/jobs/helpdesk-support-analyst/55395042
55317948,664120,Robert Half,,,Data Engineer,London,450.0,550.0,GBP,11/08/2025,30/06/2025,"Robert Half is partnering with a leading property firm to recruit an experienced Azure Data Engineer for an initial 12-month rolling contract Role: The Data Engineer will be required too, design, develop, and maintain scalable and reliable data infrastructure Collaborate with analysts and data scientists to meet data needs Collect, clean, and process data from multiple sources Build and optimise data models and schemas Enhance performance of dat... ",271,https://www.reed.co.uk/jobs/data-engineer/55317948
55497361,419149,James Andrew Recruitment Solutions (JAR Solutions),,,Business intelligence Analyst,B233DF,300.0,400.0,GBP,09/09/2025,29/07/2025,We are currently working in partnership with a Housing Association who are recruiting for a Business Intelligence Analyst on a 6-month temporary contract (Inside IR35). Duties will include (but are not limited to): Converting stakeholder requests into Power BI dashboards Conducting in-depth data analysis to identify trends and issues Building and maintaining interactive dashboards and reports Using SQL to extract and manipulate data from various... ,99,https://www.reed.co.uk/jobs/business-intelligence-analyst/55497361
55442779,331522,Harnham - Data & Analytics Recruitment,,,Senior Product Analyst,London,55000.0,70000.0,GBP,29/08/2025,18/07/2025,"Senior Product Analyst | 70,000 Benefits | Hybrid (2x/week in Central London Office) Leading Consumer Tech Platform | Data-Led Product Innovation A high-growth, international tech platform is looking for a Senior Product Analyst to join their cross-functional product and analytics team. With millions of monthly users and rapid expansion across Europe, this business puts data at the heart of product decisions . You'll work at the intersection of ... ",26,https://www.reed.co.uk/jobs/senior-product-analyst/55442779
55420112,563531,Eden James Consulting Limited,,,Cyber Catastrophe Analyst,London,,,,26/08/2025,15/07/2025,"Cyber Catastrophe Analyst London Our client, one of the world's largest insurance groups offering both specialist insurance and reinsurance solutions, is seeking an exceptional Cyber Catastrophe Analyst to join their team. The successful candidate will support the Cyber Centre of Excellence team, working closely with the Senior Cyber Actuary to develop the group’s cyber underwriting strategy; cyber risk appetite; cyber innovation; and cyber accu... ",33,https://www.reed.co.uk/jobs/cyber-catastrophe-analyst/55420112
55516003,675969, ALTERED RESOURCING LTD,,,Database Administrator / Analyst,E17NF,,,,11/09/2025,31/07/2025,"Database Administrator/ Analyst, you’ll be at the at the centre of our database operations – supporting database growth, ensuring smooth day-to-day management, and delivering insights that help shape our marketing strategy. You’ll be the go-to expert for all things HubSpot, ensuring our data processes are top-notch and compliant with best practices. Who you are and the experience you can bring: Combined Experience : You bring a solid background ... ",23,https://www.reed.co.uk/jobs/database-administrator-analyst/55516003
55346525,331522,Harnham - Data & Analytics Recruitment,,,Senior BI Analyst,Leicester,50000.0,60000.0,GBP,14/08/2025,03/07/2025,"BI Analyst Up to 60,000 Fully remote THE CLIENT This is an exciting opportunity to join an industry-leading organisation in the finance sector. THE ROLE This role is part of a centralized team that supports the data requirements across the entire organization. You will manage the full data lifecycle, including data extraction, transformation, and loading. SKILLS AND EXPERIENCE SQL Cloud Service - Azure, AWS or GCP Financial services or similar i... ",81,https://www.reed.co.uk/jobs/senior-bi-analyst/55346525
55435940,15757,C&M Travel Recruitment,,,Commercial Revenue Analyst,London,40000.0,50000.0,GBP,14/08/2025,17/07/2025,"Commercial Revenue Analyst -&nbsp; This is an exciting new opportunity for a strategic-minded Commercial Revenue Analyst to join this ever growing Corporate Travel Management company. Hybrid with their offices in London. Paying up to circa 50K. Commercial Revenue Analyst, Responsibilities: Monitor and analyse revenue performance across different lines of business, including flights, accommodation and ground. Collaborate with the pricing team to ... ",45,https://www.reed.co.uk/jobs/commercial-revenue-analyst/55435940
55411940,683223,Young's Employment Services Ltd,,,IT Support Analyst,CT13RS,35000.0,40000.0,GBP,14/08/2025,14/07/2025,"IT Support Analyst - Up to 40,000 Good Benefits Location - Canterbury, Kent Our client is looking for an IT Support Analyst to join it’s small and busy IT Services team. This is a far-reaching role that would suit a strong all-round technical support analyst / support engineer that enjoys a varied role. The IT Support Analyst will be part of the team supporting approx. 600 - 650 users across multiple sites. You’ll provide a mix of 2nd &amp; 3rd ... ",44,https://www.reed.co.uk/jobs/it-support-analyst/55411940
55387325,331522,Harnham - Data & Analytics Recruitment,,,Senior Pricing Analyst,London,35000.0,45000.0,GBP,20/08/2025,09/07/2025,"PRICING MODELLING ANALYST UP TO 45,000 REMOTE (London) This is an exciting opportunity to take ownership of the pricing models and innovate and refresh predictive models within this companies predictive modelling suite. THE COMPANY This company is an exciting, growing business in the insurance space, offering an array of home insurance products. THE ROLE You will be doing the following daily: Develop, innovate, and update predictive models withi... ",51,https://www.reed.co.uk/jobs/senior-pricing-analyst/55387325
55383794,379777,Yolk Recruitment Ltd,,,Commercial Finance Analyst,Bridgend,35000.0,40000.0,GBP,20/08/2025,09/07/2025,"We are looking for a driven and analytical Operations Analyst to join our team. This is an exciting opportunity to play a key role in improving operational performance through data-driven insights and supporting strategic decision-making across production and financial functions. About the Role As an Operations Analyst, you will be responsible for analysing manufacturing and operational data, identifying trends and inefficiencies, and supporting... ",21,https://www.reed.co.uk/jobs/commercial-finance-analyst/55383794
55423527,575264,Reed,,,Commercial Finance Analyst,TW62UA,42000.0,47475.0,GBP,15/08/2025,15/07/2025,"Financial Data Analyst - maternity cover Job Type: 18-month FTC (Maternity Cover) Salary: 42,200 - 47,475 per annum Location: Hybrid (3 days in office, 2 days from home (after about a month and once established in role) Working Hours: Monday to Friday, 9am to 5:30pm A returning client of mine is seeking to recruit a Financial Data Analyst to focus on Revenue and Business Performance and will be the responsible gatekeeper of revenue and all contr... ",37,https://www.reed.co.uk/jobs/commercial-finance-analyst/55423527
55508806,402975,Marks Sattin,,,Interim Finance Analyst,Wakefield,150.0,200.0,GBP,27/08/2025,30/07/2025,Job Title: Interim Finance Analyst Location: Wakefield (Hybrid) Hours: 150 - 200 per day Contract: 3-6 Months About the Role Marks Sattin are delighted to be working with a long standing client who are looking to recruit a Finance Analyst for a period of 3-6 months. This is an excellent opportunitiy to join a well recognised organisation and would be suitable for someone who is well experienced and looking to develop upon their skillsets. About ... ,21,https://www.reed.co.uk/jobs/interim-finance-analyst/55508806
55539465,459526,Michael Page HR,,,Talent & Learning Analyst,Bicester,38000.0,40000.0,GBP,19/08/2025,05/08/2025,"The Talent &amp; Learning Analyst will play a key role in supporting the People department in a global organisation, focusing on managing the data surrounding talent development initiatives. This permanent role is based in Bicester and offers hybrid working. Client Details This global organisation is a well-established, mid-sized company with a strong presence in its sector. The company is known for its commitment to employee development and pro... ",8,https://www.reed.co.uk/jobs/talent-learning-analyst/55539465
55454729,659815,Newto Training,,,Trainee Data Entry Clerk,United Kingdom,,,,01/09/2025,21/07/2025,"Are you ready to start a new career in Data Analysis? The demand for Data Analysts has grown by 20% annually, with experienced professionals earning salaries upwards of 58,000. In today’s digital world, data is critical to business decision-making, making the role of a Data Analyst indispensable. As skills shortages continue to grow, the demand for qualified entry-level professionals is on the rise. With our Data Analytics career programme we wi... ",54,https://www.reed.co.uk/jobs/trainee-data-entry-clerk/55454729
55436916,524441,INTEC SELECT LIMITED,,,Service Desk Analyst,PE11QL,14.0,16.0,GBP,28/08/2025,17/07/2025,"Service Desk Analyst – IT Consultancy – 14-16 per hour Inside IR35 – Fully Onsite Overview: I’m currently partnered with a leading IT consultancy delivering innovative data and digital solutions to a range of enterprise clients across sectors including retail, healthcare, and manufacturing. The team thrives on solving complex business challenges using modern technologies and are now looking to expand their data capability with a customer-focused... ",31,https://www.reed.co.uk/jobs/service-desk-analyst/55436916
55516104,57651,Goodman Masson,,,Exposure Management Analyst,Tower Hill,55000.0,60000.0,GBP,11/09/2025,31/07/2025,"Exposure Management Analyst Location: London (Hybrid – 3 days in office per week) Salary: 60,000 15% bonus full benefits package A rare opportunity has arisen for an analytically minded and technically confident Exposure Management Analyst to join a specialist reinsurer with a focused class of business and a national-level remit. This is not a traditional catastrophe modelling role — instead, you’ll be central to a highly strategic exposure team... ",8,https://www.reed.co.uk/jobs/exposure-management-analyst/55516104
55400571,439645,GNB Partnership,,,Marketing Analyst - Hybrid,NW10AS,50000.0,60000.0,GBP,22/08/2025,11/07/2025,"Our Client Our global iGaming client has a multi-million-pound search budget focused on the UK, Europe, South America and the USA with plans to enter many new markets in 2025. The Role of Marketing Analyst They are looking for an experienced Marketing Analyst to join their Marketing Data &amp; Analytics team. In this role, you will support their Senior Marketing Analyst on the delivery of insight and marketing recommendations to the global marke... ",43,https://www.reed.co.uk/jobs/marketing-analyst-hybrid/55400571
55543077,576700,Ernest Gordon Recruitment Limited,,,Junior System Analyst,Gainsborough,25000.0,35000.0,GBP,16/09/2025,05/08/2025,"Junior System Analyst Gainsborough 25,000 - 35,000 Internal Training Company Benefits Are you a Junior System Analyst or have some experience working on ERP Systems looking to gain valuable experience for a globally recognised name? Do you want the chance to develop your technical and business systems skills within a globally respected company? You'll gain hands-on experience with enterprise software and cross-functional projects, working alongs... ",7,https://www.reed.co.uk/jobs/junior-system-analyst/55543077
55467872,595877,Nxtgen Recruitment,,,Commercial Finance Analyst,Biggleswade,28000.0,33000.0,GBP,20/08/2025,23/07/2025,"NXTGEN are delighted to be supporting a high-profile, global business in their search for a Finance Analyst. This is a brilliant opportunity for someone at the beginning of their career in Finance &amp; Accountancy, or for those with 1-2 years' experience now looking to accelerate their progression in a more commercially focused, analytical role. This Finance Analyst vacancy has come about due to an internal promotion - a clear reflection of the... ",16,https://www.reed.co.uk/jobs/commercial-finance-analyst/55467872
55337724,2763,ADLIB,,,BI Developer / Analyst,WA110QZ,40000.0,55000.0,GBP,13/08/2025,02/07/2025,"Qlik Cloud / Qlik Sense SaaS. Join a sustainability focused consultancy who have just had their best year. Fantastic career development, training and roadmap of projects. A growing, independent market-leader within the energy sector are looking for a talented BI professional to join their growing team near to St Helens (45 min commute from Warrington, Liverpool and Manchester).&nbsp; They’re looking for someone with excellent Qlik Cloud (Qlik Se... ",114,https://www.reed.co.uk/jobs/bi-developer-analyst/55337724
55466513,331522,Harnham - Data & Analytics Recruitment,,,Senior Product Analyst,London,65000.0,95000.0,GBP,03/09/2025,23/07/2025,"SENIOR PRODUCT ANALYST 65,000-95,000 STOCK OPTIONS BENEFITS CENTRAL LDN - HYBRID (3 DAYS IN OFFICE) THE COMPANY This is an exciting opportunity at a fast-growing consumer tech business on a mission to drive social impact at scale. With over 80 million raised for charity and a highly engaged customer base, this is a company that's redefining success in the for-profit space. It's a data-driven environment with the backing, pace, and ambition to ke... ",29,https://www.reed.co.uk/jobs/senior-product-analyst/55466513
55522544,477350,Michael Page Finance,,,Junior Finance Analyst,Leeds,27000.0,33000.0,GBP,15/08/2025,01/08/2025,"The Junior Finance Analyst will support the Accounting &amp; Finance department by analysing financial data, preparing reports, and assisting with budgeting processes. This role requires attention to detail and a keen interest in the detail of Financial analysis. Client Details This role is within a reputable organisation in the public sector, known for exciting, innovative, rapidly growing nature. Description Prepare financial reports and analy... ",23,https://www.reed.co.uk/jobs/junior-finance-analyst/55522544
55480247,398187,Oliver James ,,,IT Audit Analyst,London,,,,05/09/2025,25/07/2025,"IT Audit Analyst Hybrid | Data Centre Industry | Permanent A key client of ours within the data centre space is looking to appoint an IT Audit Analyst to join their team on a permanent basis. This is an excellent opportunity to work within a business-critical function, supporting audit and compliance across IT systems and infrastructure. Key Responsibilities: Support the delivery of IT audit plans and risk assessments in line with internal audit... ",44,https://www.reed.co.uk/jobs/it-audit-analyst/55480247
55439915,592421,Pension Protection Fund,,,Member Performance Analyst,CR02NA,40000.0,46000.0,GBP,08/08/2025,18/07/2025,"Member Performance Analyst Croydon with Hybrid Working 40,000 to 46,000 per annum plus Civil Service Pension We’re the Pension Protection Fund. We protect millions of people in the UK who belong to defined benefit pension schemes. When these schemes fail, we’re ready to help. We do this by paying our members, by charging a levy and by investing sustainably. Our work has a real impact on people’s lives, so we strive to do it well, with integrity ... ",14,https://www.reed.co.uk/jobs/member-performance-analyst/55439915
55510194,17696,TXP,,,Associate Fraud Analyst,London,250.0,251.0,GBP,10/09/2025,30/07/2025,We are currently seeking a Fraud Analyst to work with our public sector client 6 months contract Excellent day rate inside IR35 Location: London Bristol OR Manchester / Hybrid The ideal candidates will have a proven Fraud Analyst background within public sector ideally holding active SC clearance. Skills &amp; responsibilities: Review and triage fraud alerts from live service data. Ensuring queues &amp; workstreams are well maintained and suffic... ,42,https://www.reed.co.uk/jobs/associate-fraud-analyst/55510194
55501106,149284,Kate+Co,,,IT Systems Analyst,B908AY,,,,29/08/2025,29/07/2025,"IT Systems Analyst&nbsp; Key information:&nbsp; Full-time - 37.5 hours per week - Monday to Friday, 9am - 5pm- fully office based in Solihull. &nbsp; Are you passionate about data and tech with a talent for solving problems? We are looking for a proactive IT Systems Analyst to join our client in Solihull on a permanent basis. You will play a key part in ensuring IT systems run smoothly and data delivers real value to the business. This is a vari... ",28,https://www.reed.co.uk/jobs/it-systems-analyst/55501106
55554097,520034,Sanderson,,,Performance Analyst SC,Newcastle Upon Tyne,400.0,550.0,GBP,18/09/2025,07/08/2025,"We're seeking a highly skilled Performance Analyst with active SC Clearance to join our dynamic team, supporting a range of high-impact government or defence-related projects. You'll work at the intersection of data, strategy, and delivery-translating complex data sets into clear, actionable insights that drive decision-making across the organisation. Rate - negotiable outside Duration - 6 Months Location - Newcastle - remote Design and deliver ... ",2,https://www.reed.co.uk/jobs/performance-analyst-sc/55554097
55509966,331522,Harnham - Data & Analytics Recruitment,,,Collections Strategy Analyst,Leicester,35000.0,42000.0,GBP,10/09/2025,30/07/2025,"Collections Strategy Analyst Up to 42,000 Hybrid Leicester About the Company: I am hiring a Collections Strategy Analyst for a leading lending business based in Leicester. Within this role, you will be developing strategies for collections, to support the increase of profitability for the portfolio using tools like SAS and SQL daily. About the Role: As a Collections Strategy Analyst, you will be: Driving insight for credit risk strategy using SA... ",11,https://www.reed.co.uk/jobs/collections-strategy-analyst/55509966
55523332,664120,Robert Half,,,Senior Finance Analyst,Bristol,60000.0,70000.0,GBP,12/09/2025,01/08/2025,"Robert Half Finance &amp; Accounting are currently partnering with our client in their search of a Senior Finance Analyst (very akin to a Business Partner) on a permanent contract based in Bristol. This role is the seat that both the line manager &amp; the &quot;Head Of&quot; both sat in before progressing! It's an excellent Lead role to oversee a team but without the technicalities of being responsible for appraisals, performance management etc... ",12,https://www.reed.co.uk/jobs/senior-finance-analyst/55523332
55512948,388111,Avanti,,,Financial Analyst (CRE),EC1A1BB,60000.0,80000.0,GBP,11/09/2025,31/07/2025,"Avanti Recruitment are currently working with a FinTech company based in London that works within the PropTech sector and is looking to expand the Analytics team by hiring a Financial Analyst, with experience in Cash Flow Modelling and data analysis. The company operates in a hybrid manner, and you will be required in the office two days a week (Tuesday/Wednesday). You will find yourself joining a small company, with expanding business and blue-... ",29,https://www.reed.co.uk/jobs/financial-analyst-cre/55512948
55522655,515855,Thames Water,,,Power Resilience Analyst,RG26AD,,,,15/08/2025,01/08/2025,"Are you passionate about data and its power to drive operational resilience? Do you want to play a pivotal role in improving power resilience across thousands of assets, directly reducing harm to customers and the environment? We’re looking for a Resilience Data Analyst to join our Strategic Programme team and help shape the future of power resilience at Thames Water. What you’ll be doing as a Resilience Data Analyst This role begins as part of ... ",4,https://www.reed.co.uk/jobs/power-resilience-analyst/55522655
55516395,331522,Harnham - Data & Analytics Recruitment,,,Customer Insight Analyst,Manchester,45000.0,55000.0,GBP,11/09/2025,31/07/2025,"Customer Insight Analyst Manchester (Hybrid - 2x Days a Week in Office) 45,000- 55,000 Are you passionate about using data to transform learning experiences and drive real educational outcomes? We're working with a leading education provider undergoing a curriculum transformation and looking to bring in a Learning Analyst to sit within their high-performing Insight function. Reporting into a Senior Insight Manager, this role is a great opportuni... ",31,https://www.reed.co.uk/jobs/customer-insight-analyst/55516395
55440250,383872,Rutherford Briant,,,Graduate Finance Analyst,Romford,26000.0,32000.0,GBP,29/08/2025,18/07/2025,"Our client, a rapidly growing and dynamic business based in Essex, is currently seeking a driven and analytical Graduate Finance Analyst to join their expanding finance team. This is an exciting opportunity for a recent graduate to begin their career with a forward-thinking organisation offering real development and progression. Reporting into the Finance Manager, the Graduate Finance Analyst will play a key role in supporting financial planning... ",108,https://www.reed.co.uk/jobs/graduate-finance-analyst/55440250
55481643,666646,Summit Recruiters,,,Business Improvement Analyst,NN14EU,35000.0,40000.0,GBP,22/08/2025,25/07/2025,"Are you local to Northampton as this is an office based role? Are you naturally curious, analytical, and always looking for ways to improve how things work? Do you enjoy solving problems with data and collaborating across teams to make a real impact? If you’re someone who combines attention to detail with a big-picture mindset, and you’re excited by the idea of driving meaningful change through strategic business initiatives — this could be the ... ",20,https://www.reed.co.uk/jobs/business-improvement-analyst/55481643
55457959,479968,Addition,,,Management Information Analyst,Hertfordshire,35000.0,50000.0,GBP,02/09/2025,22/07/2025,"Management Information Analyst Data drives decisions, and this role is all about making sure those decisions are smart. Joining a leading lottery consultancy with a real appetite for insight, you’ll help shape how data informs strategy, performance, and growth in a fast-paced, high-impact environment. This is a chance to play a key role in their migration to Power BI, helping unlock better reporting and smarter business decisions. Role Overview:... ",16,https://www.reed.co.uk/jobs/management-information-analyst/55457959
55505369,477350,Michael Page Finance,,,Senior Credit Analyst,Camberley,45000.0,60000.0,GBP,13/08/2025,30/07/2025,"The role of Credit Analyst in the retail industry involves assessing financial data to evaluate credit risks and supporting decision-making within the banking &amp; financial services department. This permanent position in Camberley offers a fantastic opportunity to contribute to a key function of the business. Client Details The employer is a medium-sized organisation operating in the retail industry, with a focus on providing financial service... ",15,https://www.reed.co.uk/jobs/senior-credit-analyst/55505369
55555860,475688,VIQU IT Recruitment,,,Information Security Analyst,Northampton,300.0,400.0,GBP,18/09/2025,07/08/2025,"Information Security Analyst – 3-month contract – Northampton My Customer is seeking a detail-oriented and proactive Information Security Analyst to join their team. This role focuses on two critical areas: operational support for GDPR compliance , particularly handling Data Subject Access Requests (DSARs ), and ensuring day-to-day adherence to their Information Security Management System (ISMS). Key Responsibilities of the Information Security ... ",2,https://www.reed.co.uk/jobs/information-security-analyst/55555860
55374554,520034,Sanderson,,,Excel Reconciliation Analyst,Kent,300.0,315.0,GBP,19/08/2025,08/07/2025,"Excel Reconciliation Analyst 300/day overall assignment rate to umbrella 3-month contract Kent - hybrid working Looking for an Excel Specialist to run and develop on an ongoing basis an Excel-based reconciliation process for banking records. Excel Reconciliation Analyst, key responsibilities : Run and further develop an automated process to reconcile excel statements Strong understanding of data flows across systems Data match for production of ... ",76,https://www.reed.co.uk/jobs/excel-reconciliation-analyst/55374554
55542288,7337,Ashdown Group,,,Cyber Security Analyst,London,50000.0,55000.0,GBP,19/08/2025,05/08/2025,Cyber Security Analyst&nbsp; - Permanent full time role - Salary up to 55k plus benefits and hybrid working - Based in West London A large West London based company is looking for an experienced Cyber Analyst/Engineer to join its IT function. This is a great opportunity to join a large business that are going through operational change and growth. Duties will include: &nbsp;- Working with the wider business on ISO27001 and Cyber Essentials - Net... ,42,https://www.reed.co.uk/jobs/cyber-security-analyst/55542288
55352742,582710,BRELLIS RECRUITMENT LIMITED,,,Business Analyst,Leamington Spa,40000.0,50000.0,GBP,15/08/2025,04/07/2025,"Business Analyst Salary 40k-50k per annum Private Medical Insurance Dental Insurance Life Assurance Royal London Pension 25 holiday days bank holidays 5 days a week at the office in Leamington Spa - flexible hours as long as the core hours between 10 am and 4 pm are covered. We’re recruiting a dynamic and detail-driven Business Analyst to join a fast-paced, collaborative team based in Leamington Spa. If you're passionate about streamlining proce... ",204,https://www.reed.co.uk/jobs/business-analyst/55352742
55473192,331522,Harnham - Data & Analytics Recruitment,,,Lead Analyst Consultant,London,60000.0,80000.0,GBP,04/09/2025,24/07/2025,"Lead Analyst 60,000 - 80,000 Profit Share Hybrid - 2 days a week in London (Elephant &amp; Castle) Are you a hands-on analytics expert who loves solving complex business problems? Want to take ownership of exciting client work while helping shape the future of a growing consultancy? This Lead Analyst role offers exactly that. THE COMPANY This boutique digital and marketing analytics consultancy has built a strong reputation delivering data-drive... ",27,https://www.reed.co.uk/jobs/lead-analyst-consultant/55473192
55062132,529983,SRM RECRUITMENT LIMITED,,,Junior Systems Analyst,CF101AA,35000.0,45000.0,GBP,15/08/2025,23/05/2025,"Junior Systems Analyst Location: &nbsp;Cardiff About the Role Join this dynamic team as a&nbsp; Junior Systems Analyst , where you’ll play a key role in enhancing the performance and efficiency of their&nbsp; financial systems , with a strong focus on&nbsp; Microsoft Dynamics 365 Finance and Operations . This is a hands-on, collaborative position ideal for tech-savvy professionals passionate about&nbsp; system optimisation ,&nbsp; data analysis ... ",99,https://www.reed.co.uk/jobs/junior-systems-analyst/55062132
55415323,3754,VRS Recruitment,,,Laboratory Analyst,Crewe,27000.0,32000.0,GBP,25/08/2025,14/07/2025,"The Mass Spectrometry industry is a diverse and growing market, crucial for supplying complex and high precision analytical instrumentation to a range of scientific sectors performing bespoke analysis for a wide variety of samples and applications. Our client is a leading manufacturer of Isotope Ratio Mass Spectrometry (IRMS), and associated sample preparation systems, who provide analytical solutions for clients all over the world. Due to incre... ",32,https://www.reed.co.uk/jobs/laboratory-analyst/55415323
54732036,454779,Progresso Search,,,Asbestos Site Analyst,CM233AR,28000.0,40000.0,GBP,26/08/2025,28/03/2025,"Please note: we are only considering applicants with Asbestos experience Locations: Essex, Manchester, Newcastle, Scotland and Cardiff Our client is one of the UK’s leading environmental compliance and risk management consultancies. They specialise in providing solutions for organisations to ensure they remain compliant when managing environmental risks presented by hazards such as asbestos, fire and water. They are looking for enthusiastic Asbe... ",6,https://www.reed.co.uk/jobs/asbestos-site-analyst/54732036
55318378,278941,Greenwell Gleeson,,,FP&A Analyst,Redditch,48000.0,55000.0,GBP,11/08/2025,30/06/2025,"This is a great opportunity, to work closely with the CFO and wider business in a commercial finance role. The Role * Supporting the delivery of the 5-year financial plan, annual Group budget and monthly forecast processes. * Co-ordination and reporting of risk and opportunities to forecasts and budgets. * Provide analysis that understands and proactively addresses the commercial needs of the business and analyse KPIs against internal and extern... ",33,https://www.reed.co.uk/jobs/fp-a-analyst/55318378
55500777,331522,Harnham - Data & Analytics Recruitment,,,Senior Product Analyst,London,55000.0,70000.0,GBP,09/09/2025,29/07/2025,"Senior Product Analyst | 70K Benefits | Hybrid (Central London) A high-growth consumer tech platform is looking for a Senior Product Analyst to join its product &amp; engineering org. This is a hands-on role focused on user behaviour, A/B testing , and improving the app and web experience for millions of users across Europe. You'll help answer: Where are users dropping off in the journey, and why? Which UX experiments are moving the needle? What... ",16,https://www.reed.co.uk/jobs/senior-product-analyst/55500777
55481914,331522,Harnham - Data & Analytics Recruitment,,,Senior Product Analyst,London,55000.0,70000.0,GBP,05/09/2025,25/07/2025,"Senior Product Analyst | 70K Benefits | Hybrid (Central London) A high-growth consumer tech platform is looking for a Senior Product Analyst to join its product &amp; engineering org. This is a hands-on role focused on user behaviour, A/B testing , and improving the app and web experience for millions of users across Europe. You'll help answer: Where are users dropping off in the journey, and why? Which UX experiments are moving the needle? What... ",17,https://www.reed.co.uk/jobs/senior-product-analyst/55481914
55476052,331522,Harnham - Data & Analytics Recruitment,,,Senior Product Analyst,London,55000.0,70000.0,GBP,04/09/2025,24/07/2025,"Senior Product Analyst | 70K Benefits | Hybrid (Central London) A high-growth consumer tech platform is looking for a Senior Product Analyst to join its product &amp; engineering org. This is a hands-on role focused on user behaviour, A/B testing , and improving the app and web experience for millions of users across Europe. You'll help answer: Where are users dropping off in the journey, and why? Which UX experiments are moving the needle? What... ",19,https://www.reed.co.uk/jobs/senior-product-analyst/55476052
55469143,331522,Harnham - Data & Analytics Recruitment,,,Senior Product Analyst,London,55000.0,70000.0,GBP,03/09/2025,23/07/2025,"Senior Product Analyst | 70K Benefits | Hybrid (Central London) A high-growth consumer tech platform is looking for a Senior Product Analyst to join its product &amp; engineering org. This is a hands-on role focused on user behaviour, A/B testing , and improving the app and web experience for millions of users across Europe. You'll help answer: Where are users dropping off in the journey, and why? Which UX experiments are moving the needle? What... ",14,https://www.reed.co.uk/jobs/senior-product-analyst/55469143
55536310,331522,Harnham - Data & Analytics Recruitment,,,Senior Product Analyst,London,55000.0,70000.0,GBP,15/09/2025,04/08/2025,"Senior Product Analyst | 70K Benefits | Hybrid (Central London) A high-growth consumer tech platform is looking for a Senior Product Analyst to join its product &amp; engineering org. This is a hands-on role focused on user behaviour, A/B testing , and improving the app and web experience for millions of users across Europe. You'll help answer: Where are users dropping off in the journey, and why? Which UX experiments are moving the needle? What... ",14,https://www.reed.co.uk/jobs/senior-product-analyst/55536310
55429509,331522,Harnham - Data & Analytics Recruitment,,,Senior Product Analyst,London,55000.0,70000.0,GBP,27/08/2025,16/07/2025,"Senior Product Analyst | 70K Benefits | Hybrid (Central London) A high-growth consumer tech platform is looking for a Senior Product Analyst to join its product &amp; engineering org. This is a hands-on role focused on user behaviour, A/B testing , and improving the app and web experience for millions of users across Europe. You'll help answer: Where are users dropping off in the journey, and why? Which UX experiments are moving the needle? What... ",27,https://www.reed.co.uk/jobs/senior-product-analyst/55429509
55533776,678802,Accent Housing Group,,,Service Charge Analyst,Bradford,33195.0,33195.0,GBP,15/09/2025,04/08/2025,"Service Charge Analyst A place to drive change Location: Bradford/Burnley/Stockton, hybrid with regular travel to our schemes. Salary: 33,195 per annum Contract Type: 24 month fixed term contract Hours: 35 hours per week, Monday – Friday 9am to 5pm. We’re on a journey of transformation. We’re finding new ways to achieve our purpose of providing families with affordable, sustainable and safe homes. We’re innovating for our customers and to create... ",14,https://www.reed.co.uk/jobs/service-charge-analyst/55533776
55556698,687955,Outsource,,,Service Operations Analyst,PR18UQ,63.0,63.0,GBP,15/08/2025,07/08/2025,Job: Service Operations Analyst Company: BAE Systems Hourly Rate:&nbsp; 47.00 PAYE or 63.40 Umbrella Location : Preston or Farnborough Contract : 12 months (Opportunity to be extended) Working Hours : 37 hours per week Working Arrangements: Remote - would be expected to attend site twice per week whilst training About the Role: Would you like a role which enables you to identify and resolve repeat issues to ensure our employees receive an effici... ,1,https://www.reed.co.uk/jobs/service-operations-analyst/55556698
55545015,331522,Harnham - Data & Analytics Recruitment,,,Senior Product Analyst,London,55000.0,70000.0,GBP,16/09/2025,05/08/2025,"Senior Product Analyst | 70K Benefits | Hybrid (Central London) A high-growth consumer tech platform is looking for a Senior Product Analyst to join its product &amp; engineering org. This is a hands-on role focused on user behaviour, A/B testing , and improving the app and web experience for millions of users across Europe. You'll help answer: Where are users dropping off in the journey, and why? Which UX experiments are moving the needle? What... ",11,https://www.reed.co.uk/jobs/senior-product-analyst/55545015
55493635,331522,Harnham - Data & Analytics Recruitment,,,Senior Product Analyst,London,55000.0,70000.0,GBP,08/09/2025,28/07/2025,"Senior Product Analyst | 70K Benefits | Hybrid (Central London) A high-growth consumer tech platform is looking for a Senior Product Analyst to join its product &amp; engineering org. This is a hands-on role focused on user behaviour, A/B testing , and improving the app and web experience for millions of users across Europe. You'll help answer: Where are users dropping off in the journey, and why? Which UX experiments are moving the needle? What... ",18,https://www.reed.co.uk/jobs/senior-product-analyst/55493635
55514701,331522,Harnham - Data & Analytics Recruitment,,,Senior Product Analyst,London,55000.0,70000.0,GBP,11/09/2025,31/07/2025,"Senior Product Analyst | 70K Benefits | Hybrid (Central London) A high-growth consumer tech platform is looking for a Senior Product Analyst to join its product &amp; engineering org. This is a hands-on role focused on user behaviour, A/B testing , and improving the app and web experience for millions of users across Europe. You'll help answer: Where are users dropping off in the journey, and why? Which UX experiments are moving the needle? What... ",17,https://www.reed.co.uk/jobs/senior-product-analyst/55514701
55442781,331522,Harnham - Data & Analytics Recruitment,,,Senior Product Analyst,London,55000.0,70000.0,GBP,29/08/2025,18/07/2025,"Senior Product Analyst | 70K Benefits | Hybrid (Central London) A high-growth consumer tech platform is looking for a Senior Product Analyst to join its product &amp; engineering org. This is a hands-on role focused on user behaviour, A/B testing , and improving the app and web experience for millions of users across Europe. You'll help answer: Where are users dropping off in the journey, and why? Which UX experiments are moving the needle? What... ",26,https://www.reed.co.uk/jobs/senior-product-analyst/55442781
55434637,331522,Harnham - Data & Analytics Recruitment,,,Senior Product Analyst,London,55000.0,70000.0,GBP,28/08/2025,17/07/2025,"Senior Product Analyst | 70K Benefits | Hybrid (Central London) A high-growth consumer tech platform is looking for a Senior Product Analyst to join its product &amp; engineering org. This is a hands-on role focused on user behaviour, A/B testing , and improving the app and web experience for millions of users across Europe. You'll help answer: Where are users dropping off in the journey, and why? Which UX experiments are moving the needle? What... ",30,https://www.reed.co.uk/jobs/senior-product-analyst/55434637
55062975,331522,Harnham - Data & Analytics Recruitment,,,Senior Product Analyst,London,55000.0,70000.0,GBP,08/08/2025,23/05/2025,"Senior Product Analyst | 70K Benefits | Hybrid (Central London) A high-growth consumer tech platform is looking for a Senior Product Analyst to join its product &amp; engineering org. This is a hands-on role focused on user behaviour, A/B testing , and improving the app and web experience for millions of users across Europe. You'll help answer: Where are users dropping off in the journey, and why? Which UX experiments are moving the needle? What... ",58,https://www.reed.co.uk/jobs/senior-product-analyst/55062975
55395220,563845,Adecco ,,,HR Systems Analyst,London,45340.0,45340.0,GBP,21/08/2025,10/07/2025,"Position: HR Systems Analyst Location: SW1 Contract Type: 6 months Fixed Term Contract (end of March 26, with a view to being extended) Salary: 41,340 per annum plus a Market Supplement Allowance (MSA) of 4,000 Hours: 36 Monday - Friday Hybrid: Two days in office Wednesday and Thursday Our client is seeking a skilled HR Systems Analyst to join their HR Systems and Data Team. This role is pivotal in supporting and enhancing the new iTrent HR and ... ",64,https://www.reed.co.uk/jobs/hr-systems-analyst/55395220
55442390,563926,Akkodis,,,Power Platform Analyst,Oxfordshire,45000.0,55000.0,GBP,29/08/2025,18/07/2025,"Power Platform Analyst Full Time / Permanent 45,000 - 55,000 bonus and genuinely good benefits Remote / Hybrid - 1 day every couple of months in Midlands / Oxfordshire head office on average The Role As a Power Platform Analyst you will be required to engage with the wider IT team, Architects, delivery specialists and with third party partners to deliver integrations between the Microsoft Power Platform, primarily D365 Customer Engagement, exter... ",22,https://www.reed.co.uk/jobs/power-platform-analyst/55442390
55397450,70978,Farrer Barnes Limited,,,Senior Pricing Analyst,Hythe,65000.0,650000.0,GBP,08/08/2025,11/07/2025,"We’re working with a well-established and forward-thinking business in the travel insurance space, looking to bring a Pricing Analyst on board to play a key role in driving data-led commercial strategy.&nbsp; What you’ll be doing - You’ll support the delivery and performance of a significant insurance portfolio by analysing large datasets, optimising pricing strategies, and driving initiatives that enhance profitability, customer acquisition, an... ",16,https://www.reed.co.uk/jobs/senior-pricing-analyst/55397450
55440977,575264,Reed,,,Management Information Analyst,TW183FD,30000.0,32800.0,GBP,18/08/2025,18/07/2025,"Management Information Reporting Analyst Location: Staines Office Job Type: Full-time with hybrid working We are seeking a Management Information Reporting Analyst to join our team and help design automated processes to deliver reports for each level of stakeholder within the business. The successful candidate will provide key information to heads of departments and managers to aid business improvement, ensuring deadlines are met for board and s... ",21,https://www.reed.co.uk/jobs/management-information-analyst/55440977
55355973,432282,Oscar Technology,,,Application Support Analyst,Sheffield,50000.0,50000.0,GBP,15/08/2025,04/07/2025,"Business Applications Support Analyst - CRM Systems / Microsoft Dynamics Location: Sheffield (2 Days Onsite Sporadic Field) Salary: 50,000 Bonus We are working with a well-established national organisation in the construction sector, currently implementing Microsoft Dynamics across its operations. This is a key hire for someone with a solid background in supporting CRM systems, who understands their value in driving customer engagement and opera... ",38,https://www.reed.co.uk/jobs/application-support-analyst/55355973
55449062,424204,Ambition Europe Limited,,,Senior Pricing Analyst,London,70000.0,80000.0,GBP,31/08/2025,20/07/2025,"A truly global law who values collegiality, collaboration, and diversity is looking for a Senior Pricing Analyst to join their high performing team. As the Senior Pricing Analyst some of your duties will include: Provide pricing and financial support to Partners, Business Development, and other firm personnel in relation to client fee arrangements. Develop fee arrangement options in response to client RFPs and ad-hoc pricing requests, working di... ",33,https://www.reed.co.uk/jobs/senior-pricing-analyst/55449062
55548704,432330,Braundton Consulting Limited,,,Real Time Analyst,E154PH,29296.0,30455.0,GBP,17/09/2025,06/08/2025,"Real Time Analyst Monday to Friday, 9:00am – 5:00pm, 35 hours a week Office based 20-40% per week and 3-4 days working from home Office Locations: West Ham Lane, Stratford or L&amp;Q Office, Nexus, Manchester Salary 30,455 London based or 29,296 Manchester Our client is looking for a real time analyst to join their team. This role will aim to deliver on real time support for resource allocation &amp; customer service advisor activities in the Cu... ",2,https://www.reed.co.uk/jobs/real-time-analyst/55548704
55387009,483774,Franklin Bates,,,Data Engineer,SE120AD,62000.0,70000.0,GBP,20/08/2025,09/07/2025,"Data Engineer Contract to Permanent Skills: Python, Pandas Hybrid London Rate: c400 / day (outside) &amp; 70k Transform Sustainability with Smart Data Simulations. Ready to code for a cleaner future? A cutting-edge sustainability start-up based in Central London is seeking an experienced Data Engineer to help transform how businesses reduce their carbon footprint. If you're fluent in Python, a master of Pandas, and passionate about building anal... ",164,https://www.reed.co.uk/jobs/data-engineer/55387009
55369207,300996,Morson Talent,,,Business Cost Analyst,CH16ER,60.0,65.0,GBP,18/08/2025,07/07/2025,"Business Cost Analyst Location: Capenhurst (Hybrid working available once settled) Contract: PAYE, 60 – 65 per hour (c 520 day rate). Start Date: ASAP (12 – 18 month contract) Industry: Nuclear / Decommissioning Morson Talent is proud to be recruiting on behalf of Urenco , a global leader in nuclear fuel supply and enrichment services. We are seeking a Business Cost Analyst to join the Waste &amp; Decommissioning (W&amp;D) team. This role plays ... ",77,https://www.reed.co.uk/jobs/business-cost-analyst/55369207
55381755,449259,Rise Technical Recruitment Limited,,,Commercial Analyst Utilities,Manchester,30000.0,35000.0,GBP,20/08/2025,09/07/2025,"Commercial Analyst (Utilities) Manchester 30,000 - 35,000 Progression Training Pension Great Holiday Package GP Access Gym Discounts Are you looking for an opportunity to join a company that offers progression and has a great reputation in their industry? Do you have experience supporting a company and providing analytical support and strategic insight? This company specialises in providing multi utility solutions that make construction companie... ",25,https://www.reed.co.uk/jobs/commercial-analyst-utilities/55381755
55464206,664120,Robert Half,,,FP & A Analyst,Leeds,75000.0,85000.0,GBP,03/09/2025,23/07/2025,"FP&amp;A Manager (6-Month Fixed-Term Contract, Leeds - Hybrid Working) Robert Half is working on behalf of a dynamic company seeking an experienced FP&amp;A Manager to join their team on a 6-month fixed-term contract, with an immediate start. This role offers a hybrid working model, with three days a week in the office. About the Company: We are supporting a renowned global leader in professional services, specialising in programme management, p... ",20,https://www.reed.co.uk/jobs/fp-a-analyst/55464206
55366243,404159,Investigo,,,Finance Analyst - Projects,Havant,50000.0,60000.0,GBP,18/08/2025,07/07/2025,"Project Finance Analyst - Join a Leading Force in the Maritime Industry We're a rapidly growing Maritime business at the forefront of innovation and expansion. With a dynamic portfolio of high-value projects and a strong growth trajectory, we're now looking for a Project Finance Analyst to strengthen our finance team and help steer our success. About the Role This is a fantastic opportunity for a CIMA / ACCA / ACA qualified finance professional ... ",36,https://www.reed.co.uk/jobs/finance-analyst-projects/55366243
55435044,610164,MSA Data Analytics Ltd,,,Finance Project Analyst,Birmingham,40000.0,45000.0,GBP,28/08/2025,17/07/2025,"The successful candidate will act as a finance business partner for a range of projects across a diverse business landscape, with a particular emphasis on costing, financial evaluation, and benefit tracking. They will have demonstrable experience operating as a finance or cost analyst and, alongside BAU reporting, will play a key role in helping the business understand the full financial impact of strategic change initiatives - from initial appr... ",27,https://www.reed.co.uk/jobs/finance-project-analyst/55435044
55472622,403086,Barclay Meade,,,Senior Financial Analyst,Weybridge,55000.0,75000.0,GBP,04/09/2025,24/07/2025,"This role is with a leading global technology and solutions provider based in Weybridge. You'll lead a team of four Sales and Finance Analysts, drive project profitability, and influence key business decisions. It's a fantastic opportunity to join a dynamic, forward-thinking organisation where your insight will help shape future growth. Please note: This is a full-time, office-based role, with flexibility required for occasional project-based ev... ",63,https://www.reed.co.uk/jobs/senior-financial-analyst/55472622
55505976,477350,Michael Page Finance,,,Finance Analyst,Loughborough,45000.0,55000.0,GBP,13/08/2025,30/07/2025,"This is a newly created role for someone with strong commercial acumen and analytical skills. You will closely monitor the business performance of 4 entities with a combined T/O of c 80 million. Client Details My client is a leader in their market with a strong international presence. Rooted in the UK, they have developed and expanded in to China, USA, Germany, Japan, Australia to name a few. Their culture is incredibly entrepreneurial with cros... ",30,https://www.reed.co.uk/jobs/finance-analyst/55505976
55500593,331522,Harnham - Data & Analytics Recruitment,,,Credit Risk Analyst,London,50000.0,55000.0,GBP,09/09/2025,29/07/2025,"CREDIT RISK ANALYST UP TO 55,000 LONDON This role does not offer sponsorship. This is an exciting opportunity to join this start-up business and have a significant impact and influence on the future development of the company, as well as grow your career alongside the business THE COMPANY This business is one of the UK's newest credit card providers offering fair financial services to the UK market. This business is a FinTech, meaning they are u... ",30,https://www.reed.co.uk/jobs/credit-risk-analyst/55500593
55465600,393766,Marc Daniels,,,Commercial Finance Analyst,Feltham,45000.0,51000.0,GBP,03/09/2025,23/07/2025,Marc Daniels are working with a exciting global company based in Feltham who are looking for an experienced Commercial Finance Analyst to join their dynamic team. This is a 12 months fixed term contract role which offers hybrid working (3 days in the office. Key responsibilities: Responsible for producing several key weekly reports (e.g. trading packs and SPP reports). Support the FP&amp;A Manager in analysing the weekly results and providing co... ,69,https://www.reed.co.uk/jobs/commercial-finance-analyst/55465600
55498431,409536,Halliday Marx,,,Junior Commercial Analyst,London,35000.0,40000.0,GBP,09/09/2025,29/07/2025,Junior Commercial Finance Analyst 35-40K Central London (Hybrid Working) My client is a fast growing marketing company and are looking for a Junior Commercial Finance Analyst to join the team. Duties Include: Daily Bookings reporting including salesforce report generation and ensuring bookings and cancellations are correctly reported Report on commercial performance across a number of KPIs Management of the month end process for Revenue and cost... ,86,https://www.reed.co.uk/jobs/junior-commercial-analyst/55498431
55422633,331522,Harnham - Data & Analytics Recruitment,,,Senior Product Analyst,London,65000.0,72000.0,GBP,26/08/2025,15/07/2025,"SENIOR PRODUCT ANALYST 70,000 BENEFITS HYBRID - CENTRAL LONDON (2 DAYS IN OFFICE) THE COMPANY This is an exciting opportunity to join a leading platform business operating across multiple European markets. They're scaling fast and have recently reshaped their data function, giving this role big exposure to key decision-makers. With over 1M monthly users, data is at the heart of every product decision. THE ROLE As a Senior Product Analyst, you wi... ",35,https://www.reed.co.uk/jobs/senior-product-analyst/55422633
54949180,435615,C4S Search Ltd,,,Business Systems Analyst,LN41NJ,30000.0,35000.0,GBP,09/09/2025,06/05/2025,JOB TITLE: Business Systems Analyst LOCATION: Lincoln - office based PACKAGE: 30-35k WAY OF WORKING: Office based THE BUSINESS: My client is a family owned and highly successful service provider with a superb reputation in their industry. THE OPPORTUNITY: The role will be responsible for working in the Business Systems team to implement changes to systems at head office; maintaining / developing the business Reporting and BI infrastructure; and ... ,56,https://www.reed.co.uk/jobs/business-systems-analyst/54949180
55542523,664120,Robert Half,,,Graduate Finance Analyst,London,30000.0,32000.0,GBP,16/09/2025,05/08/2025,"Company This is a renowned transport and rail group based in central London. With over 2bn of assets under management, they invest heavily into the transportation sector providing quality technology/manufacturing in this field. As they continue to grow, they are now looking for a recent &amp; top calibre graduate to join their Commercial Finance department on a rotational scheme; with opportunity to study towards becoming a qualified Accountant.... ",37,https://www.reed.co.uk/jobs/graduate-finance-analyst/55542523
55479035,377106,Robert Walters,,,IT Compliance Analyst,Birmingham,30000.0,35000.0,GBP,05/09/2025,25/07/2025,"IT Compliance Analyst Salary : 30,000 to 35,000 Location : Birmingham Keywords : Governance, Risk and Compliance, ISO 27001, Cyber Essentials Plus, Security Questionnaires, Audit Support, Data Protection, Security Governance, Team Collaboration, Process Improvement An exciting opportunity has arisen for an IT Compliance Analyst to join a globally recognised business in Birmingham. You will play a pivotal role in ensuring the organisation's compl... ",37,https://www.reed.co.uk/jobs/it-compliance-analyst/55479035
55305236,524744,Hays Specialist Recruitment Limited,,,Operation Support Analyst,BD11EE,32000.0,38000.0,GBP,08/08/2025,27/06/2025,"Operation Support Analyst Bradford - 4 days in the office, 1 day from home Salary Range 32,000 - 38,000 Your new role You'll play a key role in supporting operational teams by gathering and reviewing data from various sources to help identify performance issues. Your insights will help plan and prioritise actions to fix problems and prevent them from happening again, contributing to the company's overall performance goals. Excellent analytical a... ",56,https://www.reed.co.uk/jobs/operation-support-analyst/55305236
55029745,411827,Belinda Roberts Ltd ,,,Energy Metering Analyst,Bury,25000.0,30000.0,GBP,17/08/2025,19/05/2025,"My client is a fast growing energy provider based in Bury. They are looking a Metering Analyst as a new addition to their team. This client is expanding and growing in 2025 - if you have energy experience - this is a great role! The primary focus of this role is to assist with the management of the businesses metering portfolio, Meter Asset Managers (MAMs) and internal and external stakeholders. The role includes industry process and project man... ",49,https://www.reed.co.uk/jobs/energy-metering-analyst/55029745
55400446,428645,Venn Group,,,HR Systems Analyst,London,41000.0,48000.0,GBP,08/08/2025,11/07/2025,"Venn Group is delighted to be partnered with a government organisation to recruit a HR Systems Analyst on a 6 month fixed-term contract. The role supports the newly implemented iTrent HR and Payroll system, focusing on system development, troubleshooting, reporting, and optimisation. Please note a Counter Terrorism Check (CTC) will be required to commence this position. Key responsibilities of the role: Lead on troubleshooting iTrent system issu... ",58,https://www.reed.co.uk/jobs/hr-systems-analyst/55400446
55400048,397447,NJR Recruitment,,,Graduate Data Scientist/Engineer,M31DQ,,,,22/08/2025,11/07/2025,"One of the fastest growing insurers in the UK is looking to hire a Graduate Data Scientist/Engineer. Headquartered in Norway, this organisation expanded into the UK in 2015 and has grown rapidly over the past seven years. As their UK operations have scaled, the systems supporting data processing, storage and analysis have evolved - but there is now an increasing need for further development to ensure these remain best-in-class. Based in Central ... ",51,https://www.reed.co.uk/jobs/graduate-data-scientist-engineer/55400048
55436609,524744,Hays Specialist Recruitment Limited,,,Technology Solutions Analyst,Coalville,43001.0,47779.0,GBP,28/08/2025,17/07/2025,"43,001 - 47,779 per annum, flexible hybrid working pattern (2 days per week in office), 35-hour week, 39 days annual leave (including statutory days), good pension scheme and other generous benefits This post is subject to DBS clearance. Hays Technology are working in partnership with a large public sector organisation in Coalville to recruit a Technology Solutions Analyst to join their Technology team on a permanent basis. Job Purpose: The succ... ",32,https://www.reed.co.uk/jobs/technology-solutions-analyst/55436609
55297780,377106,Robert Walters,,,Commercial Finance Analyst,Solihull,32000.0,35000.0,GBP,07/08/2025,26/06/2025,"Job Title: Commercial Finance Analyst Location: Shirley Salary: 32,000 - 35,000 per annum Job Type: Permanent Job Title: Commercial Finance Analyst Location: Shirley Salary: 32,000 - 35,000 per annum Job Type: Permanent Job Description: We are seeking a highly motivated and detail-oriented Commercial Finance Analyst to join our dynamic finance team in Shirley. This is a permanent role offering a competitive salary of 32,000 - 35,000 per annum. K... ",64,https://www.reed.co.uk/jobs/commercial-finance-analyst/55297780
55401987,331522,Harnham - Data & Analytics Recruitment,,,CRM Insight Analyst,Birmingham,35000.0,43000.0,GBP,22/08/2025,11/07/2025,"CRM Insights Analyst Up to 43,000 Hybrid - Birmingham (2x days per week) THE CLIENT An exciting opportunity to join a leading organisation in the travel industry. THE ROLE In this position, you will deliver insights and analysis on campaign performance, customer segmentation, and audience targeting-all aimed at increasing customer reach and engagement frequency. SKILLS Strong experience as a CRM Insight Analyst Proficiency in SQL Experience with... ",55,https://www.reed.co.uk/jobs/crm-insight-analyst/55401987
55346686,331522,Harnham - Data & Analytics Recruitment,,,Data Wrangler,London,350.0,400.0,GBP,14/08/2025,03/07/2025,"DATA WRANGLER 6-MONTHS 400 PER DAY - INSIDE IR35 HYBRID - LONDON This is an exciting opportunity for a highly analytical and detail-driven Data Wrangler to support a major forensic data analytics project. You'll be working with a specialist team to ingest, clean, and compare massive datasets from multiple complex systems - some sources containing hundreds of millions of records. The ideal candidate will thrive in ambiguity, work independently, a... ",57,https://www.reed.co.uk/jobs/data-wrangler/55346686
55436633,13610,TRI Consulting,,,Risk Analyst-Housing,N19FL,23.69,31.33,GBP,28/08/2025,17/07/2025,"A Housing Association is currently looking for a Risk Analyst on a temporary basis for about 3 months Key responsibilities are as follows Risk Identification: Identify and assess potential risks to the organization's financial stability, operational efficiency, and reputation. This includes analysing internal processes, market trends, and external factors that could pose threats Risk Assessment: Conduct thorough risk assessments to quantify the ... ",46,https://www.reed.co.uk/jobs/risk-analyst-housing/55436633
55428235,397873,Forward Role,,,Business Performance Analyst,Manchester,40000.0,50000.0,GBP,27/08/2025,16/07/2025,"Business Performance Analyst &nbsp; Manchester City Centre - Hybrid, 2 x per week in the office Our client is a rapidly growing, award-winning technology company in the financial services sector. They prioritise people, planet, and profit, creating a workplace culture that values wellbeing, development, and employee voice. They're consistently ranked among the top employers in the UK. The business has a strong track record of growth and are tran... ",72,https://www.reed.co.uk/jobs/business-performance-analyst/55428235
55398934,524744,Hays Specialist Recruitment Limited,,,Systems Analyst - RMS,Glasgow,400.0,450.0,GBP,22/08/2025,11/07/2025,"Your new company and role The Systems Analyst (RMS) will support the implementation of a new Research Management System. This role will ensure that operational processes are effectively captured and translated into system functionality, supporting the organisation's strategic goals. Process Mapping &amp; Requirements Gathering: Engage with stakeholders to document current processes and define system requirements. System Configuration &amp; Testi... ",24,https://www.reed.co.uk/jobs/systems-analyst-rms/55398934
55371022,589273,Method Resourcing,,,Data Engineer,Birmingham,55000.0,65000.0,GBP,18/08/2025,07/07/2025,?? Data Engineer (Python / SQL / Alteryx) Location: Birmingham (Hybrid) Level: Manager (no people management) Company: Global Professional Services Firm This role sits in the Tax team so previous experience within tax or auditing is preferred. We are looking for someone with strong experience in Data Engineering / Automation / Analytics to work at the cutting edge of digital transformation inside one of the UK's top advisory firms. ?? The Opport... ,60,https://www.reed.co.uk/jobs/data-engineer/55371022
55441231,625975,Wise May Ltd,,,Application Support Analyst,City of London,45000.0,55000.0,GBP,29/08/2025,18/07/2025,"Wise May are currently recruiting for an engaging and proactive Business Application Support Analyst to join a leading Global Speciality Insurance Broker. As a Business Application Support Analyst you will be a fundamental member of the IT team, responsible for providing 1st and 2nd line business application support to internal employees. This is a full time, permanent role, with hybrid working and the hours are 9am-5pm . Business Application Su... ",75,https://www.reed.co.uk/jobs/application-support-analyst/55441231
55557173,378407,Cedar,,,Senior FP&A Analyst,London,550.0,650.0,GBP,18/09/2025,07/08/2025,"Cedar is currently partnered with a private equity-backed technology and infrastructure business to secure an Interim Senior FP&amp;A Analyst. This is a 6-month contract, paying a day rate between 550-650. The Company This rapidly growing private equity-backed infrastructure business, based in London, has expanded at an impressive pace in recent years. With a focus on delivering exceptional service and innovative solutions, they are at the foref... ",14,https://www.reed.co.uk/jobs/senior-fp-a-analyst/55557173
55510678,575264,Reed,,,Systems Analyst - Workday,BS15UE,45000.0,50000.0,GBP,13/08/2025,30/07/2025,"HR Systems Analyst - Workday - 18 Month FTC&nbsp; Annual Salary: 45,000 - 50,000 Location: Bristol (Hybrid) We are seeking an HR Systems Analyst to join our team. This role involves working collaboratively across HR and the wider firm to enhance and optimise our HR processes through the innovative use of Workday technology. The ideal candidate will have a robust background in HR technology, particularly Workday, and will be instrumental in drivi... ",11,https://www.reed.co.uk/jobs/systems-analyst-workday/55510678
55443157,78194,Ryder Reid Legal Ltd,,,Senior Compliance Analyst,London,,,,15/08/2025,18/07/2025,"Senior Compliance Analyst - London | International Law Firm | Full-Time A highly regarded international law firm is seeking an experienced Senior Compliance Analyst to join its London office, supporting key AML and financial crime functions. This is a hands-on, senior-level role, ideal for a legal compliance professional with substantial experience in AML within the professional services sector. Key Responsibilities: Oversee the activities of th... ",81,https://www.reed.co.uk/jobs/senior-compliance-analyst/55443157
55480671,626303,The Portfolio Group,,,Workforce Planning Analyst,WA33TS,35000.0,35000.0,GBP,22/08/2025,25/07/2025,"Are you an experienced Workforce Planning Analyst ooking for a brand-new opportunity? If you have 1-2 years of workforce management experience, generating contact case volume forecasts, projecting staffing levels and determining optimal schedule patterns for a contact centre operation then you would be a great fit for this new role. This is an exciting opportunity to work with one of the UK's largest, well-known brands and one of the most active... ",11,https://www.reed.co.uk/jobs/workforce-planning-analyst/55480671
55369658,416896,Mitchell Adam,,,Commercial Finance Analyst,Redditch,32000.0,38000.0,GBP,18/08/2025,07/07/2025,"Overview Mitchell Adam is proud to once again partner with one of our longstanding clients, a dynamic, multi-faceted retail PLC based in South Birmingham. We are currently recruiting for a Commercial Analyst to join their head office team near Redditch. In this role, you will support the wider finance function by producing and presenting financial reports that help drive informed business decisions. You'll work with large datasets, perform detai... ",40,https://www.reed.co.uk/jobs/commercial-finance-analyst/55369658
55426568,392757,Elevation Recruitment Group,,,Senior Finance Analyst,Leeds,45000.0,50000.0,GBP,27/08/2025,16/07/2025,"Senior Finance Analyst&nbsp; Leeds (Hybrid Working) Salary: 45,000 – 50,000 Benefits Are you a qualified finance professional with strong FP&amp;A experience, a commercial mindset, and a passion for delivering high-impact insights? Elevation Senior Finance are partnered with a leading professional services firm that are seeking a Senior Finance Analyst to join their UK Commercial Finance team, based in Leeds. This is a brand new role created thr... ",18,https://www.reed.co.uk/jobs/senior-finance-analyst/55426568
55453217,527098,Devonshire Hayes Recruitment Specialists Limited,,,Application Support Analyst,Glasgow,45000.0,50000.0,GBP,18/08/2025,21/07/2025,"Devonshire Hayes have partnered with a fantastic organisation to help them secure a Application Support Analyst with Microsoft Business Central to join their team. You will be tasked with the following, Knowledge of system design, development, implementation, and user support principles and practices. Knowledge of reporting platforms and database management Knowledge of database platforms (Microsoft SQL, MySQL) Understanding of Webservices - HTM... ",21,https://www.reed.co.uk/jobs/application-support-analyst/55453217
55453209,527098,Devonshire Hayes Recruitment Specialists Limited,,,Application Support Analyst,Liverpool,45000.0,50000.0,GBP,18/08/2025,21/07/2025,"Devonshire Hayes have partnered with a fantastic organisation to help them secure a Application Support Analyst with Microsoft Business Central to join their team. You will be tasked with the following, Knowledge of system design, development, implementation, and user support principles and practices. Knowledge of reporting platforms and database management Knowledge of database platforms (Microsoft SQL, MySQL) Understanding of Webservices - HTM... ",14,https://www.reed.co.uk/jobs/application-support-analyst/55453209
55519161,313599,Harrison Holgate,,,Compliance Analyst,Southend-on-Sea,40000.0,50000.0,GBP,12/09/2025,01/08/2025,"Fantastic opportunity to join a Leading Lloyd's Broker as an Assistant to the Head of Risk &amp; Compliance Location: Preferably Southend, with London also available Sector: Insurance - Compliance Officer Salary: Up to 50,000 Job Type: Permanent Organisation Description An established Lloyd's broker, with offices in the City and Southend, is seeking an Assistant to the Head of Risk &amp; Compliance to join their distinguished team. This reputabl... ",23,https://www.reed.co.uk/jobs/compliance-analyst/55519161
55355654,85768,Additional Resources Ltd,,,Transaction Monitoring Analyst,W1W8TF,40000.0,40000.0,GBP,15/08/2025,04/07/2025,"We are currently recruiting for a Transaction Monitoring Analyst / AML Analyst to join a well-established, FCA- and PRA-regulated bank for a 3-month maternity cover contract. Reporting to the Head of Transaction Monitoring , you’ll be a key part of the team ensuring robust AML compliance and timely investigation of potentially suspicious transactions. This is an ideal opportunity for a professional with strong AML experience looking to make an i... ",218,https://www.reed.co.uk/jobs/transaction-monitoring-analyst/55355654
55520102,525972,United Utilities,,,Charges Development Analyst,Warrington,45974.0,45974.0,GBP,12/09/2025,01/08/2025,"Salary - 45,974 Work Type - Hybrid Job Location - Lingley Mere (UU), Lingley Green Avenue, Great Sankey, Warrington, WA5 3LP Role Type - Permanent Employment Type - Full Time Working Hours - 37.0 Hours per Week United Utilities’ (UU) purpose is to deliver great water for a stronger, greener and healthier North West of England. We are committed to providing our services in a way that respects the environment, supports the economy, and benefits so... ",5,https://www.reed.co.uk/jobs/charges-development-analyst/55520102
55403271,662593,Tenth Revolution Group,,,Data Engineer,London,50000.0,62000.0,GBP,23/08/2025,12/07/2025,"Location: Central London (Hybrid - 3 days in office) Salary: Up to 62,000 per annum Contract Type: Fixed Term (18 months) Are you a skilled Data Engineer looking to make a real impact in a world-renowned cultural institution? We're working with a prestigious organisation undergoing a major digital and data transformation - and they're looking for a hands-on Data Engineer to help build the foundations of their future data estate. This is a unique... ",122,https://www.reed.co.uk/jobs/data-engineer/55403271
55356615,308925,Vitae Financial Recruitment Limited,,,Senior Commercial Analyst,Watford,65000.0,75000.0,GBP,15/08/2025,04/07/2025,"Senior Commercial Analyst, Watford, Hertfordshire (Hybrid- 2 days a week in the office) 65- 75kpa plus great benefits- including Inc, Bonus, market leading pension, Medical We're looking for a commercially minded, analytically driven individual to join our clients growing Commercial Team. This is a fantastic opportunity to contribute to strategic growth, shape new product offerings, and influence decision-making through insightful analysis and r... ",27,https://www.reed.co.uk/jobs/senior-commercial-analyst/55356615
55374910,493136,Star Actuarial Futures,,,Calling all BPA analysts!,SK104EL,,,,19/08/2025,08/07/2025,"North West / hybrid 50/50 | Major Insurance Group Permanent | BPA Data and Technical Analysis Are you a talented, technically-minded analyst with a passion for data and large datasets, looking for your next career challenge within the BPA space of a major insurance group? Then read on! Star Actuarial, on behalf of a leading-edge client, is currently representing numerous vacancies for Data and Technical Analysts who will: support the implementat... ",14,https://www.reed.co.uk/jobs/calling-all-bpa-analysts/55374910
55457751,412685,Nigel Frank International,,,Power Platform & Azure Data Developer AI focused,London,60000.0,70000.0,GBP,02/09/2025,22/07/2025,"Job title: Power Platform &amp; Azure Data Developer (AI focused) Location: Central London (hybrid - 2 days on site) Salary: Up to 70,000 DOE About the role / company: This is a great opportunity to join a Pharmaceutical company in London who are growing their team. The business are in the process of delivering some of their AI strategies and are seeking a dynamic and skilled Power Platform &amp; Azure Data Developer with hands-on experience or ... ",29,https://www.reed.co.uk/jobs/power-platform-azure-data-developer-ai-focused/55457751
55449060,424204,Ambition Europe Limited,,,Finance Systems Analyst,London,,,,31/08/2025,20/07/2025,"This law firm are looking for a confident, proactive, and solutions-oriented Financial Systems Analyst to join a fast-growing, innovative firm. This is an exciting opportunity to support the day-to-day operations of the finance systems while contributing to a range of improvement initiatives and technology-driven projects. Their hybrid policy is extremely flexible which makes this opportunity stand out. They could also potentially offer fully re... ",61,https://www.reed.co.uk/jobs/finance-systems-analyst/55449060
55455438,419149,James Andrew Recruitment Solutions (JAR Solutions),,,Finance and Commercial Analyst,Birmingham,450.0,450.0,GBP,01/09/2025,21/07/2025,"Our client, based in Birmingham, is currently recruiting for a Finance and Commercial Analyst on a 6 month temporary contract. The position is due to start immediately on a full-time basis. The daily rate is 450umbrella and office presence in the city centre will be required 1-2x per week, with 3-4 days WFH. The ideal candidate will have strong financial and data handling acumen, analytical capability. Duties will include (but are not limited to... ",42,https://www.reed.co.uk/jobs/finance-and-commercial-analyst/55455438
55383237,565510,FryerMiles Recruitment,,,Graduate Finance Analyst,Guildford,25000.0,30000.0,GBP,20/08/2025,09/07/2025,"Graduate Finance Analyst- Guildford, Surrey- 25,000- 30,000 per year- On-Site FryerMiles are delighted to be supporting a fast-growing distributer of networking hardware. This is a fantastic opportunity for a graduate looking to join a fast-paced industry, forward- thinking business, and working within their busy and friendly office environment. Responsibilities include: Assist in the production of monthly management accounts and financial repor... ",50,https://www.reed.co.uk/jobs/graduate-finance-analyst/55383237
55535829,418809,Gleeson Recruitment Group,,,Interim Finance Analyst,Leicester,35000.0,40000.0,GBP,15/09/2025,04/08/2025,"Interim Finance Analyst Leicester | Up to 40,000 (day rate equivalent) 3-month with potential to go permanent | Immediate start HYBRID | 3 days in the office (5 days in for week of month end) Gleeson are delighted to be working again with one of our largest, most fast-paced organisations based in Leicester to find them an experienced Interim Finance Analyst. This is initially a 3-month temporary position with the possibility to become permanent ... ",12,https://www.reed.co.uk/jobs/interim-finance-analyst/55535829
55551574,331522,Harnham - Data & Analytics Recruitment,,,Digital Product Analyst,London,45000.0,50000.0,GBP,17/09/2025,06/08/2025,"Digital Product Analyst Location: Central London (4 days per week in-office) Salary: Up to 50,000 The Company We're working with a well-established, high-growth retail group that continues to expand its brand portfolio across the UK and internationally. As part of a company-wide transformation, they've been heavily investing in digital and analytics over the past 18 months. Their goal is to embed product performance insights at the heart of deci... ",7,https://www.reed.co.uk/jobs/digital-product-analyst/55551574
55371127,549183,Maxwell Bond,,,Information Security Analyst,HU11EJ,,,,18/08/2025,07/07/2025,Information Security Analyst Hull/Hybrid A great opportunity for an Information Security Analyst to join one of the UK’s leading enterprise manufacturing businesses. You will join a company that has experienced year on year growth and is looking to hire due to the expansion of the team. You will be part of a business driving innovation in its sector and a team the business is investing in to grow and become a critical function within its IT land... ,23,https://www.reed.co.uk/jobs/information-security-analyst/55371127
55543019,391312,High Finance (UK) Limited T/A HFG,,,Actuarial Analyst - Pricing,London,40000.0,50000.0,GBP,16/09/2025,05/08/2025,"We have partnered with a leading MGA to help find them an Actuarial Analyst for their expanding Delegated Authority &amp; Technical Oversight team. This position can be based in either London or Birmingham and offers a great opportunity for someone eager to broaden their actuarial experience across pricing, reporting, and oversight within a collaborative, forward-thinking environment. Role responsibilities: Supporting the design, development, an... ",16,https://www.reed.co.uk/jobs/actuarial-analyst-pricing/55543019
55532294,612529,Randstad Technologies,,,Business Analyst,Sunderland,39000.0,43000.0,GBP,15/09/2025,04/08/2025,"Business Analyst Location: Hybrid - Sunderland (Doxford Park) Type: Permanent | Full-Time Salary: Competitive Excellent Benefits We're working with a forward-thinking organisation undergoing an exciting transformation - and they're looking for experienced Business Analysts to join their high-impact change team. You'll support business-wide improvement initiatives, helping to shape strategy, streamline operations, and enhance customer and colleag... ",62,https://www.reed.co.uk/jobs/business-analyst/55532294
55420846,636365,CMC Markets,,,Head of Finance Systems,EC3A1AT,,,,26/08/2025,15/07/2025,"We are currently hiring a Head of Finance Systems for our team in London. This is a key role responsible for shaping and delivering the Group’s Finance Systems Strategy, with a strong focus on Oracle E-Business Suite (EBS). The Head of Finance Systems will act as the business owner for Oracle EBS, driving platform performance, user adoption and ongoing enhancements. Working closely with senior finance and IT stakeholders, the role will lead cros... ",35,https://www.reed.co.uk/jobs/head-of-finance-systems/55420846
55334292,397873,Forward Role,,,Marketing Analyst Loyalty,Bury,,,,13/08/2025,02/07/2025,"Forward Role are proud to be exclusively working with JD Sports, the highly successful global ecommerce retailer, with their HQ in Bury. We are supporting with the search for their next Marketing Analyst to join a dedicated analytics team focusing on all things Campaign, Customer and Loyalty data. The Marketing Analyst will be instrumental in driving the success of campaigns run through JD’s loyalty programme, increasing customer loyalty and val... ",32,https://www.reed.co.uk/jobs/marketing-analyst-loyalty/55334292
55557574,391312,High Finance (UK) Limited T/A HFG,,,Actuarial Analyst - Pricing,EC3V0HR,40000.0,50000.0,GBP,18/09/2025,07/08/2025,"We have partnered with a leading MGA to help find them an Actuarial Analyst for their expanding Delegated Authority &amp; Technical Oversight team. This position can be based in either London or Birmingham and offers a great opportunity for someone eager to broaden their actuarial experience across pricing, reporting, and oversight within a collaborative, forward-thinking environment. Role responsibilities: Supporting the design, development, an... ",1,https://www.reed.co.uk/jobs/actuarial-analyst-pricing/55557574
55469047,664120,Robert Half,,,Data Engineer,London,60000.0,65000.0,GBP,03/09/2025,23/07/2025,"Data Engineer - Azure / Microsoft Fabric City of London - Hybrid Working Circa 55-65k Bonus &amp; Benefits Our client, a forward-thinking and globally connected staffing &amp; consulting organization is seeking a skilled and driven Data Engineer to join their growing Data &amp; Analytics team. Based in the City of London, this role presents a fantastic opportunity for someone with 2-3 years of data engineering experience who is passionate about ... ",123,https://www.reed.co.uk/jobs/data-engineer/55469047
55465729,468659,recruit121 ,,,Pricing Analyst,Cardiff,40000.0,55000.0,GBP,03/09/2025,23/07/2025,Purpose of Role The role has been created to support our continued expansion into further services; to deliver to our existing customers and to assist with analysing the potential of future markets that the business intends or wishes to pursue. To conduct the pricing of new and existing business and support the Commercial Director with the contract management and governance of new and existing commercial relationships. Main Tasks and Objectives ... ,5,https://www.reed.co.uk/jobs/pricing-analyst/55465729
55291281,403494,YourRecruit ,,,Technical Support Analyst,RH60AD,24000.0,25000.0,GBP,17/09/2025,25/06/2025,"?? Horley | ?? 25,000 | ? Hybrid working (2-3 days in the office after training) ?? Working hours: Between 08:00-16:00, 08:30-16:30 or 09:00-17:00 Are you technically minded with strong SQL and Excel skills? Looking for an opportunity to join a growing operations team with excellent hybrid working flexibility? This could be the perfect role for you! We're recruiting for an Operations Technical Support Analyst to join a well-established, data-dri... ",21,https://www.reed.co.uk/jobs/technical-support-analyst/55291281
55478928,472032,Proactive Appointments,,,Business Analyst,Sunbury-on-Thames,400.0,425.0,GBP,05/09/2025,25/07/2025,"Business Analyst Our client is looking for a Business Analyst to start ASAP on a 6 month contract. The role has been scoped Inside IR35 so you will have to trade via an Umbrella company. Inside IR35 Hybrid working – 3 days in office (mandatory) 6 months extension You will be primarily responsible for understanding and mapping out future processes and system requirements, working closely with the IT team on project delivery for system changes and... ",224,https://www.reed.co.uk/jobs/business-analyst/55478928
55374452,80599,Sellick Partnership,,,Senior Pricing Analyst,South West England,50000.0,70000.0,GBP,19/08/2025,08/07/2025,Senior Pricing Analyst sought by a leading insurer . This is a great opportunity for an experienced analyst with strong commercial awareness to join a high-impact pricing team. Responsibilities of the Senior Pricing Analyst: Build and improve models to support commercial pricing decisions Lead end-to-end analysis of emerging trends and their impact on pricing strategy Deliver insights to help shape product performance and competitiveness Collabo... ,19,https://www.reed.co.uk/jobs/senior-pricing-analyst/55374452
55430163,12122,Executive Facilities,,,Reporting Analyst - Salesforce,SW1V1JU,60000.0,70000.0,GBP,27/08/2025,16/07/2025,"Our client is a global SaaS type company who are now seeking a Reporting Analyst based at their impressive UK headquarters in central London. This is a 12 month contract, hybrid, with 3 days a week in their offices. You will be supporting their EMEA business working directly with their sales and marketing teams, Duties Prepare sales reports and dashboards using Salesforce, MS Excel. (Tableau, or Qlikview would prove useful.) Audit data and recon... ",45,https://www.reed.co.uk/jobs/reporting-analyst-salesforce/55430163
55400343,515850,Network IT,,,Service Delivery Analyst,New Works,35000.0,45000.0,GBP,22/08/2025,11/07/2025,"Role: Service Delivery Analyst Location: Fully Remote (Initial 1 Week Induction in Birmingham) Salary: 35,000 - 45,000 Network IT are looking for a Service Delivery Analyst, someone who has exceptional experience in a SOC (Security Operations Centre) interfacing into clients and customers to ensure high standards of service delivery within the SOC. The successful candidate will join a successful and growing organisation, who are willing to back ... ",48,https://www.reed.co.uk/jobs/service-delivery-analyst/55400343
55515660,525972,United Utilities,,,Software Support Analyst,WA53LP,50480.0,50480.0,GBP,11/09/2025,31/07/2025,"Salary - 50,480.00 Work Type - Hybrid Job Location - Lingley Mere (UU), Lingley Green Avenue, Great Sankey, Warrington, WA5 3LP Role Type - Permanent Employment Type - Full Time Working Hours - 37.0 Hours per Week United Utilities’ (UU) purpose is to deliver great water for a stronger, greener and healthier North West of England. We are committed to providing our services in a way that respects the environment, supports the economy, and benefits... ",4,https://www.reed.co.uk/jobs/software-support-analyst/55515660
55318645,339759,Head Resourcing,,,Application Support Analyst,Edinburgh,45000.0,45000.0,GBP,11/08/2025,30/06/2025,"Application Support Analyst 45,000 on-call Head Resourcing is pleased to be working with a global manufacturing business with facilities across Europe, Australia, and the United States as they look to hire a talented Application Support Analyst. Our client is headquartered in Scotland and are a proud family run business with a strong IT team in which you can grow and develop. The successful candidate will provide day-to-day technical support for... ",54,https://www.reed.co.uk/jobs/application-support-analyst/55318645
55338871,391312,High Finance (UK) Limited T/A HFG,,,Senior Reserving Analyst,London,60000.0,70000.0,GBP,13/08/2025,02/07/2025,"We're partnered with a well-established global (re)insurer in the search for an Senior reserving analyst to join their growing actuarial team. It's a hands-on position role covering all aspects of reserving. You'll work closely with underwriters and finance, with scope to contribute to process improvement and automation across a variety of specialty lines. You would also have the opportunity to gain exposure with senior execs and stakeholders: K... ",36,https://www.reed.co.uk/jobs/senior-reserving-analyst/55338871
55455732,134670,Penguin Recruitment Ltd,,,Asbestos Surveyor Analyst,Lanarkshire,26000.0,32000.0,GBP,01/09/2025,21/07/2025,"Asbestos Surveyor Analyst - East Kilbride, Scotland 26,000 - 32,000 Excellent Benefits Join one of the world's fastest-growing testing and inspection companies, a global leader in ESG research and proudly recognised by Sustainalytics as an industry front-runner. Our client is seeking a driven and skilled Asbestos Surveyor Analyst to become an integral part of their expanding team in East Kilbride. This is an exciting opportunity to develop your ... ",2,https://www.reed.co.uk/jobs/asbestos-surveyor-analyst/55455732
55365265,389933,Picture More,,,Information Security Analyst,EC1A1BB,65000.0,70000.0,GBP,18/08/2025,07/07/2025,"Ready to Make an Impact in Cybersecurity? Information Security Analyst – 6-Month FTC | Global Law Firm | London/Hybrid Our client, a leading global law firm , is looking for an experienced Information Security Analyst to join their London team on a 6-month fixed-term contract . This is a fantastic opportunity to work in a high-impact role where information security is at the heart of global legal operations. Salary: Up to 70,000 per annum (pro r... ",89,https://www.reed.co.uk/jobs/information-security-analyst/55365265
55489643,392757,Elevation Recruitment Group,,,Pricing & Rates Analyst,Leeds,26000.0,29000.0,GBP,08/09/2025,28/07/2025,"Pricing &amp; Rates Analyst Leeds City Centre (Hybrid Working)&nbsp; Elevation Recruitment are recruiting for our clients fast paced &amp; growing finance team for a Pricing &amp; Rates Analyst.&nbsp; In this role, you’ll work closely with senior stakeholders to deliver high-quality reporting, refine pricing processes, and support strategic decisions that drive profitable growth across the business. Key Responsibilities: Produce and analyse pric... ",20,https://www.reed.co.uk/jobs/pricing-rates-analyst/55489643
55557799,613967,Michael Page Legal,,,Senior Finance Analyst,TA52AA,,,,21/08/2025,07/08/2025,"The Senior Finance Analyst role offers an exciting opportunity to play a pivotal part in financial planning and analysis within the Energy &amp; Natural Resources industry. This permanent position, based in Bridgwater, is ideal for those with strong expertise in accounting and finance. Client Details This position is within a well-established, large organisation in the Energy &amp; Natural Resources sector. The company is known for its commitmen... ",0,https://www.reed.co.uk/jobs/senior-finance-analyst/55557799
55493461,402975,Marks Sattin,,,PMO Analyst - ERP,London,55000.0,60000.0,GBP,08/09/2025,28/07/2025,"Our global retail client are looking for a PMO Analyst to join their team, to help with their global, multi-year, Microsoft Dynamics 365 F&amp;O ERP implementation. The PMO Analyst, based in London will report to the Head of PMO and support the successful delivery of the ERP programme by assisting with governance, planning, and execution of the D365 Global Core Model. RESPONSIBILITIES: - Drive tracking and reporting programme progress through st... ",76,https://www.reed.co.uk/jobs/pmo-analyst-erp/55493461
55320543,515583,Element Recruitment Ltd,,,Senior Finance Analyst,BS12NT,45000.0,55000.0,GBP,11/08/2025,30/06/2025,"Element Recruitment are delighted to be partnering with a forward thinking, international business in their search for a Senior Finance Analyst to join the business during an exciting period of change. Working within the business' finance team and partnering with operational stakeholders of various levels, this role will provide key information, analysis and commentary to understand and grow business performance. You will produce regular reporti... ",25,https://www.reed.co.uk/jobs/senior-finance-analyst/55320543
55533615,575264,Reed,,,Cyber Security Analyst,London,65000.0,65000.0,GBP,15/08/2025,04/08/2025,"Cyber Security Analyst c. 65,000 per annum Bedford Based Hybrid Working Permanent Join us at the Money and Pensions Service (MaPS) as a Cyber Security Analyst where you will support the Cyber Security Team with cybersecurity and IAM operations, continuous service improvement and identity management, protecting the organisation’s cloud technology platforms, data and identities. You will ensure that best practices for cybersecurity and IAM are imp... ",27,https://www.reed.co.uk/jobs/cyber-security-analyst/55533615
55345423,134670,Penguin Recruitment Ltd,,,Asbestos Surveyor Analyst,Stockport,34000.0,38000.0,GBP,14/08/2025,03/07/2025,"Join Our Growing Asbestos Team: Asbestos Surveyor/Analyst Location: Stockport, Cheshire (Field-based, covering North of England) Generous Leave: 33 days annual holiday (25 days annual 8 public holidays) Financial Security: X4 Life Assurance, Legal &amp; General Pension scheme with total contributions up to 12%, Enhanced Company Sick Pay Perks: Free Onsite Refreshments, Recommend a Friend Bonus, Perks At Work Discount Scheme Mobility: Company Car... ",5,https://www.reed.co.uk/jobs/asbestos-surveyor-analyst/55345423
55498751,611739,Strand Hill Consulting,,,Senior Analyst / Associate,EC4Y0DA,60000.0,85000.0,GBP,09/09/2025,29/07/2025,"Senior Analyst / Associate - Investments 60,000/yr - 85,000/yr An industry-leading real estate investor is seeking a talented and driven Senior Analyst or Associate to join its growing Investments team. This is a high-impact role offering full exposure to the end-to-end investment lifecycle, working closely with senior stakeholders from day one. The position provides the opportunity to contribute directly to transformative real estate transactio... ",50,https://www.reed.co.uk/jobs/senior-analyst-associate/55498751
55552105,331522,Harnham - Data & Analytics Recruitment,,,Digital Product Analyst,London,40000.0,50000.0,GBP,17/09/2025,06/08/2025,"DIGITAL PRODUCT ANALYST 40,000 - 50,000 LONDON - 4X A WEEK *Please note, this company is unable to sponsor, and you must be a UK resident to apply* THE COMPANY Join a fast-growing analytics team within a leading retail group that owns a diverse portfolio of high-street and digital brands. The business has been rapidly expanding and investing in its data capabilities over the past 18 months. This role sits within the Product Analytics pillar of t... ",10,https://www.reed.co.uk/jobs/digital-product-analyst/55552105
55386127,652147,PLANET RECRUITMENT SERVICES LTD,,,IT Security Analyst,Northampton,35000.0,40000.0,GBP,20/08/2025,09/07/2025,"Job Title - IT Security Analyst ?Salary - 35,000 - 41,000 Per annum Location - Northampton Hybrid - After 3 months' probation ? Job Purpose Our client is seeking a skilled and motivated Mid-Level Security Analyst to join their cybersecurity team. This role involves reporting to the Senior Information Security Officer, and working alongside the IT Service delivery Manager, Infrastructure Team, DevOps, and compliance teams to ensure the security o... ",66,https://www.reed.co.uk/jobs/it-security-analyst/55386127
55343132,554241,Sheridan Maine South,,,Business Systems Analyst,SP101AA,50000.0,60000.0,GBP,19/08/2025,03/07/2025,"An exciting new opportunity has arisen for a Financial Systems Analyst to join a leading manufacturing organisation based in North Hampshire. Due to organic growth, the company are seeking a motivated individual to assist with developing and improving the systems as well as delivering key reporting to the business. Working closely with all aspects of the business, key duties of the role will include: Become a super user and key point of contact ... ",49,https://www.reed.co.uk/jobs/business-systems-analyst/55343132
55462755,575264,Reed,,,Junior Finance Analyst,DN185RL,26000.0,30000.0,GBP,22/08/2025,22/07/2025,"Are you a recent graduate with a passion for numbers, a sharp analytical mind, and advanced Excel skills? Ready to kick-start your finance career in a dynamic, supportive environment? Or perhaps you are an experienced accounts professional with the desire to move into a more commercial role? If either of these apply to you,&nbsp;this could be the perfect opportunity for you. What You’ll Be Doing As a Junior Finance Analyst, you’ll work closely w... ",20,https://www.reed.co.uk/jobs/junior-finance-analyst/55462755
55535243,628940,Michael Page Banking,,,Credit Risk Analyst,London,,,,18/08/2025,04/08/2025,"This is a really unique opportunity for a ACA new qualified accountant, who is interested in exploring a role in Risk analysis. Sitting under the CRO this role offers a candidate Credit Risk analysis and direct exposure and support to the Portfolio Managers. Client Details This is a well-established organisation within the financial services industry, known for its stable operations and professional environment. As part of a medium-sized team, t... ",10,https://www.reed.co.uk/jobs/credit-risk-analyst/55535243
55368616,601092,Executive Recruit,,,Senior QC Analyst,Bristol,36000.0,45000.0,GBP,18/08/2025,07/07/2025,"Senior QC Analyst – Biotechnology Location: Bristol area (UK) Salary: ? 36,000 – 45,000 per annum plus benefits Executive Recruitment have again partnered with this leading biotech company who are pioneers in genomics and cell-based therapies to attract a Senior QC Analyst. The Bristol R&amp;D hub is at the forefront of developing cutting-edge therapeutic solutions, supported by a collaborative and innovation-driven laboratory environment. The c... ",18,https://www.reed.co.uk/jobs/senior-qc-analyst/55368616
55429840,683755,The University of Manchester,,,Organisational Design and People Change Partner,Manchester,46735.0,57422.0,GBP,27/08/2025,16/07/2025,"Job Title: Organisational Design and People Change Partner Location: Oxford Road, Manchester Salary: 46,735 to 57,422 per annum, dependent on relevant experience Job Type: Permanent, Full Time (1 FTE) Closing Date: 29/07/2025 The University of Manchester are seeking to appoint a dynamic and experienced Workforce Design, Talent &amp; Succession Partner to join their Organisational Effectiveness &amp; Culture Team The Workforce Design, Talent and ... ",5,https://www.reed.co.uk/jobs/organisational-design-and-people-change-partner/55429840
55376845,527940,Context Recruitment Limited,,,Service Desk Analyst,Corsham,28000.0,29000.0,GBP,19/08/2025,08/07/2025,"Service Desk Analyst Corsham 12 month fixed term contract - 29,000 An exciting opportunity has arisen for a Service Desk Analyst to join a fast-growing technology services provider. This role is perfect for candidates with a passion for customer service, IT support, and service delivery excellence. You'll be part of a supportive, dynamic team handling incident management, change coordination and operational reporting. Key Responsibilities: * Log... ",27,https://www.reed.co.uk/jobs/service-desk-analyst/55376845
55304202,664120,Robert Half,,,Senior Investment Analyst,Edinburgh,65000.0,80000.0,GBP,08/08/2025,27/06/2025,Robert Half is delighted to be working closely with a prominent organisation in the renewable energy sector who are seeking an experienced Senior Investment Analyst to join their Edinburgh-based team. This is a fantastic opportunity to contribute toward the growth and optimisation of one of the UK's most dynamic renewable energy portfolios while also exploring new investment opportunities in emerging technologies. The Role: This role requires a ... ,39,https://www.reed.co.uk/jobs/senior-investment-analyst/55304202
55455754,520034,Sanderson,,,Business Analyst,Norwich,500.0,525.0,GBP,01/09/2025,21/07/2025,"Our client a well known and large Insurance and Investment company is currently looking to hire an experience Business Analyst to join a growing team and work on a large merger/acquisition programme. Job Title: Business Analyst Duration: 6 Months Location: Norwich, Perth (Scotland) or London - Hybrid Working 2 Days per week On-site Day Rates: 500 to 525prd (Inside IR35, via Umbrella Company) Experience Required: Strong Business Analysis experien... ",149,https://www.reed.co.uk/jobs/business-analyst/55455754
55539554,344195,Frazer Jones,,,Interim Reward Analyst,London,300.0,350.0,GBP,16/09/2025,05/08/2025,"Job Title: Interim Reward Analyst Location: London (hybrid - 2/3 days a week in the office) Duration: Ongoing Day Rate: Approx. 300 - 350 per day Job Summary: We are seeking a highly skilled and experienced Interim Reward Analyst to work for a fantastic, London headquatered business. The successful candidate will play a critical role in supporting the organization's compensation strategy, ensuring their practices remain competitive, equitable, a... ",18,https://www.reed.co.uk/jobs/interim-reward-analyst/55539554
55144489,476702,McNally Associates Limited,,,MI & Analytics Analyst,EC3R5AR,45000.0,55000.0,GBP,10/09/2025,04/06/2025,"We are seeking a proactive and detail-oriented MI and Analytics Assistant to join our Underwriting Management team. In this role, you will support senior leadership by delivering timely and insightful reporting, developing automated solutions, and helping to shape the company’s broader MI and analytics capabilities. Key Responsibilities Assist in developing and delivering the MI and Analytics roadmap. Maintain and evolve regular MI reporting for... ",106,https://www.reed.co.uk/jobs/mi-analytics-analyst/55144489
55410358,524744,Hays Specialist Recruitment Limited,,,Senior Compliance Analyst,London,40000.0,45000.0,GBP,11/08/2025,14/07/2025,"Your new company Founded over three decades ago, this Top 40 UK accounting firm has established itself as a trusted advisor to a diverse client base ranging from owner-managed businesses to mid-market corporates and international groups. With a strong regional presence and a growing national footprint, the firm is known for its client-centric approach, technical excellence, and entrepreneurial mindset. The firm is currently executing an ambitiou... ",77,https://www.reed.co.uk/jobs/senior-compliance-analyst/55410358
55553651,664120,Robert Half,,,Senior Finance Analyst,Bridgwater,55000.0,60000.0,GBP,18/09/2025,07/08/2025,"Robert Half is recruiting for a commercially minded Senior Finance Analyst to join a dynamic finance team based in Bridgwater. This is a permanent, full-time role offering a salary of 55,000 - 60,000, with an expectation to work on-site 3 days per week. In this position, you will work closely with senior finance leaders, delivering insightful financial analysis and providing clear, practical advice to key stakeholders. As a Senior Finance Analys... ",4,https://www.reed.co.uk/jobs/senior-finance-analyst/55553651
55511929,404159,Investigo,,,Regulatory Reporting Analyst,London,45000.0,45000.0,GBP,11/09/2025,31/07/2025,"Regulatory Reporting Analyst - 12 month FTC Salary - 45,000 Location - London Hybrid - 3 days in 2 from home This integral role to one of the key energy projects in Europe is critical to being the key liaison between the Finance and Compliance team. You will be working with some of the most important internal and external stakeholders on this project. What can you expect? Analyse IFRS-based financial statements and identify adjustments required ... ",34,https://www.reed.co.uk/jobs/regulatory-reporting-analyst/55511929
55541628,494590,Broster Buchanan Ltd,,,Commercial Finance Analyst,W69PE,45000.0,50000.0,GBP,20/08/2025,05/08/2025,"Commercial Finance Analyst – Media &amp; Production ?? London (Hybrid) | ?? Permanent role | ?? Start within 2 Weeks We're working with a fast-paced, creative media business that delivers high-quality content across digital and branded formats. The team is seeking an experienced Commercial Analyst to support their finance operations through a critical period of integration and growth. This is a hands-on role, perfect for someone who enjoys getti... ",45,https://www.reed.co.uk/jobs/commercial-finance-analyst/55541628
55426639,524744,Hays Specialist Recruitment Limited,,,Delegated Authority Analyst,London,,,,27/08/2025,16/07/2025,"Your new company Your new company are Lloyd's Brokers who are global leaders in high-risk insurance. The team includes a number of professionals with expertise in data and analytics that shapes the way for everything they do. They believe that real value to their clients stems from understanding the science of risk. Due to expansion, a position for a Delegated Authority Analyst has arisen. Your new role Your new role working as a Delegated Autho... ",25,https://www.reed.co.uk/jobs/delegated-authority-analyst/55426639
55551634,563845,Adecco ,,,Business Analyst,Leeds,500.0,500.0,GBP,17/09/2025,06/08/2025,"Job Title: Business Analyst (Customer Journey Manager) Salary: 500 per day Location: Leeds Wellington Place (Hybrid - onsite 2 days per week) Contract: 6 months Hours: Full-time Are you ready to embark on an exciting journey with us? Join our dynamic team as a Customer Journey Manager and play a pivotal role in transforming how we understand and enhance customer experiences! We're on a mission to revolutionise finance for good, and we want you o... ",42,https://www.reed.co.uk/jobs/business-analyst/55551634
55509450,562482,Howells Recruitment,,,Operational Workflow Analyst,London,40000.0,45000.0,GBP,27/08/2025,30/07/2025,"Operational Workflow Analyst - 9 Month Fixed Term Contract Location: Home based with occasional national travel and stay over as required Hours: Full-time, 40 hours/week Salary: 9 Month Fixed Term Contract - 47K (Pro Rata) Are you passionate about designing smarter workflows that improve how services are delivered? We're looking for an Operational Workflow Analyst to join a national leader in service delivery and digital transformation. This is ... ",34,https://www.reed.co.uk/jobs/operational-workflow-analyst/55509450
55500485,687848,Talent Finance Ltd,,,Commercial Finance Analyst,BH165AB,35000.0,45000.0,GBP,09/09/2025,29/07/2025,"Are you a commercially minded finance professional looking for your next challenge in a fast-paced, evolving business? Talent Finance are working with a well-established and growing company near Poole, who are looking for a Commercial Finance Analyst to join their team on a 6–12 month fixed-term contract. This is a brilliant opportunity to step into a hands-on role where your insights will directly support business decisions and performance. You... ",6,https://www.reed.co.uk/jobs/commercial-finance-analyst/55500485
55496769,396101,Walsh Employment,,,Technical Support Analyst,SL98SY,32000.0,37000.0,GBP,09/09/2025,29/07/2025,"Technical Support Analyst Location: Gerrards Cross Salary: 32-37K plus excellent benefits package Our client empowers healthcare professionals to improve patient care by developing innovative, cost-effective, and tailored database systems. This is an excellent opportunity to join a collaborative and mission-driven team dedicated to improving patient outcomes through data-led solutions. Key Requirements We are looking for a technically skilled an... ",19,https://www.reed.co.uk/jobs/technical-support-analyst/55496769
55540208,316614,Faith Recruitment,,,Senior Finance Analyst,Weybridge,50000.0,75000.0,GBP,02/09/2025,05/08/2025,"Benefits Include: Competitive basic salary (DOE) 25 days annual leave Performance-based bonus (post-probation) Pension: up to 4% employee / 8.5% employer Permanent Health Insurance Group Life Assurance Flexible benefits - Dental, travel, gym, holiday buy/sell Role Overview: We are seeking a skilled and strategic Financial Analyst to lead a team of Sales and Finance Analysts, supporting senior leadership in delivering data-driven financial insigh... ",39,https://www.reed.co.uk/jobs/senior-finance-analyst/55540208
55365758,578906,City + Capital ,,,Data Engineer,W1J0AD,50000.0,65000.0,GBP,18/08/2025,07/07/2025,"City &amp; Capital are currently working with one of the UK's most dynamic and fast-growing specialist property finance lenders who are renowned for their innovation and tailored products to suit the needs of a broad range of professional borrowers, such as property developers and investors. Our client currently offers a range of property-backed loans to cover bridging finance, development exits, commercial mortgages and buy to let. Due to succe... ",98,https://www.reed.co.uk/jobs/data-engineer/55365758
55322189,392757,Elevation Recruitment Group,,,Commercial Finance Analyst,Alfreton,28000.0,33000.0,GBP,11/08/2025,30/06/2025,"Commercial Finance Analyst&nbsp; Alfreton, Derbyshire Elevation Accountancy &amp; Finance are delighted to be working with a well-established local business to recruit a Commercial Finance Analyst. This is a great opportunity for someone looking to build a long-term career in commercial finance. The role offers excellent exposure across key areas of the business and is ideal for someone eager to grow and learn.&nbsp; Key Responsibilities Generat... ",20,https://www.reed.co.uk/jobs/commercial-finance-analyst/55322189
55419499,598612,Michael Page Technology,,,Business Intelligence Analyst / Developer,Walsall,40000.0,45000.0,GBP,12/08/2025,15/07/2025,"This leading Property Organisation require a Business Intelligence Analyst / Developer to join an expanding team who are integral in their data-driven decisions transformational programme. You will play a pivotal role in helping to improve data quality, data access, and data literacy. Client Details This not-for-profit organisation, located in Walsall, is a medium-sized entity dedicated to delivering meaningful services to its community. They ar... ",97,https://www.reed.co.uk/jobs/business-intelligence-analyst-developer/55419499
55552148,377106,Robert Walters,,,Senior Financial Analyst,London,100000.0,130000.0,GBP,17/09/2025,06/08/2025,We are working with a high growth renewables business to find a Senior Financial Analyst to join their dynamic team. This role offers an exciting opportunity to join a strategic finance function. The successful candidate will generate and analyse both short-term and long-term business forecasts factoring in different growth scenarios to support strategic decision making. You will be instrumental in maintaining and enhancing sophisticated financi... ,19,https://www.reed.co.uk/jobs/senior-financial-analyst/55552148
55439542,404159,Investigo,,,Commercial Finance Analyst,London,38000.0,45000.0,GBP,29/08/2025,18/07/2025,Commercial Finance Analyst - Retail up to 45k Min 18 months previous experience in commercial finance Hybrid - 3 days in London I am recruiting for an experienced commercial finance team to join a renowned Retailer in London. This role requires someone with an inquisitive mindset with a natural flair for process improvement. You are required to have a min of 18 months previous experience in a similar role - in return this role offers fantastic e... ,96,https://www.reed.co.uk/jobs/commercial-finance-analyst/55439542
55441423,230181,Inventum Group ,,,Corporate Credit Analyst,London,60000.0,70000.0,GBP,29/08/2025,18/07/2025,"Job title: Corporate Credit Analyst Location: London Working style: Hybrid Salary: 60k- 70k A well-established London-based bank is looking for an experienced Corporate &amp; Commercial Credit Analyst to join its Corporate &amp; Commercial Banking division. This role is designed to support Relationship Managers and the Associate Director with independent credit assessments, portfolio management, and first-line risk controls. This is an excellent... ",67,https://www.reed.co.uk/jobs/corporate-credit-analyst/55441423
